Title,Author,Site,URL,Source URL,Saved At,Category
Swallowing: I Was Mike Mew’s Patient,Gabriel Smith,The Paris Review,https://read.readwise.io/read/01j1fm9bahbs43xsm061sa8gjx,https://www.theparisreview.org/blog/2024/06/24/swallowing-i-was-mike-mews-patient/?src=longreads,2024-06-28T14:34:14.738000+00:00,article
The 260 Journey,Times Square Church,,https://read.readwise.io/read/01hpkdwnc6ae2gc0k6x9kn63xr,mailto:reader-forwarded-email/923ed53c0c11fff9d2fbdaa64d219adf,2024-02-14T09:06:45.255000+00:00,email
The 260 Journey,Times Square Church,,https://read.readwise.io/read/01hpgve1jtdzymet7qak2zazy0,mailto:reader-forwarded-email/78ef43b28f5feb8a88f1832c3de212ef,2024-02-13T09:05:43.002000+00:00,email
But what about when it's hard to love?,Justin Camp from WiRE,,https://read.readwise.io/read/01hpejs1k8ncakf78esxehz2z2,mailto:reader-forwarded-email/8d846ffb33649e0a00d14cc4ebe81ac5,2024-02-12T11:55:57.417000+00:00,email
The 260 Journey,Times Square Church,,https://read.readwise.io/read/01hpe91vjrc313ap1dbactv55v,mailto:reader-forwarded-email/4533c3c5d9bb048c88aa65b056e6cd10,2024-02-12T09:06:00.409000+00:00,email
The 260 Journey,Times Square Church,,https://read.readwise.io/read/01hp6hxaacxw2ng1megaq5v37z,mailto:reader-forwarded-email/fb79937007a6a75c0959d46e55c5a7ce,2024-02-09T09:06:53.388000+00:00,email
"Home is for men, too.",Justin Camp from WiRE,,https://read.readwise.io/read/01hp49dbef6rpvaajypdpkzzbb,mailto:reader-forwarded-email/30a38d911d81f8526f97b83b5cd32421,2024-02-08T11:59:52.784000+00:00,email
The 260 Journey,Times Square Church,,https://read.readwise.io/read/01hp3zg3xh4swz0cvep4hp5ndy,mailto:reader-forwarded-email/cef92a58efa051079a45287ffc1877ad,2024-02-08T09:06:37.618000+00:00,email
The 260 Journey,Times Square Church,,https://read.readwise.io/read/01hp1cyhazdfwtj93vc9ddtyw9,mailto:reader-forwarded-email/a42d6f3388513ec787b2c9908b02528b,2024-02-07T09:03:58.304000+00:00,email
The 260 Journey,Times Square Church,,https://read.readwise.io/read/01hnytschdhaf91zzerdnjf5q5,mailto:reader-forwarded-email/1685b482c328400f31576dc3ba64736f,2024-02-06T09:08:06.318000+00:00,email
The anger that feels right in the moment,Justin Camp from WiRE,,https://read.readwise.io/read/01hnwjf7dr34vb2wmpqp5hdsxc,mailto:reader-forwarded-email/1c4e1f973e9550096ff964d39ee62988,2024-02-05T12:04:15.929000+00:00,email
The 260 Journey,Times Square Church,,https://read.readwise.io/read/01hnw844xj7jgy6dyf0pnsnvne,mailto:reader-forwarded-email/f6d0833ff0ba6544801560ea1847ffad,2024-02-05T09:03:27.155000+00:00,email
The 260 Journey,Times Square Church,,https://read.readwise.io/read/01hnmgtjz9n5nh93kwmc5zbjgt,mailto:reader-forwarded-email/bd8840aa78b5fb23be0658d29a3fbbf6,2024-02-02T09:01:35.594000+00:00,email
This is how a formula is born.,Justin Camp from WiRE,,https://read.readwise.io/read/01hnj8cxp2hrx4z353ch5tag79,mailto:reader-forwarded-email/4e23dac328474b4e0d3f71379d0d11c6,2024-02-01T11:55:50.339000+00:00,email
The 260 Journey,Times Square Church,,https://read.readwise.io/read/01hnhysb7zykrd966ehtzsesrw,mailto:reader-forwarded-email/b449cea0460f182681c632c9b36b4d7e,2024-02-01T09:07:51.679000+00:00,email
The 260 Journey,Times Square Church,,https://read.readwise.io/read/01hnfcaz6c5294zcsd7j7s94kq,mailto:reader-forwarded-email/3f36153def2bf53dd9fa19d742e27337,2024-01-31T09:06:57.356000+00:00,email
The 260 Journey,Times Square Church,,https://read.readwise.io/read/01hncsqsyc2fc853cz8vtjkzfd,mailto:reader-forwarded-email/ff412e162004e62ac979600c0e57c876,2024-01-30T09:03:26.157000+00:00,email
Just do something.,Justin Camp from WiRE,,https://read.readwise.io/read/01hnahe4qe0canas534zxfg3te,mailto:reader-forwarded-email/0fa974615716cd7346f77bcdbf85c7e1,2024-01-29T11:59:52.047000+00:00,email
The 260 Journey,Times Square Church,,https://read.readwise.io/read/01hna7exchsgw9mvt50h1ycxct,mailto:reader-forwarded-email/d726ec56b976915f100809282d812645,2024-01-29T09:05:31.538000+00:00,email
The 260 Journey,Times Square Church,,https://read.readwise.io/read/01hn2g6r9qv6dy5f3z149pvdmg,mailto:reader-forwarded-email/fa4462e5831c9e385fc665337269ac01,2024-01-26T09:04:25.912000+00:00,email
"2 men, 1 hour, & the hunt for wisdom",Justin Camp from WiRE,,https://read.readwise.io/read/01hn07w3vma5gwwzja381e8y04,mailto:reader-forwarded-email/550f5b64322d6d9f2b518e3d028f6124,2024-01-25T12:00:19.829000+00:00,email
The 260 Journey,Times Square Church,,https://read.readwise.io/read/01hmzxyqtne2g3x9tatbfwt3cz,mailto:reader-forwarded-email/c17bd6f6c80fadfdbafefd3b1af2766f,2024-01-25T09:07:00.054000+00:00,email
The 260 Journey,Times Square Church,,https://read.readwise.io/read/01hmts2w3me5pkr5rck9agq47s,mailto:reader-forwarded-email/98a0d1df3cef73631ea258174b492d74,2024-01-23T09:05:40.468000+00:00,email
The 260 Journey,Times Square Church,,https://read.readwise.io/read/01hmsk6hnprwwkw0dgn4k9n19g,mailto:reader-forwarded-email/1a497e6c82d27ca95fd98750e5b51f7c,2024-01-22T22:03:34.966000+00:00,email
"What comes before ""speak truth""?",Justin Camp from WiRE,,https://read.readwise.io/read/01hmrgx8xpyzcra0nn53pbggxs,mailto:reader-forwarded-email/e1aa9910f4b4de180a668e617a3490a1,2024-01-22T12:04:19.510000+00:00,email
The 260 Journey,Times Square Church,,https://read.readwise.io/read/01hmgfm350r9syfa65c9vat0ky,mailto:reader-forwarded-email/141bec58b84277d550c3ca22abe8ceb3,2024-01-19T09:07:54.656000+00:00,email
"Before we meet Him, we have work to do.",Justin Camp from WiRE,,https://read.readwise.io/read/01hme76xzvh7gmge0rkpst0wez,mailto:reader-forwarded-email/ac57f70d760996371ce457b11ab15587,2024-01-18T12:02:25.915000+00:00,email
The 260 Journey,Times Square Church,,https://read.readwise.io/read/01hmdxb5svewnfpmmywtbgmrv5,mailto:reader-forwarded-email/5083047917beaf3c2ad48f6e66448923,2024-01-18T09:09:59.228000+00:00,email
The 260 Journey,Times Square Church,,https://read.readwise.io/read/01hmbb0q78zfn6g9r4sb181fkx,mailto:reader-forwarded-email/653969befd08716a84db9f0cc27673c5,2024-01-17T09:11:13.385000+00:00,email
The 260 Journey,Times Square Church,,https://read.readwise.io/read/01hm8rhfw99fzks8ksc11m49q0,mailto:reader-forwarded-email/075b5566e50d59b1c197b2c5bd9bf83a,2024-01-16T09:09:51.114000+00:00,email
The Creator > His created things,Justin Camp from WiRE,,https://read.readwise.io/read/01hm6fwyd2vm2kgxhyekk4ay90,mailto:reader-forwarded-email/ff9446bd63e03a63c34ec53fa663480b,2024-01-15T12:00:20.386000+00:00,email
The 260 Journey,Times Square Church,,https://read.readwise.io/read/01hm65r2x6pghjdrzp6r14hbmk,mailto:reader-forwarded-email/0b162bf8f7759cb284f4de5d059f6e62,2024-01-15T09:02:55.399000+00:00,email
The 260 Journey,Times Square Church,,https://read.readwise.io/read/01hkyetyweypbgmvha7c80v2sz,mailto:reader-forwarded-email/6b229b87863f25604b5987949026f918,2024-01-12T09:07:51.311000+00:00,email
Go-it-alone vs. Ask-for-help,Justin Camp from WiRE,,https://read.readwise.io/read/01hkw6mh8kzf9am41k8k72h15t,mailto:reader-forwarded-email/68ee0b63d33c3e13319db05ad7064f0b,2024-01-11T12:06:03.283000+00:00,email
The 260 Journey,Times Square Church,,https://read.readwise.io/read/01hkpqdn1sge82p26pv02z629c,mailto:reader-forwarded-email/424c6b5e7dce9aa6e809a0b7ed5be4f4,2024-01-09T09:03:56.985000+00:00,email
It's a tall order to be like Jesus.,Justin Camp from WiRE,,https://read.readwise.io/read/01hkmf44metza98y45w50qv8eq,mailto:reader-forwarded-email/d0961744ef8819c9ca1129a6270b3b93,2024-01-08T12:00:27.791000+00:00,email
The 260 Journey,Times Square Church,,https://read.readwise.io/read/01hkm5dyr8z90jaqcyzckwnzzj,mailto:reader-forwarded-email/56c8197b4547f8a36cae6fe85d84787d,2024-01-08T09:11:03.688000+00:00,email
The 260 Journey,Times Square Church,,https://read.readwise.io/read/01hkce587dgqb893bjsdyc32z1,mailto:reader-forwarded-email/0eec734ff573cd65f7540490878758b6,2024-01-05T09:09:40.206000+00:00,email
"Our new hearts? Turns out, they're not all alike.",Justin Camp from WiRE,,https://read.readwise.io/read/01hka4xy2kn01bcmn0y4zz6xrk,mailto:reader-forwarded-email/f7c51e96d33936bac2cea0eb5c26599f,2024-01-04T11:49:54.388000+00:00,email
The 260 Journey,Times Square Church,,https://read.readwise.io/read/01hk9vc3jsz4k3yr7y51n6r735,mailto:reader-forwarded-email/ecd1f2b7665918068f53afa512b54c70,2024-01-04T09:02:53.017000+00:00,email
The 260 Journey,Times Square Church,,https://read.readwise.io/read/01hk79fa4jw25fk5dsy6v5s8f4,mailto:reader-forwarded-email/542d0468e81d5e68b091b6f66d1c148f,2024-01-03T09:11:34.803000+00:00,email
Happy New Year!,Justin Camp from WiRE for Men,,https://read.readwise.io/read/01hk60vbsq7amvh23xzvmj3eka,mailto:reader-forwarded-email/cb0ad064bcf5449c9d142ccdbe6c6252,2024-01-02T21:21:38.103000+00:00,email
"With confidence, draw near",Justin Camp from WiRE,,https://read.readwise.io/read/01hk2drh9jggwmz6at8rmvjs98,mailto:reader-forwarded-email/ad6f6726dccd06173099d459701995f4,2024-01-01T11:50:19.186000+00:00,email
Please help! Please hurry! 🪩,Justin Camp from WiRE for Men,,https://read.readwise.io/read/01hk0ta8rdscjfft4a9c7tjej6,mailto:reader-forwarded-email/f13255a325d11112f930f765b9ce702b,2023-12-31T20:51:14.318000+00:00,email
URGENT: Only a few hours left ⏰,Justin Camp from WiRE for Men,,https://read.readwise.io/read/01hjzvgvncy8zxwvmvnk3ffsgq,mailto:reader-forwarded-email/e4d2097bffd56d70cd0816dbbb668ee4,2023-12-31T11:53:04.428000+00:00,email
I've got something great for you! ✨,Justin Camp from WiRE for Men,,https://read.readwise.io/read/01hjtpsgvryqy4446dqn4hwhrj,mailto:reader-forwarded-email/64551e8771986c9552bb231d2b92ebc2,2023-12-29T11:54:13.240000+00:00,email
God > All Trouble,Justin Camp from WiRE,,https://read.readwise.io/read/01hjr46s8hdsa0wrjpz6js8vfq,mailto:reader-forwarded-email/9eb275618a34b36ad8550c81be3768b4,2023-12-28T11:50:56.018000+00:00,email
you’re asking me hard questions,Justin Camp from WiRE for Men,,https://read.readwise.io/read/01hjpw9hc0bfw3ry1s43e3k24k,mailto:reader-forwarded-email/c502d94d4ebf1b4bbc8c6a90de379cf1,2023-12-28T00:13:23.201000+00:00,email
The 260 Journey,Times Square Church,,https://read.readwise.io/read/01hjjp6rs28g6ng19ch10krxn8,mailto:reader-forwarded-email/78588bb8fe016599d7af2a0af7fe1de8,2023-12-26T09:10:03.298000+00:00,email
My favorite line from a poem this Christmas ✍🏻,Justin Camp from WiRE,,https://read.readwise.io/read/01hjgczwqjjjecxxhdnrqfe381,mailto:reader-forwarded-email/658dc9b27a31f7d3362c211f73b06f2b,2023-12-25T11:50:31.923000+00:00,email
The 260 Journey,Times Square Church,,https://read.readwise.io/read/01hjg3qjg9ssgggd9g2x9ck5ah,mailto:reader-forwarded-email/7fdeeb912d7e6a90893c277db0a3005f,2023-12-25T09:08:42.122000+00:00,email
why all this tension is okay,Justin Camp from WiRE for Men,,https://read.readwise.io/read/01hj9kq14cf7qntxr5f6nw43f8,mailto:reader-forwarded-email/b3fcff3c241cd16f5c47b2b82ab9fe38,2023-12-22T20:33:20.524000+00:00,email
The 260 Journey,Times Square Church,,https://read.readwise.io/read/01hj8c96dmfh6bt8pywwxmyjcp,mailto:reader-forwarded-email/6af0cc8edfd68b05b370565508131cf9,2023-12-22T09:04:12.724000+00:00,email
Holding on too long,Justin Camp from WiRE,,https://read.readwise.io/read/01hj6qphhep7ttmyygx4pwfgs7,mailto:reader-forwarded-email/44f7d17e9634c0b8d768cb18446b4684,2023-12-21T17:45:15.566000+00:00,email
The 260 Journey,Times Square Church,,https://read.readwise.io/read/01hj5t1nmht12sbw97sntmrrh3,mailto:reader-forwarded-email/8ca0ee593aa9d3f5b14538a34af605bb,2023-12-21T09:07:02.930000+00:00,email
what I'm up to,Justin Camp from WiRE for Men,,https://read.readwise.io/read/01hj4q1wrmdk4aqp30gfztfq4s,mailto:reader-forwarded-email/ad337c0ef6e72d323b7c389fea2d1650,2023-12-20T22:55:30.069000+00:00,email
The 260 Journey,Times Square Church,,https://read.readwise.io/read/01hj0n4v30dpa9zz6p0ng5nkh5,mailto:reader-forwarded-email/f28d898caadfbd3981946c6be9e4c5d7,2023-12-19T09:05:11.776000+00:00,email
More of what was & less of what wasn't,Justin Camp from WiRE,,https://read.readwise.io/read/01hhyeehvbs6ja21ysgqbwbyh0,mailto:reader-forwarded-email/f5fd7d0424973a939cf640698f0c1ef2,2023-12-18T12:29:41.099000+00:00,email
The 260 Journey,Times Square Church,,https://read.readwise.io/read/01hhy2ze392q5da68bwzvtm759,mailto:reader-forwarded-email/d366cc9fb2db5c3ea7a9d488dba7a2bc,2023-12-18T09:09:11.402000+00:00,email
what God has for you,Justin Camp from WiRE for Men,,https://read.readwise.io/read/01hhnekm31x0z10p8zs2tbb7gf,mailto:reader-forwarded-email/ed7331dd57ba6e21b1b7353a04a1a023,2023-12-15T00:39:17.345000+00:00,email
Do your failures make you a failure?,Justin Camp from WiRE,,https://read.readwise.io/read/01hhm2mnemc81qehwvgm0dmbyk,mailto:reader-forwarded-email/8e31933a59bb92f7ba5a3389ac85434a,2023-12-14T11:50:54.164000+00:00,email
The 260 Journey,Times Square Church,,https://read.readwise.io/read/01hhksay8mfq3ehet4jmwyvqmm,mailto:reader-forwarded-email/f18cf4ae70a881be1f9e5be0870f28db,2023-12-14T09:08:18.324000+00:00,email
The 260 Journey,Times Square Church,,https://read.readwise.io/read/01hhh6p1m895nagwgwy1smrs24,mailto:reader-forwarded-email/7cc3dc2fef3829b17902f72e5cf5714d,2023-12-13T09:03:50.408000+00:00,email
memory vs. imagination vs. wonder,Justin Camp from WiRE for Men,,https://read.readwise.io/read/01hhfy0cwfs07p1tjah2r08jdf,mailto:reader-forwarded-email/63e97dc67f27e66bcb414c17205ce56e,2023-12-12T21:12:57.999000+00:00,email
The 260 Journey,Times Square Church,,https://read.readwise.io/read/01hhemdd9x1rpn8tver6frpjpn,mailto:reader-forwarded-email/9c7971d46083018fae78f1125c61133b,2023-12-12T09:06:04.221000+00:00,email
What's the point of your blessings?,Justin Camp from WiRE,,https://read.readwise.io/read/01hhcbctzeakx8ve5mdjsa72zy,mailto:reader-forwarded-email/818d76a6d5428064a855a75bd079f775,2023-12-11T11:49:59.407000+00:00,email
The 260 Journey,Times Square Church,,https://read.readwise.io/read/01hhc2442b5bdd1kwwncenra8r,mailto:reader-forwarded-email/cc7b4f6521934de8ab4db6a4c2ba6d35,2023-12-11T09:07:56.620000+00:00,email
how to harness the power you have,Justin Camp from WiRE for Men,,https://read.readwise.io/read/01hh5c9mfyb1egksbag2m8jc2z,mailto:reader-forwarded-email/dd9d040f488d4e8fad95652dd98af732,2023-12-08T18:51:02.015000+00:00,email
The 260 Journey,Times Square Church,,https://read.readwise.io/read/01hh4axz5kyra0a5250fb7nmzf,mailto:reader-forwarded-email/56342e658e46f01852f25628305de1d5,2023-12-08T09:07:56.723000+00:00,email
"When ""Go Big"" Backfires",Justin Camp from WiRE,,https://read.readwise.io/read/01hh21vm5hbxpnrhmnwz4580gv,mailto:reader-forwarded-email/7ab5eb08746ac3972517e4e5ead2ead8,2023-12-07T11:50:53.873000+00:00,email
The 260 Journey,Times Square Church,,https://read.readwise.io/read/01hh1rk1jbafhkj391gczq3jjf,mailto:reader-forwarded-email/6dbf486ee758e9973ee495ab5976549b,2023-12-07T09:08:55.499000+00:00,email
you are a part of something powerful,Justin Camp from WiRE for Men,,https://read.readwise.io/read/01hh0fgn45qys8fj7sfjphsr10,mailto:reader-forwarded-email/fbb3a28404e287caa258710b6ac8569f,2023-12-06T21:11:05.605000+00:00,email
The 260 Journey,Times Square Church,,https://read.readwise.io/read/01hgz69mdkgnxj57af4pjc7jb9,mailto:reader-forwarded-email/2887fb763ccb92ab58a78ed33fbfc454,2023-12-06T09:10:43.891000+00:00,email
The 260 Journey,Times Square Church,,https://read.readwise.io/read/01hgwm1bsk3gvm6wh7g9b54ct2,mailto:reader-forwarded-email/7d12d26c9b3411fab0e0a16ec9237118,2023-12-05T09:13:09.684000+00:00,email
When do you feel it most?,Justin Camp from WiRE,,https://read.readwise.io/read/01hgttqevgnwkx18kxexcx32w3,mailto:reader-forwarded-email/619697174565b8a634fb2c7bacdffcfe,2023-12-04T16:31:36.304000+00:00,email
The 260 Journey,Times Square Church,,https://read.readwise.io/read/01hgt1ae3r0g3me2gbtt2dva2j,mailto:reader-forwarded-email/b81b0b813d713f0dcf4faa5d327f2163,2023-12-04T09:07:35.160000+00:00,email
The 260 Journey,Times Square Church,,https://read.readwise.io/read/01hgj9xxs62sn6xrh7gaj0312k,mailto:reader-forwarded-email/93a6f7f181a1e650e269184519eb82af,2023-12-01T09:04:06.950000+00:00,email
The when/then lie,Justin Camp from WiRE,,https://read.readwise.io/read/01hgg13x43nvbac9j02rkh8tp1,mailto:reader-forwarded-email/d5fe0fdb35609642ec4bfa9dfbd8cbf1,2023-11-30T11:51:36.835000+00:00,email
The 260 Journey,Times Square Church,,https://read.readwise.io/read/01hgfqtbhgr3aphnk23bhbjc96,mailto:reader-forwarded-email/2baf6a0b17bce1c62569fc27a6bdf167,2023-11-30T09:09:06.737000+00:00,email
The 260 Journey,Times Square Church,,https://read.readwise.io/read/01hgd5n07rvkya2jsv93ra37hx,mailto:reader-forwarded-email/9e8ec36aeccb9f73af643a0d4f04a458,2023-11-29T09:13:08.088000+00:00,email
don’t miss out on your gift 🎁,Justin Camp from WiRE,,https://read.readwise.io/read/01hgbwycp71z065f74bvfxhvny,mailto:reader-forwarded-email/0f83b13e38502ae494a80e583a09a7cd,2023-11-28T21:21:44.136000+00:00,email
something you may not know 🧐,Justin Camp from WiRE,,https://read.readwise.io/read/01hgb2e9ne3vbarcatzzzhd9ns,mailto:reader-forwarded-email/d41232b834f3d796bf3213faf1a2a9c1,2023-11-28T13:38:33.774000+00:00,email
The 260 Journey,Times Square Church,,https://read.readwise.io/read/01hgajk0mxphy80z11ph2bj7zn,mailto:reader-forwarded-email/d6d01adf34ef37d24cc5ffaad1fc18ff,2023-11-28T09:01:31.165000+00:00,email
"All in, all out, or lukewarm?",Justin Camp from WiRE,,https://read.readwise.io/read/01hg89qfj165wpdawhxrvyzqq9,mailto:reader-forwarded-email/0b5a62e2d0ddf4552e809a8ad3db051b,2023-11-27T11:48:11.457000+00:00,email
The 260 Journey,Times Square Church,,https://read.readwise.io/read/01hg8060yqgm6g3xznep9tpdbr,mailto:reader-forwarded-email/2bf2d68d71bf0aeb24e0252d5cc35b63,2023-11-27T09:01:22.264000+00:00,email
"Get one of my favorite books, a Christian classic 📖",Justin Camp from WiRE,,https://read.readwise.io/read/01hg6mgcffvrhwhq1qd4ere692,mailto:reader-forwarded-email/1881dba01af05318a04d964b4845dc60,2023-11-26T20:18:04.400000+00:00,email
The 260 Journey,Times Square Church,,https://read.readwise.io/read/01hg09h994111vyptgee8vmtxw,mailto:reader-forwarded-email/12c4abf50d27014df36709d7026cb0a3,2023-11-24T09:10:52.965000+00:00,email
What can men know for sure this Thanksgiving,Justin Camp from WiRE,,https://read.readwise.io/read/01hfxvhwq5gjstsmx4zde5eqh4,mailto:reader-forwarded-email/cd77344255190121b0683580f5c1e711,2023-11-23T10:28:03.942000+00:00,email
The 260 Journey,Times Square Church,,https://read.readwise.io/read/01hfxq8gv3w8cp9m4pnpf7cxnw,mailto:reader-forwarded-email/a84d0821fdd2fe68ac9134f29451ddd4,2023-11-23T09:13:02.564000+00:00,email
The 260 Journey,Times Square Church,,https://read.readwise.io/read/01hfv4816cwytsfdb052qj6kkk,mailto:reader-forwarded-email/3d00b2e0c5b0b89c96b75836ff3a84ce,2023-11-22T09:02:14.732000+00:00,email
The 260 Journey,Times Square Church,,https://read.readwise.io/read/01hfrj8x048aen0ncs5jmwah8x,mailto:reader-forwarded-email/b58ff49339c4be62500653eb6b844d37,2023-11-21T09:09:39.973000+00:00,email
"Your faith, your envy, and what the heck is the point?",Justin Camp from WiRE,,https://read.readwise.io/read/01hfp8xejmsaph1bcpfaf0wywt,mailto:reader-forwarded-email/ae63b6bcdd988a16236b1c9649409871,2023-11-20T11:47:38.709000+00:00,email
The 260 Journey,Times Square Church,,https://read.readwise.io/read/01hfnzr2494ak2jb2e2qwjs070,mailto:reader-forwarded-email/9fa46f25f908b1869fbb92512f6921a5,2023-11-20T09:07:24.937000+00:00,email
How to remember your story,Justin Camp from WiRE,,https://read.readwise.io/read/01hfbzc4hk636hxa45tcevy8mn,mailto:reader-forwarded-email/572b66335ac09868c9bc538a7231b84d,2023-11-16T11:48:29.876000+00:00,email
The 260 Journey,Times Square Church,,https://read.readwise.io/read/01hfbntaw0z9s0mjmj7200ptar,mailto:reader-forwarded-email/f8ae5ea79db581cb88f230093e36721c,2023-11-16T09:01:29.345000+00:00,email
The 260 Journey,Times Square Church,,https://read.readwise.io/read/01hf93n24pzycj4b4ztdwwtkk5,mailto:reader-forwarded-email/ebac1fa334045d660a0f472e6511a7af,2023-11-15T09:05:33.334000+00:00,email
The 260 Journey,Times Square Church,,https://read.readwise.io/read/01hf6h3n2jb4qqke994bdbdt71,mailto:reader-forwarded-email/3b20917a5730614f834f5ad730c6fa4d,2023-11-14T09:02:59.666000+00:00,email
Something's coming ==> So what?,Justin Camp from WiRE,,https://read.readwise.io/read/01hf489a4twcwnfthmcrepnr29,mailto:reader-forwarded-email/2e25e05aab61a958128d68437e2313cd,2023-11-13T11:50:19.034000+00:00,email
The 260 Journey,Times Square Church,,https://read.readwise.io/read/01hf3yzeqk0n4jmyfcxc9c5bft,mailto:reader-forwarded-email/77f6a03316b1e0bbd5a0cc93058070da,2023-11-13T09:07:38.867000+00:00,email
The 260 Journey,Times Square Church,,https://read.readwise.io/read/01hew7rwba5ndk1w37qxqq37he,mailto:reader-forwarded-email/a9ade748fa1d9dfd938ebb1fbbba69ca,2023-11-10T09:07:25.162000+00:00,email
Who's in your circle?,Justin Camp from WiRE,,https://read.readwise.io/read/01hesyr084qjgyh3g7pqepa5zv,mailto:reader-forwarded-email/b535cae4da41212ff7f17ae447572251,2023-11-09T11:51:10.341000+00:00,email
The 260 Journey,Times Square Church,,https://read.readwise.io/read/01hesnnewcmb2rmvty2yzw0v9b,mailto:reader-forwarded-email/4b5849d688a9a264a9b8a583e8768836,2023-11-09T09:12:29.837000+00:00,email
The 260 Journey,Times Square Church,,https://read.readwise.io/read/01heq2s4xnnjdnha6k72wv8cbk,mailto:reader-forwarded-email/997c4db3ff5a42a037eaad584a47e3e5,2023-11-08T09:03:58.901000+00:00,email
The 260 Journey,Times Square Church,,https://read.readwise.io/read/01hemgaf9es3c85dghgdbm7jm8,mailto:reader-forwarded-email/4c180136ab372e62868d6933d91442a7,2023-11-07T09:02:54.766000+00:00,email
Jesus doesn't wear a (superhero) cape,Justin Camp from WiRE,,https://read.readwise.io/read/01hejcy8zf65r6th0bhfyws44a,mailto:reader-forwarded-email/57a0831465d85981b5cebbef39836c09,2023-11-06T13:25:20.495000+00:00,email
The 260 Journey,Times Square Church,,https://read.readwise.io/read/01hehy2qs8rnkcgmkacecejv7z,mailto:reader-forwarded-email/7b288d5ae8534e91c2c11fb838e08e56,2023-11-06T09:05:38.089000+00:00,email
The 260 Journey,Times Square Church,,https://read.readwise.io/read/01hea3qn6d83b9g92wbepa41j9,mailto:reader-forwarded-email/59345b5ab58c5c20dae87bc2d473d08a,2023-11-03T08:10:30.989000+00:00,email
Sacred Opportunity > Your Busyness,Justin Camp from WiRE,,https://read.readwise.io/read/01he7yyksjbrc7e4386gtnm4a3,mailto:reader-forwarded-email/3f6c6fe75107ec89e507aaaabae5bf0b,2023-11-02T12:08:27.186000+00:00,email
The 260 Journey,Times Square Church,,https://read.readwise.io/read/01he7h0ptrry2zpw7mpde9mas6,mailto:reader-forwarded-email/427e14230026ef8de63f34141b6281d5,2023-11-02T08:04:55.769000+00:00,email
Have 30 seconds for a quick question?,Justin Camp from WiRE,,https://read.readwise.io/read/01he5va3gez408fejmpscjqyzr,mailto:reader-forwarded-email/ce6496d65b46f484ae4b4b8e6b6499bf,2023-11-01T16:26:20.559000+00:00,email
The 260 Journey,Times Square Church,,https://read.readwise.io/read/01he4yvycyscfw2s73f08ckwe8,mailto:reader-forwarded-email/dbbc875ce78f3cb72a1e25113e641398,2023-11-01T08:09:16.447000+00:00,email
The 260 Journey,Times Square Church,,https://read.readwise.io/read/01he2ckfja2gteb9vsqgwnsa94,mailto:reader-forwarded-email/848294248cc4452e1ed27bd65468bfbe,2023-10-31T08:11:35.882000+00:00,email
Hero ==> Hero Worship,Justin Camp from WiRE,,https://read.readwise.io/read/01he07sfmdg782ytkqg4zvbqbn,mailto:reader-forwarded-email/9fa4efd3cf93e877f9b9c52263e2dc7a,2023-10-30T12:09:00.813000+00:00,email
The 260 Journey,Times Square Church,,https://read.readwise.io/read/01hdzt1xdmpyqj5zmm707xenkm,mailto:reader-forwarded-email/fb4116d02578ee62c2c3ba2711a91028,2023-10-30T08:08:57.013000+00:00,email
The 260 Journey,Times Square Church,,https://read.readwise.io/read/01hdr2h23tb04fdxsn1tzcwnj0,mailto:reader-forwarded-email/b6c04263eed67023046e2cc818b56e0c,2023-10-27T08:03:06.491000+00:00,email
Rebuild & Repair,Justin Camp from WiRE,,https://read.readwise.io/read/01hdny0rr1qrywnx4rbsf353cg,mailto:reader-forwarded-email/5400414fe8cb5dcfaa8e22fafadadbf0,2023-10-26T12:05:49.442000+00:00,email
The 260 Journey,Times Square Church,,https://read.readwise.io/read/01hdngjtg6pkkgg77vf8g1v72k,mailto:reader-forwarded-email/fdeade67e30fe9c94127812f53eb3ce5,2023-10-26T08:11:00.999000+00:00,email
The 260 Journey,Times Square Church,,https://read.readwise.io/read/01hdjy6873pcswprfd4w41bxwx,mailto:reader-forwarded-email/47f618bafd89c7a28cb0b63fd1f4df90,2023-10-25T08:11:05.828000+00:00,email
The 260 Journey,Times Square Church,,https://read.readwise.io/read/01hdgbk52etygghffde099yaq1,mailto:reader-forwarded-email/b901bea2eefa1ce7d5e0915e6c5bb579,2023-10-24T08:07:36.783000+00:00,email
The world is using the wrong measuring stick,Justin Camp from WiRE,,https://read.readwise.io/read/01hde6ta4nj9h7m7xf779pzg87,mailto:reader-forwarded-email/20604ccdc8a189e66abc2dc67cf24294,2023-10-23T12:05:39.606000+00:00,email
The 260 Journey,Times Square Church,,https://read.readwise.io/read/01hdds660yv422e2j9zs2rzhk2,mailto:reader-forwarded-email/100fcecdfa63083c59fad935da49f545,2023-10-23T08:07:28.542000+00:00,email
The 260 Journey,Times Square Church,,https://read.readwise.io/read/01hd6262q6ts3nq4p80f6k6j3s,mailto:reader-forwarded-email/20026991a41e42c5d1c2c2996a9d4c02,2023-10-20T08:10:46.887000+00:00,email
With Friends Like These . . .,Justin Camp from WiRE,,https://read.readwise.io/read/01hd3x7tkcnrztvdntv0z5qadx,mailto:reader-forwarded-email/1252d39a4f0784488de34979b3463b7c,2023-10-19T12:05:52.365000+00:00,email
The 260 Journey,Times Square Church,,https://read.readwise.io/read/01hd0x1gj7y5e734rfdsc4cfb8,mailto:reader-forwarded-email/fb64d2d6e3f0c46ac833053b802219be,2023-10-18T08:04:42.183000+00:00,email
The 260 Journey,Times Square Church,,https://read.readwise.io/read/01hcyaq2vgkafzh1g2hjapkn08,mailto:reader-forwarded-email/a9df496c34f6b54822f0ccbc59aa955a,2023-10-17T08:05:57.233000+00:00,email
Do you have a battle plan?,Justin Camp from WiRE,,https://read.readwise.io/read/01hcw68wmdbzy8dnkvxmyrnmk4,mailto:reader-forwarded-email/ba82159498f89d2c1e39803f0e39eb59,2023-10-16T12:09:48.941000+00:00,email
The 260 Journey,Times Square Church,,https://read.readwise.io/read/01hcvr358kjfw0te9rk7j49qbd,mailto:reader-forwarded-email/89379bc48cf0e727f79a7796427fa93f,2023-10-16T08:02:01.107000+00:00,email
The 260 Journey,Times Square Church,,https://read.readwise.io/read/01hcm147v5z28tpjged87z2k7p,mailto:reader-forwarded-email/2fddbb69315b04f71cb74c80b26efc2f,2023-10-13T08:05:58.246000+00:00,email
"Stay salty, brother",Justin Camp from WiRE,,https://read.readwise.io/read/01hchwkdjm57ab0vrbjbrrdade,mailto:reader-forwarded-email/c3bde54daa279daee1183cb2b1076cc8,2023-10-12T12:08:23.892000+00:00,email
The 260 Journey,Times Square Church,,https://read.readwise.io/read/01hchexg6b62texmxbdkjefd20,mailto:reader-forwarded-email/ee2bc460003bc461dac4052a427960f8,2023-10-12T08:09:14.188000+00:00,email
The 260 Journey,Times Square Church,,https://read.readwise.io/read/01hcewdjtvts2mj8r5tvn6a2d6,mailto:reader-forwarded-email/9c7c9765e5b112445e5d38846caceb1e,2023-10-11T08:07:29.371000+00:00,email
The 260 Journey,Times Square Church,,https://read.readwise.io/read/01hcc9t8jr75j7mjpeje3eym0p,mailto:reader-forwarded-email/ddea0a8d5b6c32518c256af2361df9d8,2023-10-10T08:03:53.048000+00:00,email
What is your rallying cry?,Justin Camp from WiRE,,https://read.readwise.io/read/01hca5drsr99ng0kdaydekaf40,mailto:reader-forwarded-email/9f5a68df01a9fcbba0d6e6d8c80bba9f,2023-10-09T12:08:40.504000+00:00,email
The 260 Journey,Times Square Church,,https://read.readwise.io/read/01hc9qm2nd97a33nyh4mxcjarq,mailto:reader-forwarded-email/c4292a14667fa029122e4fa1997695e4,2023-10-09T08:07:27.150000+00:00,email
The 260 Journey,Times Square Church,,https://read.readwise.io/read/01hc20d51d82dkkn1hchypve97,mailto:reader-forwarded-email/7094fa3e1c19c32d32042ea43c34a472,2023-10-06T08:07:01.934000+00:00,email
It's not confession if we don't say the words,Justin Camp from WiRE,,https://read.readwise.io/read/01hbzvzfh82vj8q79mjtrfjspa,mailto:reader-forwarded-email/d11970140a9bf6d6e713a31981f6736c,2023-10-05T12:11:10.760000+00:00,email
The 260 Journey,Times Square Church,,https://read.readwise.io/read/01hbzdxw581d8raft1psbre513,mailto:reader-forwarded-email/20a74bed07d896a7cdd10dd0ab8e5e86,2023-10-05T08:05:38.089000+00:00,email
The 260 Journey,Times Square Church,,https://read.readwise.io/read/01hbwvh2w09w6zm5ymh56z0qr8,mailto:reader-forwarded-email/d093b4da27c0e965f5da56228644841c,2023-10-04T08:05:35.744000+00:00,email
The 260 Journey,Times Square Church,,https://read.readwise.io/read/01hbt95mj7tr6akmbvy8hgae59,mailto:reader-forwarded-email/e6674cfba8f8827ed48f92e9c6220d4e,2023-10-03T08:06:17.416000+00:00,email
"""I've got this"" ==> Really?",Justin Camp from WiRE,,https://read.readwise.io/read/01hbr4kn9k7mryjtycd1ary1cc,mailto:reader-forwarded-email/fac39a27f1289b4600bda4e41a9ca395,2023-10-02T12:08:05.172000+00:00,email
The 260 Journey,Times Square Church,,https://read.readwise.io/read/01hbqpmb9qmphhdj8a87j32zfk,mailto:reader-forwarded-email/d0e8c86d2456fb583a869a6db3f3a550,2023-10-02T08:03:47.639000+00:00,email
The 260 Journey,Times Square Church,,https://read.readwise.io/read/01hbfzkv326txktfne41bhed3m,mailto:reader-forwarded-email/2be9d7c29bc5a117dd16187dd4fe32fd,2023-09-29T08:06:52.771000+00:00,email
Are you brave enough to take Paul's challenge?,Justin Camp from WiRE,,https://read.readwise.io/read/01hbdwcnqrtptsgvac3kxmn5vp,mailto:reader-forwarded-email/6e6d0336f908b7a8273e155c476113da,2023-09-28T12:32:03.320000+00:00,email
The 260 Journey,Times Square Church,,https://read.readwise.io/read/01hbdd673qb2tqg4fe23fjr9bx,mailto:reader-forwarded-email/bb1d8c0544e3cd949e4a187e694e4f10,2023-09-28T08:06:23.095000+00:00,email
The 260 Journey,Times Square Church,,https://read.readwise.io/read/01hbatv1fx259qczpz3a37kfgg,mailto:reader-forwarded-email/dcca971f27458675e539aeec3015b94b,2023-09-27T08:07:13.662000+00:00,email
The 260 Journey,Times Square Church,,https://read.readwise.io/read/01hb88d5a8n76cmsbtnswwskzt,mailto:reader-forwarded-email/bef12fd09a8f2d2b0e2acf8833b844f0,2023-09-26T08:06:35.592000+00:00,email
Real men need brotherhood,Justin Camp from WiRE,,https://read.readwise.io/read/01hb640bvbtqw0nnrb8w3wpdwh,mailto:reader-forwarded-email/da68abd04ffeb7b13279a53a08bc540c,2023-09-25T12:11:13.132000+00:00,email
The 260 Journey,Times Square Church,,https://read.readwise.io/read/01hb5p1tv23ge81905hnnynhz9,mailto:reader-forwarded-email/f903dae5468dfe022d2284dffbcbbd4d,2023-09-25T08:07:21.186000+00:00,email
The 260 Journey,Times Square Church,,https://read.readwise.io/read/01haxykafmh9rfz2p3k1xy65qr,mailto:reader-forwarded-email/d9a52ac6206cae7bd63133aa40b269ff,2023-09-22T08:02:47.412000+00:00,email
Don't give up yet,Justin Camp from WiRE,,https://read.readwise.io/read/01havt7wkh18vsjzvhq34k16jp,mailto:reader-forwarded-email/3fca1dc4a52c2819296d345a6063929f,2023-09-21T12:08:09.585000+00:00,email
The 260 Journey,Times Square Church,,https://read.readwise.io/read/01havccmt5204n049ygs1dzakg,mailto:reader-forwarded-email/30cd878c226441f0b6ec1890e1c16fcc,2023-09-21T08:06:05.382000+00:00,email
The 260 Journey,Times Square Church,,https://read.readwise.io/read/01hart060mkh8q88n51bvvq4sw,mailto:reader-forwarded-email/33089d661beb058b363ab47af248aac4,2023-09-20T08:06:13.780000+00:00,email
Words of Honor,Justin Camp from WiRE,,https://read.readwise.io/read/01ham34jra1q0e8esygnf861aq,mailto:reader-forwarded-email/a02bddf90f74f97c3495755802ad1f97,2023-09-18T12:09:42.923000+00:00,email
The 260 Journey,Times Square Church,,https://read.readwise.io/read/01hakn155fpv2mqg92bapjv19v,mailto:reader-forwarded-email/7d92739242575be59bbebb2d6c9eeed5,2023-09-18T08:03:10.639000+00:00,email
The 260 Journey,Times Square Church,,https://read.readwise.io/read/01habxr1np2rgshj78safdtt7j,mailto:reader-forwarded-email/400ebbf38d939d98ccb0fe51e1d858d7,2023-09-15T08:01:33.879000+00:00,email
What real humility is ... and what it isn't,Justin Camp from WiRE,,https://read.readwise.io/read/01ha9sgzd6f21zxazqgztkf4ef,mailto:reader-forwarded-email/50389227d2cd118ec3fb31e1dcdc5228,2023-09-14T12:09:19.015000+00:00,email
The 260 Journey,Times Square Church,,https://read.readwise.io/read/01ha9bn0jd11cpty5jwmjy213j,mailto:reader-forwarded-email/9923ccfb059d06b74a2225cc2cc1b961,2023-09-14T08:06:51.214000+00:00,email
The 260 Journey,Times Square Church,,https://read.readwise.io/read/01ha6s1w6fvzrk8ecgfmf070er,mailto:reader-forwarded-email/472bad48476e04c4a358da2eb4418474,2023-09-13T08:03:20.911000+00:00,email
The 260 Journey,Times Square Church,,https://read.readwise.io/read/01ha46k8tt5jk44kez84wyd7ep,mailto:reader-forwarded-email/8ea5ad7a49b369e536e644985dfd440f,2023-09-12T08:02:19.098000+00:00,email
Want Some Courage?,Justin Camp from WiRE,,https://read.readwise.io/read/01ha22cx3nhkkvmdme96jbhbbs,mailto:reader-forwarded-email/b475b167e66fa034dc207154a47f5797,2023-09-11T12:10:27.318000+00:00,email
The 260 Journey,Times Square Church,,https://read.readwise.io/read/01ha1meazvbgwsb2d76jdpwy27,mailto:reader-forwarded-email/dd05d8320c675a5a4b35ba73fed6d919,2023-09-11T08:06:34.236000+00:00,email
The 260 Journey,Times Square Church,,https://read.readwise.io/read/01h9sxaka4cawmnbhw4by8v7yt,mailto:reader-forwarded-email/522618151462eeed9bd813a78243b56e,2023-09-08T08:07:53.413000+00:00,email
What's the Bold Move?,Justin Camp from WiRE,,https://read.readwise.io/read/01h9qrrzv0f4d2694qddhm655n,mailto:reader-forwarded-email/404396bab16279d1157bf80d328033ca,2023-09-07T12:09:53.248000+00:00,email
The 260 Journey,Times Square Church,,https://read.readwise.io/read/01h9qajmn9tbyd3r3n0bq1vhq7,mailto:reader-forwarded-email/82abde7dbb9c052ce04de8e95bc5608d,2023-09-07T08:01:45.129000+00:00,email
The 260 Journey,Times Square Church,,https://read.readwise.io/read/01h9mra2hnhxac2efy8c524wje,mailto:reader-forwarded-email/af579064229f681882044cf47161621f,2023-09-06T08:04:01.206000+00:00,email
The 260 Journey,Times Square Church,,https://read.readwise.io/read/01h9j64c2x0163sqw8ft2jbh06,mailto:reader-forwarded-email/cacfa480b63ba9f22f2ab2b7af9bc02e,2023-09-05T08:07:51.133000+00:00,email
Designed for danger,Justin Camp from WiRE,,https://read.readwise.io/read/01h9g1mvzdezc034srzsmaad95,mailto:reader-forwarded-email/b60e4411ffb7fa237c7739160258eab2,2023-09-04T12:10:59.950000+00:00,email
The 260 Journey,Times Square Church,,https://read.readwise.io/read/01h9fkg4vva6ys7h6pdkqt2xv1,mailto:reader-forwarded-email/25daf7f6034e581643f2e571278d3b22,2023-09-04T08:03:45.148000+00:00,email
The 260 Journey,Times Square Church,,https://read.readwise.io/read/01h97w9pknhfn7n5y30ays5msa,mailto:reader-forwarded-email/e6e711561b73ca32bc67d3f07fa1e277,2023-09-01T08:03:35.669000+00:00,email
Real Men Get Sleep,Justin Camp from WiRE,,https://read.readwise.io/read/01h95r6k7kqekwqevwxhqywyw7,mailto:reader-forwarded-email/178cac15310a35d9e666badf7a4da7c2,2023-08-31T12:13:30.739000+00:00,email
The 260 Journey,Times Square Church,,https://read.readwise.io/read/01h959w8w1tp6cth1t8kw1qngh,mailto:reader-forwarded-email/eb8f0417a76a4f1d4f3fb59d07a343bb,2023-08-31T08:03:12.385000+00:00,email
The 260 Journey,Times Square Church,,https://read.readwise.io/read/01h92qhb1pazaz5z002b04r9he,mailto:reader-forwarded-email/f7613518dea1ae3ed5ab08c27aa1c00b,2023-08-30T08:04:10.934000+00:00,email
The 260 Journey,Times Square Church,,https://read.readwise.io/read/01h905999p4ddpzdwrjgb4cz7b,mailto:reader-forwarded-email/f91f0e69a98fb1cef52972c45f385fed,2023-08-29T08:06:43.766000+00:00,email
Sick of worrying about money?,Justin Camp from WiRE,,https://read.readwise.io/read/01h8y11fgjbznsygasefkdz4bq,mailto:reader-forwarded-email/b9d7993ac722a841ba67b413614b4b39,2023-08-28T12:14:04.819000+00:00,email
The 260 Journey,Times Square Church,,https://read.readwise.io/read/01h8xjm8n7qahgqnzghmj5f85k,mailto:reader-forwarded-email/5a505b89875caa34db66d6dbf6914a3f,2023-08-28T08:02:11.752000+00:00,email
The 260 Journey,Times Square Church,,https://read.readwise.io/read/01h8nvmrvx1xz825bwpqdgth8e,mailto:reader-forwarded-email/99f06597f0a439e6f4f25ae5da09ae01,2023-08-25T08:05:50.078000+00:00,email
Identifying your sweet spot,Justin Camp from WiRE,,https://read.readwise.io/read/01h8kqntsxgw0c6aevkqzte62b,mailto:reader-forwarded-email/04e1d7c1f46f512048daf29166d22c18,2023-08-24T12:18:01.662000+00:00,email
The 260 Journey,Times Square Church,,https://read.readwise.io/read/01h8k8zcqt7zwh5vr3znaetsxn,mailto:reader-forwarded-email/ab7fc0e7294badcc46f3e6083299a6ee,2023-08-24T08:01:06.299000+00:00,email
The 260 Journey,Times Square Church,,https://read.readwise.io/read/01h8e4fcktbh3xz16bf7rt6gw8,mailto:reader-forwarded-email/3f797587a4c0894f8d2b0ed44cdac457,2023-08-22T08:06:15.419000+00:00,email
Doing Too Many Things?,Justin Camp from WiRE,,https://read.readwise.io/read/01h8c00xab9d1afjvkqczb3evp,mailto:reader-forwarded-email/a476b8cf79f9db3eafa0963c27b9bc46,2023-08-21T12:09:57.835000+00:00,email
The 260 Journey,Times Square Church,,https://read.readwise.io/read/01h8bj5ambxcmp4n25xy9spqcr,mailto:reader-forwarded-email/db6349465df600ac619997d8fa9835ca,2023-08-21T08:07:42.475000+00:00,email
The 260 Journey,Times Square Church,,https://read.readwise.io/read/01h83tz329tkz3f917d88ng52r,mailto:reader-forwarded-email/8b8e1922a27b6e774c983292cc148bf9,2023-08-18T08:07:39.850000+00:00,email
"More margin, please",Justin Camp from WiRE,,https://read.readwise.io/read/01h81q25rhffzewa0dyp4vx0kx,mailto:reader-forwarded-email/e98f5db0d31e324d8a28491939b47569,2023-08-17T12:20:57.745000+00:00,email
The 260 Journey,Times Square Church,,https://read.readwise.io/read/01h818ckjqvce4za8avg0h0hs1,mailto:reader-forwarded-email/feccdd505531bb0efd76ce1f964aee00,2023-08-17T08:04:30.936000+00:00,email
The 260 Journey,Times Square Church,,https://read.readwise.io/read/01h7yp5m38mxjqthfthwf41tgk,mailto:reader-forwarded-email/16cad91d54f8f3cd6115c898058cf465,2023-08-16T08:07:38.857000+00:00,email
The 260 Journey,Times Square Church,,https://read.readwise.io/read/01h7w3n8ncrrekg3n9fgcthh4h,mailto:reader-forwarded-email/661195b42b85aca2bd05e1c304a5e306,2023-08-15T08:05:39.628000+00:00,email
Be That Guy,Justin Camp from WiRE,,https://read.readwise.io/read/01h7szepwst6ks3wq3874pmp9c,mailto:reader-forwarded-email/34a604f9c60caa28985c82b35ee88ac8,2023-08-14T12:13:41.657000+00:00,email
The 260 Journey,Times Square Church,,https://read.readwise.io/read/01h7sh2bjx01a919nc44zmympz,mailto:reader-forwarded-email/f936fcc4bfb0eb686a049bab9181f1ed,2023-08-14T08:02:16.797000+00:00,email
The 260 Journey,Times Square Church,,https://read.readwise.io/read/01h7hstb303b2mfdqb9k4bgd7g,mailto:reader-forwarded-email/12f6432f02bc9a45948250de2279639a,2023-08-11T08:01:15.872000+00:00,email
Who's influencing your family?,Justin Camp from WiRE,,https://read.readwise.io/read/01h7fnrbn8wjzbpsn1anw43xgq,mailto:reader-forwarded-email/31a67242f646bccf4732a5e0b99cc561,2023-08-10T12:11:47.753000+00:00,email
The 260 Journey,Times Square Church,,https://read.readwise.io/read/01h7f7daw0x29afb38f70gg9n3,mailto:reader-forwarded-email/4e689f59c6632b845764983cc0a96a4e,2023-08-10T08:01:06.432000+00:00,email
The 260 Journey,Times Square Church,,https://read.readwise.io/read/01h7cn20pxgm2t8ewk30qhst3c,mailto:reader-forwarded-email/c5c70cb56e90e8fc73b9f924d50aee7b,2023-08-09T08:01:52.349000+00:00,email
The 260 Journey,Times Square Church,,https://read.readwise.io/read/01h7a2pbfsyz0yc1m2st150bd3,mailto:reader-forwarded-email/619e7fcade487ba31c42d5b72632dd7a,2023-08-08T08:02:26.937000+00:00,email
Alone at Work?,Justin Camp from WiRE,,https://read.readwise.io/read/01h77ystbv396n0h6wcb95emb8,mailto:reader-forwarded-email/9578938ded41fd8415994b451f5cdb9a,2023-08-07T12:15:57.308000+00:00,email
The 260 Journey,Times Square Church,,https://read.readwise.io/read/01h77ghr0j97n768ka2jvja0b3,mailto:reader-forwarded-email/ce5cacf0eb813fc65b1c7380ebc947d6,2023-08-07T08:06:52.690000+00:00,email
The 260 Journey,Times Square Church,,https://read.readwise.io/read/01h6zs8q9kbeebsxb57s8k3ps2,mailto:reader-forwarded-email/ca8e4daf85cb6e19e9429a757e89ab09,2023-08-04T08:05:18.772000+00:00,email
Want to Get Stronger?,Justin Camp from WiRE,,https://read.readwise.io/read/01h6xn2d9nr04dnvn6t6f63txh,mailto:reader-forwarded-email/4f17200ce99222511c99f75ea4713f8e,2023-08-03T12:13:28.757000+00:00,email
The 260 Journey,Times Square Church,,https://read.readwise.io/read/01h6x6p8mn2tsetd38t5adehq1,mailto:reader-forwarded-email/b0e0b5e29fd3b5ca8cdd458828a49daf,2023-08-03T08:02:10.710000+00:00,email
The 260 Journey,Times Square Church,,https://read.readwise.io/read/01h6tn4ryy22gg98mda5ctaz58,mailto:reader-forwarded-email/5a89ed6b8ffcc27b5924dbebd7529c04,2023-08-02T08:17:02.943000+00:00,email
The 260 Journey,Times Square Church,,https://read.readwise.io/read/01h6r27rh733zhvbveffady90n,mailto:reader-forwarded-email/42e2893282f1c29bd1f4f2ccb4e570d5,2023-08-01T08:08:09+00:00,email
"Easy to mistake, easy to deny",Justin Camp from WiRE,,https://read.readwise.io/read/01h6nxthy8hz1p36k2zyykwmb3,mailto:reader-forwarded-email/6c2e6a72fda60733afa9f113876b9be8,2023-07-31T12:12:33.096000+00:00,email
The 260 Journey,Times Square Church,,https://read.readwise.io/read/01h6nfjns4dgtgap9enxawtkbc,mailto:reader-forwarded-email/5cfde663577ecf3d77643ff07d040b8c,2023-07-31T08:03:34.820000+00:00,email
The 260 Journey,Times Square Church,,https://read.readwise.io/read/01h6drk6agchgwmap3cxhv0297,mailto:reader-forwarded-email/237b41b4f062c8503b4db6fc73021edb,2023-07-28T08:07:13.489000+00:00,email
"Was that you, God? Or was that just me?",Justin Camp from WiRE,,https://read.readwise.io/read/01h6bmh0ezdq254cnfn1g4z4s0,mailto:reader-forwarded-email/f384c6627d827906e1c025616a4b6e95,2023-07-27T12:17:38.783000+00:00,email
The 260 Journey,Times Square Church,,https://read.readwise.io/read/01h6b62jbrd62yrhrmnbaey63b,mailto:reader-forwarded-email/815d01fa4c6c270547704a446f6a5817,2023-07-27T08:05:05.528000+00:00,email
The 260 Journey,Times Square Church,,https://read.readwise.io/read/01h68kp0spg8j6dxjknm4bqy1j,mailto:reader-forwarded-email/c58016c33a00b9cc58cf057573287d76,2023-07-26T08:05:11.095000+00:00,email
The 260 Journey,Times Square Church,,https://read.readwise.io/read/01h6617k3rc7wjrsxtcmb87fga,mailto:reader-forwarded-email/bb80e3e9614efef245defd7f33722dca,2023-07-25T08:04:15.097000+00:00,email
Heard God Through Others?,Justin Camp from WiRE,,https://read.readwise.io/read/01h63xbhna8ad4rshy0wqvcbp6,mailto:reader-forwarded-email/e1d3bebd0591f9a6dfd3bb01590865f2,2023-07-24T12:18:01.514000+00:00,email
The 260 Journey,Times Square Church,,https://read.readwise.io/read/01h63ezbea4q53dcsdgq0yqctp,mailto:reader-forwarded-email/027ca7d2451fe030aba8da5facc6c443,2023-07-24T08:06:41.867000+00:00,email
"What does the still, small voice sound like?",Justin Camp from WiRE,,https://read.readwise.io/read/01h5sk94eekm66cmaa8dfnwx3t,mailto:reader-forwarded-email/d7b5c8d2ba6b04cfedb9b02aefaaeb72,2023-07-20T12:09:32.367000+00:00,email
The 260 Journey,Times Square Church,,https://read.readwise.io/read/01h5s544zmdpsjchcc25tvc4wq,mailto:reader-forwarded-email/412b44ab0578dfb784f3eba84fb69a10,2023-07-20T08:02:09.013000+00:00,email
The 260 Journey,Times Square Church,,https://read.readwise.io/read/01h5pk0afxe4phevjj6tk3v6vm,mailto:reader-forwarded-email/14bac44314663d88b4d310bad3cbaeda,2023-07-19T08:07:00.350000+00:00,email
The 260 Journey,Times Square Church,,https://read.readwise.io/read/01h5m0bqf3gv5avk1e122ez8pm,mailto:reader-forwarded-email/d95293a9773596047c33507ad8360c49,2023-07-18T08:02:42.276000+00:00,email
"Abraham, Moses, David...and me?",Justin Camp from WiRE,,https://read.readwise.io/read/01h5hw3ttat71yjeg112473tvx,mailto:reader-forwarded-email/d529f25d64d017ca979437fde800d86b,2023-07-17T12:10:00.395000+00:00,email
The 260 Journey,Times Square Church,,https://read.readwise.io/read/01h5he2q6qrdkb35b8vf3c9wg9,mailto:reader-forwarded-email/95b42a26dba06cc25bf06e2772fe806a,2023-07-17T08:04:43.863000+00:00,email
The 260 Journey,Times Square Church,,https://read.readwise.io/read/01h59q0g1z934g6y5wptqy4739,mailto:reader-forwarded-email/2d2e9214c77176e438f3926e954bdfa6,2023-07-14T08:06:52.735000+00:00,email
Better Get Used to Mystery,Justin Camp from WiRE,,https://read.readwise.io/read/01h57k0dh5xw8w9r32mjhe5b4n,mailto:reader-forwarded-email/afe9d2cab935272352b58578b57b5dda,2023-07-13T12:18:26.982000+00:00,email
The 260 Journey,Times Square Church,,https://read.readwise.io/read/01h574es3pkzggv303233kqq1t,mailto:reader-forwarded-email/c7b77218e22f605378bf62e99c18ea46,2023-07-13T08:04:08.951000+00:00,email
The 260 Journey,Times Square Church,,https://read.readwise.io/read/01h54j0jenk784mr6h4yvrydgz,mailto:reader-forwarded-email/e0ae5e550ea70d2dcc0535add99f9bc9,2023-07-12T08:03:20.150000+00:00,email
The 260 Journey,Times Square Church,,https://read.readwise.io/read/01h51zfvv416ykdfzanvp5hpxz,mailto:reader-forwarded-email/40b711f5d55e4ea8a3d1b96323887000,2023-07-11T08:01:09.476000+00:00,email
Packing list: Ears. Eyes. Heart.,Justin Camp from WiRE,,https://read.readwise.io/read/01h4zvy6k73baw3xzpa8q4ztw9,mailto:reader-forwarded-email/78ba688b5dcf14bbcaeda5bd756bf1cb,2023-07-10T12:20:36.072000+00:00,email
The 260 Journey,Times Square Church,,https://read.readwise.io/read/01h4zdap0yrkdg36h5txtt6x4h,mailto:reader-forwarded-email/ea6a8239b280f49221ce48bce39020a2,2023-07-10T08:05:16.431000+00:00,email
The 260 Journey,Times Square Church,,https://read.readwise.io/read/01h4qp67m913knzeyq0yhm968z,mailto:reader-forwarded-email/c2177412fd738c1cf5211b21bf96053a,2023-07-07T08:06:12.362000+00:00,email
Getting off the sidelines,Justin Camp from WiRE,,https://read.readwise.io/read/01h4nj6fk9986xs46k56epcczb,mailto:reader-forwarded-email/277dfb155e9a097e5e790579cac0a875,2023-07-06T12:17:57.353000+00:00,email
The 260 Journey,Times Square Church,,https://read.readwise.io/read/01h4n3qjzswz8vqs8ghx54944n,mailto:reader-forwarded-email/22c0260af12db79696a7908017e656fa,2023-07-06T08:05:09.241000+00:00,email
The 260 Journey,Times Square Church,,https://read.readwise.io/read/01h4jh73cn9jkqtq5rtmwg8r5t,mailto:reader-forwarded-email/fcb61b591d03c8562f3d7da02e544e12,2023-07-05T08:03:05.749000+00:00,email
The 260 Journey,Times Square Church,,https://read.readwise.io/read/01h4fyq2shgmf7311m86pc13ga,mailto:reader-forwarded-email/74ffef5d39aa99bcec29d62447f9ed58,2023-07-04T08:01:17.617000+00:00,email
Which Type of Man Are You?,Justin Camp from WiRE,,https://read.readwise.io/read/01h4dv46xq4r9ktsgjn7546pg8,mailto:reader-forwarded-email/45db24b1032c64ede34b62d40c20fd4b,2023-07-03T12:20:04.663000+00:00,email
The 260 Journey,Times Square Church,,https://read.readwise.io/read/01h4dcddxxs0d6eb0cxmw8fpqv,mailto:reader-forwarded-email/b1a941c591343176814dcb92c0201f8f,2023-07-03T08:02:58.110000+00:00,email
I want to send you some of my faves 📦,Justin Camp from WiRE for Men,,https://read.readwise.io/read/01h48qw6dc2e3r4j11z0yrx3vh,mailto:reader-forwarded-email/f3e34cf7329a0780cf23caa2565e1374,2023-07-01T12:47:04.109000+00:00,email
🌠On Hiatus Due To Impending Baby,Eleanor Konik,Obsidian Iceberg,https://read.readwise.io/read/01h48pz90048nd94snp29f8rxy,mailto:reader-forwarded-email/221340243119d0acf4f4f030a258cf2b,2023-07-01T12:31:16.480000+00:00,email
Time’s almost up! ⏰,Justin Camp from WiRE for Men,,https://read.readwise.io/read/01h46xh618c0cw1w44cyvp5keb,mailto:reader-forwarded-email/365d5c43a215c0e56bc937b2ff6f813e,2023-06-30T19:47:25.865000+00:00,email
The 260 Journey,Times Square Church,,https://read.readwise.io/read/01h45n4fx09gs0pkhc6navth8n,mailto:reader-forwarded-email/46294fd51b41e62d94725b112281eb7d,2023-06-30T08:01:26.944000+00:00,email
Want to make things interesting?,Justin Camp from WiRE,,https://read.readwise.io/read/01h43gv93v4r6cm2dw8vm7pjje,mailto:reader-forwarded-email/720ee5183120182a58d1c5d81bca2680,2023-06-29T12:08:01.915000+00:00,email
The 260 Journey,Times Square Church,,https://read.readwise.io/read/01h432vtdpw8arcr9qbe0bf1xp,mailto:reader-forwarded-email/3611304fad84f7637003e034a2095b65,2023-06-29T08:03:39.575000+00:00,email
Win my favorite things!,Justin Camp from WiRE,,https://read.readwise.io/read/01h41p6f9c5ngrvcc5f4fx72qa,mailto:reader-forwarded-email/de133833de61d2c1d1dff36f813c0bdc,2023-06-28T19:03:02.700000+00:00,email
The 260 Journey,Times Square Church,,https://read.readwise.io/read/01h40gph2mdcxecr2x0ghe4pp1,mailto:reader-forwarded-email/833b4d271df64d31adcdfb5c0f136409,2023-06-28T08:07:42.932000+00:00,email
Are you the man you want to be?,Justin Camp from WiRE,,https://read.readwise.io/read/01h3z3j742bt9ezb38b9rrg248,mailto:reader-forwarded-email/d9d8941476c23cb833749972fcbc06d3,2023-06-27T18:58:55.747000+00:00,email
The 260 Journey,Times Square Church,,https://read.readwise.io/read/01h3xxzgzymjbd9b86bwctbbr4,mailto:reader-forwarded-email/400ad6dc46bfe233f49b28ce5c6ca9c1,2023-06-27T08:02:05.950000+00:00,email
Miraculous Change,Justin Camp from WiRE,,https://read.readwise.io/read/01h3vspdfpddpq3aj18j65vmtn,mailto:reader-forwarded-email/c7179029b0bbe7fb7f8af85e910f1839,2023-06-26T12:08:44.278000+00:00,email
The 260 Journey,Times Square Church,,https://read.readwise.io/read/01h3vbvsv5qgkkh2vme7cr4xtz,mailto:reader-forwarded-email/29d586961a5b6a320bc45a6d71e7da12,2023-06-26T08:07:00.709000+00:00,email
3 ways to escape today’s crisis of masculinity,Justin Camp from WiRE,,https://read.readwise.io/read/01h3mqa6v563jg8bkt90f9mx2h,mailto:reader-forwarded-email/6ab4232ddafc911edd81d93173bfa4c9,2023-06-23T18:12:26.086000+00:00,email
Confession Isn’t Sufficient,Justin Camp from WiRE,,https://read.readwise.io/read/01h3mgw31g58md2n0afwyzx582,mailto:reader-forwarded-email/b8637d8b7e856482e20ce98496c0314b,2023-06-23T16:19:51.984000+00:00,email
The 260 Journey,Times Square Church,,https://read.readwise.io/read/01h3kmddcdfs53yrqyd95b39zz,mailto:reader-forwarded-email/2205d8f3e236251894c466f0d69ad6c8,2023-06-23T08:02:30.926000+00:00,email
The 260 Journey,Times Square Church,,https://read.readwise.io/read/01h3h25etyfhzfdnsfyqgqvxnj,mailto:reader-forwarded-email/0c8cef8d646bde03f871e7cd38f27ed2,2023-06-22T08:05:07.038000+00:00,email
We’re facing a crisis of masculinity,Justin Camp from WiRE,,https://read.readwise.io/read/01h3f5pex8rcq27664tstswqdd,mailto:reader-forwarded-email/4cea4dc5b963a15fa698015bcf2182bd,2023-06-21T14:28:21.032000+00:00,email
The 260 Journey,Times Square Church,,https://read.readwise.io/read/01h3efwm4f88emgfzmnzt4v31h,mailto:reader-forwarded-email/7b186d39f9c82239293ebd4bfbade251,2023-06-21T08:07:14.320000+00:00,email
The 260 Journey,Times Square Church,,https://read.readwise.io/read/01h3bx82x2nngp196bd5x52j34,mailto:reader-forwarded-email/e047b703b546597a015e1b01bd589144,2023-06-20T08:02:58.083000+00:00,email
"Real, raw confession: do we need it?",Justin Camp from WiRE,,https://read.readwise.io/read/01h39s32cyf245r7mmba6x8qtp,mailto:reader-forwarded-email/8d4c4f96fdf53a175a9e75c6c29ccc82,2023-06-19T12:11:50.558000+00:00,email
The 260 Journey,Times Square Church,,https://read.readwise.io/read/01h39b0r7dxcmttp1w82006fz8,mailto:reader-forwarded-email/93743c3095b6a87a64e643215a9838f6,2023-06-19T08:05:54.542000+00:00,email
The 260 Journey,Times Square Church,,https://read.readwise.io/read/01h31kmza7ysbx3y5g4wr3vvqe,mailto:reader-forwarded-email/65bfaea7b8c47e05e4206d7a979fc829,2023-06-16T08:02:50.311000+00:00,email
Who we become as a result,Justin Camp from WiRE,,https://read.readwise.io/read/01h2zfy768dq2ykg8txqewz1nt,mailto:reader-forwarded-email/a3caf65bde80725a33ce2861b7f7a3d7,2023-06-15T12:19:30.120000+00:00,email
The 260 Journey,Times Square Church,,https://read.readwise.io/read/01h2z1eedar16xa7dy192120j0,mailto:reader-forwarded-email/0ecb1b2087e9e7bf42a31b0ea0620a2f,2023-06-15T08:06:13.162000+00:00,email
The 260 Journey,Times Square Church,,https://read.readwise.io/read/01h2swq2wdmbpdyvcw42j8p9q3,mailto:reader-forwarded-email/e6894f1da609e8ef2777b9bd917047af,2023-06-13T08:07:21.229000+00:00,email
Asking For Help Stinks!,Justin Camp from WiRE,,https://read.readwise.io/read/01h2qry1dpeqbex599sxfagnzt,mailto:reader-forwarded-email/2010429329183f037ff7dc7379f95268,2023-06-12T12:22:45.942000+00:00,email
The 260 Journey,Times Square Church,,https://read.readwise.io/read/01h2qa41jjx2y7mzx3kref00xg,mailto:reader-forwarded-email/f669041c2f47280934daf3a0e41395f0,2023-06-12T08:03:54.067000+00:00,email
The 260 Journey,Times Square Church,,https://read.readwise.io/read/01h2fjv6z8j3s9c97k509brcnv,mailto:reader-forwarded-email/426f129cbbb50fb0757e0c21982d2109,2023-06-09T08:02:26.408000+00:00,email
Purpose in what you carry,Justin Camp from WiRE,,https://read.readwise.io/read/01h2devfjj35dwzb0hwa3tsnn3,mailto:reader-forwarded-email/313658172ddccb54be0c5884bbc9e884,2023-06-08T12:14:12.051000+00:00,email
The 260 Journey,Times Square Church,,https://read.readwise.io/read/01h2d0bmkp6qv1jw8d9x3r5ywc,mailto:reader-forwarded-email/3371c49064380ca33443b74e6d884415,2023-06-08T08:00:52.854000+00:00,email
The 260 Journey,Times Square Church,,https://read.readwise.io/read/01h2ae3kq8bqcxajws31edxh3c,mailto:reader-forwarded-email/05f360b3e4d6aaa5f7682de58ffe6d57,2023-06-07T08:03:26.569000+00:00,email
The 260 Journey,Times Square Church,,https://read.readwise.io/read/01h27vpw3ggbjbsgfvrggrvhcs,mailto:reader-forwarded-email/828a00fcd03be36b6fdbec809b8f22ca,2023-06-06T08:03:25.937000+00:00,email
Giving is better than getting (really!),Justin Camp from WiRE,,https://read.readwise.io/read/01h25qqs95pxjabq1c94ncfn5z,mailto:reader-forwarded-email/4ed20242b18379773dd83a75614c6134,2023-06-05T12:15:32.646000+00:00,email
The 260 Journey,Times Square Church,,https://read.readwise.io/read/01h2597w5dmr2j5p445npa7dwg,mailto:reader-forwarded-email/0902d3d12006bde40e3d1b8b4dde7f1e,2023-06-05T08:02:11.245000+00:00,email
"WiRE Merch: Going Once, Going Twice",Justin Camp from WiRE,,https://read.readwise.io/read/01h20m013aky7hbsra314eqzj5,mailto:reader-forwarded-email/f7a5869364ea81cd8cba5903465f8615,2023-06-03T12:33:56.331000+00:00,email
The 260 Journey,Times Square Church,,https://read.readwise.io/read/01h1xj3v5zpjx3q1sqjsg1cnrf,mailto:reader-forwarded-email/38002225337c16a9b6f58467e95f585a,2023-06-02T08:03:20.895000+00:00,email
Want to wear some WiRE?,Justin Camp from WiRE,,https://read.readwise.io/read/01h1vsz8sfwh5cj4v0e8sj1wrv,mailto:reader-forwarded-email/41826bcd707c9e2449bcca95baf484e7,2023-06-01T15:42:10.735000+00:00,email
This is too good to miss,Justin Camp from WiRE,,https://read.readwise.io/read/01h1ve00w46rjqrekqza861njt,mailto:reader-forwarded-email/5678e4643cee3b284135820f1d8f137a,2023-06-01T12:12:52.484000+00:00,email
The 260 Journey,Times Square Church,,https://read.readwise.io/read/01h1tzvmz2h16s8eyb8hdbma20,mailto:reader-forwarded-email/973360047d0327e397366e2910537070,2023-06-01T08:05:49.155000+00:00,email
The 260 Journey,Times Square Church,,https://read.readwise.io/read/01h1rdghtev8hasykx4ndw701s,mailto:reader-forwarded-email/9cd4764ae4f624b11ed50b77701eb301,2023-05-31T08:06:42.254000+00:00,email
"You asked, we’re answering",Justin Camp from WiRE,,https://read.readwise.io/read/01h1phc4sar8z4aebdzb44pt2c,mailto:reader-forwarded-email/fb31d1aadcf03f9f05c90bfdea31c2b4,2023-05-30T14:35:43.275000+00:00,email
The 260 Journey,Times Square Church,,https://read.readwise.io/read/01h1nv3zcqj4f9r7rvdn3vstc5,mailto:reader-forwarded-email/fa0c3e218c530dc3d15bc56028f0793a,2023-05-30T08:06:46.936000+00:00,email
You’re Made for Adventure,Justin Camp from WiRE,,https://read.readwise.io/read/01h1kqf171jn1asz7atbqt8fsc,mailto:reader-forwarded-email/5d766113ce0e5d77201cb1f45f17f024,2023-05-29T12:24:26.082000+00:00,email
The 260 Journey,Times Square Church,,https://read.readwise.io/read/01h1k8h3715mx792q7pw2jasym,mailto:reader-forwarded-email/005c9da92d286846b3fee44ec6477441,2023-05-29T08:03:25.026000+00:00,email
The 260 Journey,Times Square Church,,https://read.readwise.io/read/01h1bhg27jmq4gkcr7rwy3gw3g,mailto:reader-forwarded-email/62ccc101621c87d8581c00c67014a063,2023-05-26T08:06:12.978000+00:00,email
Ready to Go? Let’s Go.,Justin Camp from WiRE,,https://read.readwise.io/read/01h19dea57kbtcqwsf2jmn78hg,mailto:reader-forwarded-email/85f37102d51ee02d7b663a15c410f126,2023-05-25T12:16:52.391000+00:00,email
The 260 Journey,Times Square Church,,https://read.readwise.io/read/01h18ysjqpp1wqjk50d2qw10k8,mailto:reader-forwarded-email/e88d7d3806e8e7e285f916cbda410c2b,2023-05-25T08:00:52.983000+00:00,email
The 260 Journey,Times Square Church,,https://read.readwise.io/read/01h16ce9d4d2vfzqzk66252fmr,mailto:reader-forwarded-email/3c966d21c268e97072fae2d481f7911d,2023-05-24T08:01:39.749000+00:00,email
The 260 Journey,Times Square Church,,https://read.readwise.io/read/01h13tb2gdh0s9cc7ng9t7j70a,mailto:reader-forwarded-email/23df58684c9906a34a84aff79abfabf1,2023-05-23T08:06:51.149000+00:00,email
How to practice risk,Justin Camp from WiRE,,https://read.readwise.io/read/01h11p8xh6yzk8kgbat7esf361,mailto:reader-forwarded-email/f1d869eb96979a0184eee399f8a2dbf6,2023-05-22T12:17:17.350000+00:00,email
The 260 Journey,Times Square Church,,https://read.readwise.io/read/01h1180ck5fr3q5ckj6mh2sspd,mailto:reader-forwarded-email/ba32e046c70c991fa6db54395ccebc16,2023-05-22T08:07:57.797000+00:00,email
"A Trucker’s Kidnapping, a Suspicious Ransom, and a Colorado Family’s Perilous Quest for Justice",Mylie Hiraoka,5280,https://read.readwise.io/read/01h101r6bvvqdd8bbb283nnqdx,https://www.5280.com/a-truckers-kidnapping-a-suspicious-ransom-and-a-colorado-familys-perilous-quest-for-justice/?src=longreads,2023-05-21T20:59:23.388000+00:00,article
"🌠 Conference Videos, Dendron support, & Improved Reference Counting",Eleanor Konik,Obsidian Iceberg,https://read.readwise.io/read/01h0wmt8myqy2yqgb6pzsxkyf1,mailto:reader-forwarded-email/19afc205487485e67eb0b4360594bdd3,2023-05-20T13:15:36.479000+00:00,email
Death Can Only Make Me Better: Remembering Tim Keller (1950–2023),Tony Reinke,Desiring God,https://read.readwise.io/read/01h0v1c1znd79dq0ggxssdaf6h,http://rss.desiringgod.org/link/10732/16135103/death-can-only-make-me-better-remembering-tim-keller-1950-2023,2023-05-19T22:16:30.525000+00:00,rss
The 260 Journey,Times Square Church,,https://read.readwise.io/read/01h0sghxzawex8t8q37hdmnwt1,mailto:reader-forwarded-email/48b9d182bb7886db6887c19c40894d70,2023-05-19T08:03:25.802000+00:00,email
9 New Youtube Videos 💥 The Concept Cluster 💥,Nick Milo,linkingyourthinking.com,https://read.readwise.io/read/01h0qy6zcqf425qxvpm5ncwr80,mailto:reader-forwarded-email/ed3fc68c7eac473ea960626e032fabb9,2023-05-18T17:23:38.008000+00:00,email
Don’t forget this invite ...,Justin Camp from WiRE,,https://read.readwise.io/read/01h0qcjyv7ttsdykcb20bsm4hf,mailto:reader-forwarded-email/1fffbf8b80ae067c6d5399976b6908fb,2023-05-18T12:15:36.296000+00:00,email
The 260 Journey,Times Square Church,,https://read.readwise.io/read/01h0py8wy3ak0eb3bsfshnr911,mailto:reader-forwarded-email/fdb149c4ed5df6e1762c020a758938e7,2023-05-18T08:05:26.595000+00:00,email
The 260 Journey,Times Square Church,,https://read.readwise.io/read/01h0mbxe6r7p3hz2pvsxwq3tr9,mailto:reader-forwarded-email/5f9d65ce1e0b7dc0847b47629dc42de1,2023-05-17T08:06:07.833000+00:00,email
Inside DataDog’s $5M Outage (Real-World Engineering Challenges #8),The Pragmatic Engineer,Substack,https://read.readwise.io/read/01h0jmgj5gxjrca1k89yt2c1w4,mailto:reader-forwarded-email/6deee2f37c378ce743207c466caca761,2023-05-16T15:57:54.224000+00:00,email
The 260 Journey,Times Square Church,,https://read.readwise.io/read/01h0hsf333vd5f5jf1bj0n64st,mailto:reader-forwarded-email/18980f3327691e722bd2edf1e0f458b7,2023-05-16T08:05:14.468000+00:00,email
Avoid these mistakes ...,Justin Camp from WiRE,,https://read.readwise.io/read/01h0fp0b02pjan3y2mh54s0h6t,mailto:reader-forwarded-email/780d708a05959412b54470e23c52728c,2023-05-15T12:26:16.451000+00:00,email
The 260 Journey,Times Square Church,,https://read.readwise.io/read/01h0f7414fkjphab6vc6145cp7,mailto:reader-forwarded-email/b63563360f97da915a95eb3c7f854cc3,2023-05-15T08:06:08.784000+00:00,email
The 260 Journey,Times Square Church,,https://read.readwise.io/read/01h07fqa0wj93jwrznvgz330vq,mailto:reader-forwarded-email/ff677dd82010655a644d84b100608a17,2023-05-12T08:02:33.629000+00:00,email
"We’re Here, Now What?",Justin Camp from WiRE,,https://read.readwise.io/read/01h05c1z7tcm747mhpc0pwkbyd,mailto:reader-forwarded-email/ba22c35deecf974fcfe9066e16de3056,2023-05-11T12:19:59.866000+00:00,email
The 260 Journey,Times Square Church,,https://read.readwise.io/read/01h04x9mm5a9593mvrxc392r36,mailto:reader-forwarded-email/f6c67be211e5f47d4bd4272fcc78f662,2023-05-11T08:02:02.501000+00:00,email
The 260 Journey,Times Square Church,,https://read.readwise.io/read/01h02b5zkzzarw9thh6vzdb6as,mailto:reader-forwarded-email/9cb253658cd35336a8d21dac6e49a1ff,2023-05-10T08:06:59.456000+00:00,email
Compensation at Publicly Traded Tech Companies,The Pragmatic Engineer,Substack,https://read.readwise.io/read/01h00r1v3fctw7khjbjf0z45n0,mailto:reader-forwarded-email/903fd3137ed36fb833630f016d0521d2,2023-05-09T17:13:26.384000+00:00,email
The 260 Journey,Times Square Church,,https://read.readwise.io/read/01gzzrg8xgp51ev4r4hb7hsynk,mailto:reader-forwarded-email/e77977a99521a854dac3e77a01fd3485,2023-05-09T08:02:04.848000+00:00,email
With Whom Do You Gather?,Justin Camp from WiRE,,https://read.readwise.io/read/01gzxn70gxv8tq02znb1rj4nf4,mailto:reader-forwarded-email/30797c8009753564c95c656c426d2528,2023-05-08T12:26:06.750000+00:00,email
The 260 Journey,Times Square Church,,https://read.readwise.io/read/01gzx61fe1mc2rag3t90dkd4r9,mailto:reader-forwarded-email/f4b97d5db09d3ad2a97d5faf22126722,2023-05-08T08:00:56.770000+00:00,email
"The downfall of Brydge: iPad keyboard company folds, leaving staff unpaid and customer orders unfulfilled",Chance Miller,9to5Mac,https://read.readwise.io/read/01gzqpj4yjsfnn95dyt30jpafk,https://9to5mac.com/2023/05/04/brydge-keyboards-out-of-business-update/,2023-05-06T04:54:13.714000+00:00,article
The 260 Journey,Times Square Church,,https://read.readwise.io/read/01gznf69kwnwtykr1cjg6qxwy0,mailto:reader-forwarded-email/c0491c3e14e997044bfba0ea02c424da,2023-05-05T08:06:56.381000+00:00,email
Did God put you here?,Justin Camp from WiRE,,https://read.readwise.io/read/01gzkb1f4ffcx99swa9byvj9rp,mailto:reader-forwarded-email/0f956c472792de72f052c01c84a9cb10,2023-05-04T12:15:55.023000+00:00,email
The 260 Journey,Times Square Church,,https://read.readwise.io/read/01gzjwpfcacc115stpdr5sxn6p,mailto:reader-forwarded-email/ec7bf41f0667adb9163ba98ca6409a01,2023-05-04T08:05:14.763000+00:00,email
The 260 Journey,Times Square Church,,https://read.readwise.io/read/01gzga81py7t05yjydxsc5yc27,mailto:reader-forwarded-email/f3812e50a833d35192a6e4d3b510a75b,2023-05-03T08:04:18.783000+00:00,email
"A Trucker’s Kidnapping, a Suspicious Ransom, and a Colorado Family’s Perilous Quest for Justice",Cheri Lucas Rowlands,Longreads,https://read.readwise.io/read/01gzfrd51crm76yd5b25tbwerg,https://longreads.com/2023/05/02/a-truckers-kidnapping-a-suspicious-ransom-and-a-colorado-familys-perilous-quest-for-justice/,2023-05-03T02:52:16.660000+00:00,rss
The 260 Journey,Times Square Church,,https://read.readwise.io/read/01gzdr08b34wftd83xm2bdhsbq,mailto:reader-forwarded-email/33856ce80b61b88a445f1f134b002aa8,2023-05-02T08:07:00.195000+00:00,email
He gives you a blueprint,Justin Camp from WiRE,,https://read.readwise.io/read/01gzbkeb87xxyhjbcm6qra654q,mailto:reader-forwarded-email/5cff8f3e8f0f68a33212e902201beef3,2023-05-01T12:08:50.183000+00:00,email
The 260 Journey,Times Square Church,,https://read.readwise.io/read/01gzb5fqcjxk9t8y92k2vxxysb,mailto:reader-forwarded-email/f1eb009170f96ea75de3dd878284285d,2023-05-01T08:04:55.314000+00:00,email
The 260 Journey,Times Square Church,,https://read.readwise.io/read/01gz3e57zj4h9xggrdwkfevkk1,mailto:reader-forwarded-email/c31604f1b8d51eeb868739fd2c6bdf26,2023-04-28T08:02:33.586000+00:00,email
We've got this all wrong,Justin Camp from WiRE,,https://read.readwise.io/read/01gz19h3ef3bs1ftx9mf6svstj,mailto:reader-forwarded-email/d983a12c6f6135ecebaaff7946924c96,2023-04-27T12:03:10.416000+00:00,email
The 260 Journey,Times Square Church,,https://read.readwise.io/read/01gz0vwagcgg2am2wfa9vdfz98,mailto:reader-forwarded-email/31b376a393b17e160f5b882ffb4d8b7b,2023-04-27T08:04:38.028000+00:00,email
The 260 Journey,Times Square Church,,https://read.readwise.io/read/01gyy9jw4sq2hy4wmjw2bpr9q1,mailto:reader-forwarded-email/df4a7c96c4f1500a6923075597803978,2023-04-26T08:06:25.178000+00:00,email
A Completely Non-Technical Explanation of Deep Learning,Hacker News,parand.com,https://read.readwise.io/read/01gywknqatnv5b47mkdqgn8w7c,https://www.parand.com/a-completely-non-technical-explanation-of-ai.html,2023-04-25T16:23:57.451000+00:00,rss
"If God Is Your Father, Grace Flows Continually: Colossians 1:1–2, Part 5",John Piper,Desiring God,https://read.readwise.io/read/01gywbmwhc4md3k5eg88fm5q84,http://rss.desiringgod.org/link/10732/16090911/if-god-is-your-father-grace-flows-continually,2023-04-25T14:03:56.404000+00:00,rss
The 260 Journey,Times Square Church,,https://read.readwise.io/read/01gyvq10wfgyk58nkxc2rrnk3j,mailto:reader-forwarded-email/c4f53ab8446c15a481d692138b0b6395,2023-04-25T08:03:36.975000+00:00,email
May the Force ... Be You,Justin Camp from WiRE,,https://read.readwise.io/read/01gysjpv7w1q88nxmpk56eypn9,mailto:reader-forwarded-email/4c97a241f2d8de9e1c1130da1f4a71a5,2023-04-24T12:09:40.348000+00:00,email
The 260 Journey,Times Square Church,,https://read.readwise.io/read/01gys4nmer9q488nr3be4fmva7,mailto:reader-forwarded-email/ee497b92719895779dc3f806ed7c47ea,2023-04-24T08:04:20.568000+00:00,email
"Productive Imprisonment and Beloved Partners: Colossians 1:1–2, Part 4",John Piper,Desiring God,https://read.readwise.io/read/01gymmkp4p8gbfpc9cz5026f7z,http://rss.desiringgod.org/link/10732/16087605/productive-imprisonment-and-beloved-partners,2023-04-22T14:06:35.814000+00:00,rss
"🌠 Huge Publish Improvements, a Telegram integration, & more LLM options",Eleanor Konik,Obsidian Iceberg,https://read.readwise.io/read/01gymf4c9kxf8qv5bajrhmtkva,mailto:reader-forwarded-email/0683e515c79dca60efbc9775d8298141,2023-04-22T12:30:57.331000+00:00,email
Kindle,amazon.com,amazon.com,https://read.readwise.io/read/01gyjacmazdsvwbhyrtg07av8g,https://read.amazon.com/?asin=B00AFPVP0Y&ref_=kwl_kr_iv_rec_1,2023-04-21T16:29:35.966000+00:00,article
Why Do Christians Struggle to Love?,Jon Bloom,Desiring God,https://read.readwise.io/read/01gyj28yeqfxnj6rd1j9j0mtkq,http://rss.desiringgod.org/link/10732/16086556/why-do-christians-struggle-to-love,2023-04-21T14:07:40.647000+00:00,rss
Should the World Like Us or Hate Us?,John Piper,Desiring God,https://read.readwise.io/read/01gyj28yckaqh6rze8mbdtxjq1,http://rss.desiringgod.org/link/10732/16086555/should-the-world-like-us-or-hate-us,2023-04-21T14:07:43.579000+00:00,rss
The 260 Journey,Times Square Church,,https://read.readwise.io/read/01gyhdrf9d3xhx08cbq3f13nx9,mailto:reader-forwarded-email/6abeb8119baa6567bf972c30fbda4eb8,2023-04-21T08:09:15.310000+00:00,email
Abdul Sharifu Was Buying Milk For A Neighbor’s Baby. A Snowstorm Killed Him.,Albert Samaha,BuzzFeed News,https://read.readwise.io/read/01gyg58pgds2zfj8fm002s92br,https://www.buzzfeednews.com/article/albertsamaha/abdul-sharifu-buffalo-blizzard-2022,2023-04-20T20:21:35.374000+00:00,article
Introducing...the 2023 Linking Your Thinking Conference,Nick Milo,linkingyourthinking.com,https://read.readwise.io/read/01gyfrdxbd7ys5jqec2g2867xr,mailto:reader-forwarded-email/3157f4f4ff667bcc336a448a0664d264,2023-04-20T16:37:14.733000+00:00,email
Going through hell,Justin Camp from WiRE,,https://read.readwise.io/read/01gyf986sk56n3y2ck1qjk59ha,mailto:reader-forwarded-email/9b462d37e89939ee7104dbf6e0f6e878,2023-04-20T12:11:59.155000+00:00,email
The 260 Journey,Times Square Church,,https://read.readwise.io/read/01gyev79kgs4dvyqtvwx45ccct,mailto:reader-forwarded-email/a07f4663ca7dc7b413ea38bdabcee8f5,2023-04-20T08:06:49.201000+00:00,email
‘Nothing will go wrong. It’s paradise.’,Seyward Darby,Longreads,https://read.readwise.io/read/01gyds86ym471efkng33xnvxpj,https://longreads.com/2023/04/19/nothing-will-go-wrong-its-paradise/,2023-04-19T22:12:49.668000+00:00,rss
The 260 Journey,Times Square Church,,https://read.readwise.io/read/01gyc8pre4ftsyc26nsk9z1grm,mailto:reader-forwarded-email/33b7ebf3200950b35d21ef09cd1e12d8,2023-04-19T08:04:44.101000+00:00,email
The 260 Journey,Times Square Church,,https://read.readwise.io/read/01gy9pbkerbx5gmh483vfvpnnt,mailto:reader-forwarded-email/e3a00b33ec21517e2e71efc8c52d14db,2023-04-18T08:05:35.320000+00:00,email
How to gear up for work,Justin Camp from WiRE,,https://read.readwise.io/read/01gy7hw2mete3k60mww35xkfgq,mailto:reader-forwarded-email/c8416b17ce74410052002d58f462016d,2023-04-17T12:08:43.406000+00:00,email
The 260 Journey,Times Square Church,,https://read.readwise.io/read/01gy741wd7cpzs4ttbkcackv4d,mailto:reader-forwarded-email/64c084bf75bf5707ab75c110cffb7ed1,2023-04-17T08:07:13.575000+00:00,email
The 260 Journey,Times Square Church,,https://read.readwise.io/read/01gxzct5kgjff4h4j5pf0wa224,mailto:reader-forwarded-email/78df91d33448c7813578730bb4cbcbec,2023-04-14T08:06:22.577000+00:00,email
Obsidian Bookmarks,Nick Milo,linkingyourthinking.com,https://read.readwise.io/read/01gxxt4g7nrb5ewy5w31fe3bv4,mailto:reader-forwarded-email/e3f342f5d15d16325c417f8b00bb3044,2023-04-13T17:20:43.766000+00:00,email
The State of Startup Funding in 2023,The Pragmatic Engineer,Substack,https://read.readwise.io/read/01gxxq1nkbt9q44da2wh67msqd,mailto:reader-forwarded-email/a0b3357e98d9bc3a41f22e9bd9c0e2fc,2023-04-13T16:26:45.228000+00:00,email
It Matters,Justin Camp from WiRE,,https://read.readwise.io/read/01gxx8fqfpy2nmjk266nmrzmb8,mailto:reader-forwarded-email/e5f80139dde984d348c5539820f3194c,2023-04-13T12:12:17.271000+00:00,email
The 260 Journey,Times Square Church,,https://read.readwise.io/read/01gxwtc4pnc93etxkrjsn5s7hm,mailto:reader-forwarded-email/20e605a7fabca86f226b54b1b5c9d9fa,2023-04-13T08:05:39.669000+00:00,email
The 260 Journey,Times Square Church,,https://read.readwise.io/read/01gxt81bcn75dz05msytnpa0x5,mailto:reader-forwarded-email/195b1c049483be77bb25f727d0554ccf,2023-04-12T08:06:42.838000+00:00,email
The 260 Journey,Times Square Church,,https://read.readwise.io/read/01gxqngahqyj0mtg10ht2ds2ra,mailto:reader-forwarded-email/3ea93be5ab4e61e61625732bbc938faf,2023-04-11T08:04:21.687000+00:00,email
What if today was the last?,Justin Camp from WiRE,,https://read.readwise.io/read/01gxngwfykceyx957j9z7jhwf3,mailto:reader-forwarded-email/988ac49f77e7fe0d5b4dad72e91b9e20,2023-04-10T12:05:08.691000+00:00,email
The 260 Journey,Times Square Church,,https://read.readwise.io/read/01gxn34rz1dt6w7jrc0x2bta6a,mailto:reader-forwarded-email/a9d1ad11018c189e6caedf668447ba41,2023-04-10T08:05:00.002000+00:00,email
The 260 Journey,Times Square Church,,https://read.readwise.io/read/01gxdc2d1qfyx0c69ae7j7q226,mailto:reader-forwarded-email/9179e44e0d008fd782d410a64be1059f,2023-04-07T08:07:03.992000+00:00,email
Genius of the Holy Spirit,Justin Camp from WiRE,,https://read.readwise.io/read/01gxb79c9syaf1k658p0cfc3p7,mailto:reader-forwarded-email/ad8766988ac09b3f41432cc6e43892e9,2023-04-06T12:05:00.858000+00:00,email
The 260 Journey,Times Square Church,,https://read.readwise.io/read/01gxasekrf1jvaby4a2jxjv243,mailto:reader-forwarded-email/687ed3717bfc985d3952d52472bc0141,2023-04-06T08:03:12.272000+00:00,email
The 260 Journey,Times Square Church,,https://read.readwise.io/read/01gx875ph2fm5qjbfk44ced58n,mailto:reader-forwarded-email/593b25c8263a322e57119b9b74fd2a2a,2023-04-05T08:05:16.963000+00:00,email
Your voice is vital,Justin Camp from WiRE,,https://read.readwise.io/read/01gx6skkrx8dnt9gn25qrznw0b,mailto:reader-forwarded-email/e4f36f929a0908ef46b2d4db80a7bc45,2023-04-04T18:48:58.398000+00:00,email
The 260 Journey,Times Square Church,,https://read.readwise.io/read/01gx5mkf7cxh4y3860agaag03b,mailto:reader-forwarded-email/cadbb902365059980ced254f1494ea11,2023-04-04T08:02:16.429000+00:00,email
No clue where to start?,Justin Camp from WiRE,,https://read.readwise.io/read/01gx3gkdpfp88qb4mfa5y5jvpf,mailto:reader-forwarded-email/e3487a9c2ce2f2fd1d265077fa0568d7,2023-04-03T12:13:51.695000+00:00,email
The 260 Journey,Times Square Church,,https://read.readwise.io/read/01gx326ejb5rq7nhgc56s2p6jd,mailto:reader-forwarded-email/92ca45138502be5c15393d9d16db8321,2023-04-03T08:02:06.539000+00:00,email
The 260 Journey,Times Square Church,,https://read.readwise.io/read/01gwvazq4vcwjm59pc8qcnf924,mailto:reader-forwarded-email/84bbdf50d66469477288c67f070beaab,2023-03-31T08:01:47.675000+00:00,email
Depletion vs. Abundance,Justin Camp from WiRE,,https://read.readwise.io/read/01gws6jpms78h049we2rtdhmbd,mailto:reader-forwarded-email/1afc6c130fbcf8d380e33bd449596c1e,2023-03-30T12:06:18.010000+00:00,email
The 260 Journey,Times Square Church,,https://read.readwise.io/read/01gwrrwhgf2vk0cssdy3c6j5cn,mailto:reader-forwarded-email/dd45cee62dea3c743a536b91aeaeab4c,2023-03-30T08:07:00.367000+00:00,email
We've never done this before...,Justin Camp from WiRE,,https://read.readwise.io/read/01gwq0ej8yngxvp8xw3k62xcey,mailto:reader-forwarded-email/3f9d820c6aa0c9dea6f9cc630fe066a4,2023-03-29T15:40:42.142000+00:00,email
The 260 Journey,Times Square Church,,https://read.readwise.io/read/01gwp69ppf0cdqts6xk1kjtdmj,mailto:reader-forwarded-email/05e930024a2b09c579fb4e435a4ba69e,2023-03-29T08:03:39.855000+00:00,email
The 260 Journey,Times Square Church,,https://read.readwise.io/read/01gwkm3ej2w6e238h49w804kw9,mailto:reader-forwarded-email/ef5b97c4efd1efa7f787a53cc0fb6dfa,2023-03-28T08:07:11.682000+00:00,email
Men & Solitude: It's a Problem,Justin Camp from WiRE,,https://read.readwise.io/read/01gwhfc1ph84mv4hkzgmehwwhf,mailto:reader-forwarded-email/a93515c623275aa83a3b958060bb99f9,2023-03-27T12:06:01.681000+00:00,email
The 260 Journey,Times Square Church,,https://read.readwise.io/read/01gwh1ct3s95zjee5wwbnk4mdq,mailto:reader-forwarded-email/2af387d9870d8d96d455bc451ac7314d,2023-03-27T08:01:46.618000+00:00,email
The 260 Journey,Times Square Church,,https://read.readwise.io/read/01gw9ahewtmy2fg20338jd16aj,mailto:reader-forwarded-email/b37944a5ca7ca370105debd92482776c,2023-03-24T08:07:40.698000+00:00,email
An Obedient Church Deals with Disobedience,Desiring God,Desiring God,https://read.readwise.io/read/01gw8b7mz8b8ttgv177k58bs0n,http://rss.desiringgod.org/link/10732/16036845/an-obedient-church-deals-with-disobedience,2023-03-23T23:00:30.385000+00:00,rss
Can You Handle the Truth?,Justin Camp from WiRE,,https://read.readwise.io/read/01gw75vp32810nvesc4zxmdp83,mailto:reader-forwarded-email/2487c87401e4bcd8b088be29f277fc1f,2023-03-23T12:07:24.003000+00:00,email
The 260 Journey,Times Square Church,,https://read.readwise.io/read/01gw6qvmbvkabx1sgtd8q9teae,mailto:reader-forwarded-email/6151396d2d9052f62feef23d802344d6,2023-03-23T08:02:42.171000+00:00,email
The 260 Journey,Times Square Church,,https://read.readwise.io/read/01gw45nybvawnw5exavghmdm3x,mailto:reader-forwarded-email/8bd906df1a3eca3a956baf957948cf50,2023-03-22T08:06:32.572000+00:00,email
The 260 Journey,Times Square Church,,https://read.readwise.io/read/01gw1k294cq87ddsjr3rn8cmjm,mailto:reader-forwarded-email/b0045478c3cbc2d229dbe492fc19b167,2023-03-21T08:02:45.005000+00:00,email
Have you found your purpose yet?,Justin Camp from WiRE,,https://read.readwise.io/read/01gvzepm12pk7w4bfmvpws4b21,mailto:reader-forwarded-email/c581f55918948e6fec6633f8a4fe5516,2023-03-20T12:07:59.779000+00:00,email
The 260 Journey,Times Square Church,,https://read.readwise.io/read/01gvz0ypprhz675c1edvh2mwja,mailto:reader-forwarded-email/236a474727730e4613fa2af93d7877e9,2023-03-20T08:07:44.600000+00:00,email
When the doctor doesn’t listen,David Tuller,Coda Story,https://read.readwise.io/read/01gvyjaadxzm1z9r20s77cx9fb,https://www.codastory.com/waronscience/chronic-fatigue-syndrome-long-covid-unexplained-symptoms/?src=longreads,2023-03-20T03:51:56.605000+00:00,article
The 260 Journey,Times Square Church,,https://read.readwise.io/read/01gvq9prw73mcmtaf3fa8jbpng,mailto:reader-forwarded-email/989a95d78b13efc98d1024829ae49f87,2023-03-17T08:06:46.407000+00:00,email
Becoming Fast & Light,Justin Camp from WiRE,,https://read.readwise.io/read/01gvn5j7me4fm61n4sxr8q6m8j,mailto:reader-forwarded-email/e0bea0dc1b5a12812ed3716e42ed4360,2023-03-16T12:15:54.511000+00:00,email
The 260 Journey,Times Square Church,,https://read.readwise.io/read/01gvmq8fzwnkanswmfvjaxx2b7,mailto:reader-forwarded-email/04db8d78ba412ab4638e90a3f6d38df2,2023-03-16T08:05:55.324000+00:00,email
The 260 Journey,Times Square Church,,https://read.readwise.io/read/01gvj4sfn3b5k4r2gzznmss5tv,mailto:reader-forwarded-email/724f1c063c08c422440e3c387aff1474,2023-03-15T08:04:40.227000+00:00,email
The 260 Journey,Times Square Church,,https://read.readwise.io/read/01gvfjas9hzqymmd19838g4pvn,mailto:reader-forwarded-email/6a082c9857d16de13d37c76e2e51319b,2023-03-14T08:03:35.345000+00:00,email
The college wrestlers who took on a grizzly bear,ESPN.com,ESPN.com,https://read.readwise.io/read/01gveg49taeeh7dd273f2fdwm3,https://www.espn.com/college-sports/story/_/id/35820049/college-wrestlers-grizzly-bear-attack,2023-03-13T22:05:51.307000+00:00,article
Truth or dare? ... Or both?,Justin Camp from WiRE,,https://read.readwise.io/read/01gvde0aewxnhewx6v6epnqttv,mailto:reader-forwarded-email/da0acaedf3ae489cb36057b829d332c4,2023-03-13T12:09:29.309000+00:00,email
The 260 Journey,Times Square Church,,https://read.readwise.io/read/01gvd05qzpka6m8ssfs5t9vxdf,mailto:reader-forwarded-email/9551869b3b71affa4ad1ded4ca09eb44,2023-03-13T08:07:46.934000+00:00,email
The 260 Journey,Times Square Church,,https://read.readwise.io/read/01gv5c5rpaj6tfmvzvj2f30pnp,mailto:reader-forwarded-email/4e35295d834ac29c312216ad65614fa5,2023-03-10T09:03:35.114000+00:00,email
What God's Like,Justin Camp from WiRE,,https://read.readwise.io/read/01gv380vgemzfr2806kqk0k9em,mailto:reader-forwarded-email/5394da5c40f3576d58fac015f40dde4e,2023-03-09T13:12:30.990000+00:00,email
The 260 Journey,Times Square Church,,https://read.readwise.io/read/01gv2sswgxdceaynjjfadtqbf7,mailto:reader-forwarded-email/f799021aa76b67b578669b315ab2a17b,2023-03-09T09:04:02.590000+00:00,email
The 260 Journey,Times Square Church,,https://read.readwise.io/read/01gv07g7b2eje2vj431s71hyky,mailto:reader-forwarded-email/29230747416833d166212e8f8336405a,2023-03-08T09:05:42.755000+00:00,email
The 260 Journey,Times Square Church,,https://read.readwise.io/read/01gtxmth1wbcbjfzagak6ccsm5,mailto:reader-forwarded-email/65f886ded08ee93079d89d464868af80,2023-03-07T09:00:48.573000+00:00,email
"Lies, lies, and more lies ...",Justin Camp from WiRE,,https://read.readwise.io/read/01gtvgqexse7b1ensbprk6rab6,mailto:reader-forwarded-email/0d8bf917b16724f97b1d5e0161d559e3,2023-03-06T13:10:44.922000+00:00,email
The 260 Journey,Times Square Church,,https://read.readwise.io/read/01gtv2htzy0cn7t35jt1s66ty6,mailto:reader-forwarded-email/924177606bf7d3ef11f39552701a2501,2023-03-06T09:03:00.606000+00:00,email
The 260 Journey,Times Square Church,,https://read.readwise.io/read/01gtkbmfzvptwsstgrzc39vwcp,mailto:reader-forwarded-email/e0aa5eaeba9c1947f33be90f792b69e6,2023-03-03T09:07:49.372000+00:00,email
Putting your creativity to good use,Justin Camp from WiRE,,https://read.readwise.io/read/01gth7pjn1jxj7ms6gdxwhsn57,mailto:reader-forwarded-email/e21dc24cd31811e38def48b4354e3ea9,2023-03-02T13:20:34.466000+00:00,email
The 260 Journey,Times Square Church,,https://read.readwise.io/read/01gtgs8bjb64ae5bk2v48eds6x,mailto:reader-forwarded-email/0f66ce6e1eab135e4f5fbce492e44cb8,2023-03-02T09:08:08.396000+00:00,email
The 260 Journey,Times Square Church,,https://read.readwise.io/read/01gte6rqvx6sf45tzskyr9xm89,mailto:reader-forwarded-email/22ac8e26f8bd26bf2a4736ee9438bef6,2023-03-01T09:06:33.470000+00:00,email
The 260 Journey,Times Square Church,,https://read.readwise.io/read/01gtbm8x2astdf4keb7e4seznm,mailto:reader-forwarded-email/44358369c0ef743acf238faa4a6e14bc,2023-02-28T09:04:51.275000+00:00,email
Beyond mere politeness,Justin Camp from WiRE,,https://read.readwise.io/read/01gt9gw0wb6q5605c6zg5n6152,mailto:reader-forwarded-email/2893cc82ed07d34434048daee3d02eba,2023-02-27T13:26:54.603000+00:00,email
The 260 Journey,Times Square Church,,https://read.readwise.io/read/01gt91y2kggttrj93c9dzpyraz,mailto:reader-forwarded-email/2e724459074b2b9e21fd7b0fa2785bf9,2023-02-27T09:05:53.264000+00:00,email
The 260 Journey,Times Square Church,,https://read.readwise.io/read/01gt1avbp8v589y1d4wffd5gwf,mailto:reader-forwarded-email/d145fbdd3338d7f7a25a9a381aa3f9d1,2023-02-24T09:07:45.993000+00:00,email
This truth completely transformed my life,Justin Camp from WiRE,,https://read.readwise.io/read/01gszgq9g5b3qn1mnhnhknpnp2,mailto:reader-forwarded-email/bdbdd1fd83062edb4a4a64a34f2d95d0,2023-02-23T16:11:55.270000+00:00,email
The 260 Journey,Times Square Church,,https://read.readwise.io/read/01gsyrajwb4rw1berj6wr35gqk,mailto:reader-forwarded-email/a6939709dd35cacab059be93c46a635f,2023-02-23T09:05:33.068000+00:00,email
The 260 Journey,Times Square Church,,https://read.readwise.io/read/01gsw5ttzt1fq6fjajqm3thymt,mailto:reader-forwarded-email/b3b91a579d2ea4c4722ce51cc029ce71,2023-02-22T09:03:53.851000+00:00,email
The 260 Journey,Times Square Church,,https://read.readwise.io/read/01gsskcjxrvte9wshfx6and084,mailto:reader-forwarded-email/67f43ce758dd81c446f8e9230d1bcfa6,2023-02-21T09:03:03.608000+00:00,email
"No, Actually, We Must Choose",Justin Camp from WiRE,,https://read.readwise.io/read/01gsqscga20aeht03bpdrd1s5d,mailto:reader-forwarded-email/a1fe8515aabc8199fbe749773d3d0c71,2023-02-20T16:09:23.523000+00:00,email
The 260 Journey,Times Square Church,,https://read.readwise.io/read/01gsq15gv5b1dj0206zy2pa61w,mailto:reader-forwarded-email/d1597d82cb1a78fd18863072c692fc88,2023-02-20T09:06:08.869000+00:00,email
The 260 Journey,Times Square Church,,https://read.readwise.io/read/01gsfa24vh2a3a2jcxp171yvhj,mailto:reader-forwarded-email/b687f01c93fab63fec44d0f6a2198602,2023-02-17T09:07:40.017000+00:00,email
Most men would call this email heresy ...,Justin Camp from WiRE,,https://read.readwise.io/read/01gsd5qfkab8sz82brdnsj0hyy,mailto:reader-forwarded-email/d51d31ee47f69be33cbe2ebea6aa052e,2023-02-16T13:13:27.403000+00:00,email
The 260 Journey,Times Square Church,,https://read.readwise.io/read/01gscqe1tf8x61jvgjsc66bcbr,mailto:reader-forwarded-email/47769503053ebf0bb1d7580768463d62,2023-02-16T09:03:38.320000+00:00,email
The 260 Journey,Times Square Church,,https://read.readwise.io/read/01gsa58e6fqxkh6e5px96genmz,mailto:reader-forwarded-email/94f8503ed0bb83f26b2ba43aff8d04b1,2023-02-15T09:07:31.151000+00:00,email
The 260 Journey,Times Square Church,,https://read.readwise.io/read/01gs7jkqb0rgbv138r4acmms0x,mailto:reader-forwarded-email/c46f416cb25a10675e8b90c8593edacf,2023-02-14T09:03:09.152000+00:00,email
"Why I changed my view of opposition—and you should, too",Justin Camp from WiRE,,https://read.readwise.io/read/01gs5eg536hpee514tq7mrd1js,mailto:reader-forwarded-email/483c6eefb8fb7a9d80fd1d0b092e338f,2023-02-13T13:12:48.998000+00:00,email
The 260 Journey,Times Square Church,,https://read.readwise.io/read/01gs50a1eqmfm13v232ra9vnmc,mailto:reader-forwarded-email/b3908d03d4ac6e2be3f84cfa5dca5b25,2023-02-13T09:04:48.599000+00:00,email
🌠  Natural Language Search & a New CEO,Eleanor Konik,Obsidian Iceberg,https://read.readwise.io/read/01gs0aq13c9nb7dvsngmdvjvwf,mailto:reader-forwarded-email/4c0d43808ec27e7d1cbe5b8a0748aba2,2023-02-11T13:30:27.820000+00:00,email
"What do Hot Mixing, Kintsugi, and Antifragility have in common?",Nick Milo,linkingyourthinking.com,https://read.readwise.io/read/01grycrqejj2jk40hy9s5knwpq,mailto:reader-forwarded-email/036d01eb1f153a83611e8903ef251267,2023-02-10T19:27:51.763000+00:00,email
The 260 Journey,Times Square Church,,https://read.readwise.io/read/01grx8z0692mpcay1p3dsfv17a,mailto:reader-forwarded-email/dad2509fc63bda5309c533f9233ef4c0,2023-02-10T09:02:08.585000+00:00,email
Don't Miss This Resource Handcrafted Just for Men 🎩,WiRE,,https://read.readwise.io/read/01grwrnf317w5mrq4m8nmzg0pz,mailto:reader-forwarded-email/03b7cff8f3eb63cfb661e4f7ad961472,2023-02-10T04:17:18.945000+00:00,email
Who Are Your Enemies?,Justin Camp from WiRE,,https://read.readwise.io/read/01grvf20dv71ypz3ayacp8x5ym,mailto:reader-forwarded-email/bc1a0ca7c564509dd84707d104d99f0c,2023-02-09T16:10:09.724000+00:00,email
The 260 Journey,Times Square Church,,https://read.readwise.io/read/01grtpgn02rjr7548v9p8s5jsh,mailto:reader-forwarded-email/6bd5d4182cb55b4144ff2519b7b9dfbc,2023-02-09T09:01:15.138000+00:00,email
The 260 Journey,Times Square Church,,https://read.readwise.io/read/01grr4fjq2jhh3pxz5gjy5xy9w,mailto:reader-forwarded-email/afec62d6041d701d3ac069620476c51f,2023-02-08T09:07:36.803000+00:00,email
The 260 Journey,Times Square Church,,https://read.readwise.io/read/01grnhr6hysmj21gq0erhe99z3,mailto:reader-forwarded-email/b694ae4532c89229329e931b8217c7a4,2023-02-07T09:01:47.455000+00:00,email
How you and I can find rest on busy days,Justin Camp from WiRE,,https://read.readwise.io/read/01grke1yba9ydtfrnpxdv37jv1,mailto:reader-forwarded-email/21dba74cdc7814d7bd78f77e3086e504,2023-02-06T13:18:43.563000+00:00,email
The 260 Journey,Times Square Church,,https://read.readwise.io/read/01grjza1ye4v57gff6065ft986,mailto:reader-forwarded-email/ae7736c0d089faae9db696ea6ebc78c9,2023-02-06T09:01:00.751000+00:00,email
The 260 Journey,Times Square Church,,https://read.readwise.io/read/01grb8fgvjrs2vw6hqzcdbyns9,mailto:reader-forwarded-email/b0c67b92c914eb75cf9695af5e697189,2023-02-03T09:07:21.587000+00:00,email
Ready for an Upgrade?,Justin Camp from WiRE,,https://read.readwise.io/read/01gr9e9pwcvkvyqvvqk3r75zbn,mailto:reader-forwarded-email/10ca474b8ca710a8c96bb30e57cd9125,2023-02-02T16:10:33.740000+00:00,email
The 260 Journey,Times Square Church,,https://read.readwise.io/read/01gr8ntxxmer3zrka735y3czm8,mailto:reader-forwarded-email/5d2a7fa2ad455ea0cf97138f811f75da,2023-02-02T09:03:03.604000+00:00,email
When the Doctor Doesn’t Listen,Cheri Lucas Rowlands,Longreads,https://read.readwise.io/read/01gr828fk0qjy01gdhp00c2dtt,https://longreads.com/2023/02/01/when-the-doctor-doesnt-listen/,2023-02-02T03:20:53.160000+00:00,rss
The 260 Journey,Times Square Church,,https://read.readwise.io/read/01gr63csabwfrc61qznbrbphw3,mailto:reader-forwarded-email/132ebe6b3b6cf8c1e2952b4888a217c9,2023-02-01T09:02:16.907000+00:00,email
The 260 Journey,Times Square Church,,https://read.readwise.io/read/01gr3gxmkymsgv8mj2dbmts57q,mailto:reader-forwarded-email/337bb4b27b4d69686c0b28931f3b7c51,2023-01-31T09:00:57.343000+00:00,email
A Relationship > A Rule,Justin Camp from WiRE,,https://read.readwise.io/read/01gr1dynm3j2znpbsceyamfvn3,mailto:reader-forwarded-email/6eafd5fee4864654c6a32ec50c624ef7,2023-01-30T13:30:36.548000+00:00,email
The 260 Journey,Times Square Church,,https://read.readwise.io/read/01gr0ytpaahs8d4ymt3tm37s7g,mailto:reader-forwarded-email/b8c6284c6753642a7f9b864ec84b8e38,2023-01-30T09:06:17.547000+00:00,email
The 260 Journey,Times Square Church,,https://read.readwise.io/read/01gqs7jjj8hnx12vqaa95kj069,mailto:reader-forwarded-email/b8561ee71e35a2eca42a72caa9119f9b,2023-01-27T09:05:13.288000+00:00,email
Want Impact?,Justin Camp from WiRE,,https://read.readwise.io/read/01gqq4dzekwxsrc2gqdgtez9qn,mailto:reader-forwarded-email/688f3171197b2918050f6eed803217c8,2023-01-26T13:31:48.051000+00:00,email
The 260 Journey,Times Square Church,,https://read.readwise.io/read/01gqpnamfvzp46556mq68mrd7s,mailto:reader-forwarded-email/903ea9a262454a6a40d2957598adde89,2023-01-26T09:07:49.884000+00:00,email
The 260 Journey,Times Square Church,,https://read.readwise.io/read/01gqm2wpqw630a6p8a3vpvmet4,mailto:reader-forwarded-email/16f46288be83f7fec746cda81d03bd1f,2023-01-25T09:07:10.204000+00:00,email
Last call! Don't miss the launch of LYT 10 🚀,Nick Milo,linkingyourthinking.com,https://read.readwise.io/read/01gqj34d0h1b7yk5n34a5d2wjw,mailto:reader-forwarded-email/366c05c691d932c62c378b3af9142507,2023-01-24T14:32:53.521000+00:00,email
The 260 Journey,Times Square Church,,https://read.readwise.io/read/01gqhgbvw688e1b7kkcx1z9g9z,mailto:reader-forwarded-email/d15da3a770761656e8414b8049efb6a7,2023-01-24T09:04:55.175000+00:00,email
"Be Still, My Soul: A Hymn for the Hardest Losses",Jon Bloom,Desiring God,https://read.readwise.io/read/01gqfhh36djetpwwptj1rp0z84,http://rss.desiringgod.org/link/10732/15930651/be-still-my-soul,2023-01-23T14:46:40.221000+00:00,rss
Squinting Through the Fog?,Justin Camp from WiRE,,https://read.readwise.io/read/01gqfd80kvbker5g95nsq0x877,mailto:reader-forwarded-email/1140185dbf476ae3dbb3f8fdb2ca1a65,2023-01-23T13:31:54.364000+00:00,email
Here's One of My Non-negotiables ⏩,WiRE,,https://read.readwise.io/read/01gqedgc9fzzeg7hdc8ekj3dzd,mailto:reader-forwarded-email/6abb3425a8f328eb13fcba1c2c1a167a,2023-01-23T04:17:14.032000+00:00,email
What Big Tech layoffs suggest for the industry,The Pragmatic Engineer,Substack,https://read.readwise.io/read/01gq5hzbvbrcfqm3h5exz4n1zd,mailto:reader-forwarded-email/59911252a5638e0ae0ebf4bbb5e278fd,2023-01-19T17:42:09.515000+00:00,email
Speak Responsibly,Justin Camp from WiRE,,https://read.readwise.io/read/01gq53z6mzq499jrbdxvmj080e,mailto:reader-forwarded-email/c423a506cbd9d039e2786ca25d39ffaf,2023-01-19T13:37:24.127000+00:00,email
Wake-up Call,Justin Camp from WiRE,,https://read.readwise.io/read/01gpxbs6w33np60jry70ty016c,mailto:reader-forwarded-email/d96aa4667f4ca93ab6188c5b4ab4418e,2023-01-16T13:20:00.899000+00:00,email
"I don't understand terminals, shells and SSH",Hacker News,Jan van den Berg,https://read.readwise.io/read/01gprzw1kea2315tt952nfkqwh,https://j11g.com/2023/01/14/i-dont-understand-terminals-shells-and-ssh/,2023-01-14T20:34:44.166000+00:00,rss
🌠 Use Cases for Canvas & New Courses and Sample Vaults,Eleanor Konik,Obsidian Iceberg,https://read.readwise.io/read/01gpr7kjrvbdkfjtngmdxxh1d1,mailto:reader-forwarded-email/301337e7e6343492b07be0f3e9f1305a,2023-01-14T13:30:50.012000+00:00,email
Inside Pollen's Software Engineering Salaries,The Pragmatic Engineer,Substack,https://read.readwise.io/read/01gpkx91nze5ybfzn73mwknybj,mailto:reader-forwarded-email/7548d4cbaf845892eb5061ff82ffdefb,2023-01-12T21:13:21.343000+00:00,email
Nothing But Smoke,Justin Camp from WiRE,,https://read.readwise.io/read/01gpk2wycve06t9j5jp1nn8xjx,mailto:reader-forwarded-email/ca2457013ba07d7ec8aba5fdd94ee84b,2023-01-12T13:32:21.788000+00:00,email
🔑 Secure sign in link for Obsidian Roundup,Obsidian Roundup,Obsidian Iceberg,https://read.readwise.io/read/01gpgyrz7q4ge7bbb311sh1s3b,mailto:reader-forwarded-email/80b60d709a4f096c074a9e280f763294,2023-01-11T17:41:48.408000+00:00,email
How Do I Push Truth from My Head to My Heart?,John Piper,Desiring God,https://read.readwise.io/read/01gpgs8c11te3z0qsbjgctr8gg,http://rss.desiringgod.org/link/10732/15898103/how-do-i-push-truth-from-my-head-to-my-heart,2023-01-11T16:05:18.570000+00:00,rss
Who Are Your Fellow Conspirators?,Justin Camp from WiRE,,https://read.readwise.io/read/01gpbb5fhckc99r0kknqym9dvg,mailto:reader-forwarded-email/f73ccbd5cf90d42c2d6ef8f382355884,2023-01-09T13:22:54.637000+00:00,email
Game prototype using AI assisted graphics,Hacker News,Trafficking,https://read.readwise.io/read/01gp97emg2znh0s9ch2df3eq0g,https://www.traffickinggame.com/ai-assisted-graphics/,2023-01-08T17:38:49.459000+00:00,rss
Cupcake Land – Requiem for the Midwest in the Key of Vanilla (1987) [pdf],Hacker News,University of Florida,https://read.readwise.io/read/01gp97emfmpcpm7e1h78s84fb3,http://plaza.ufl.edu/atalbot/2007/enc1101/_Media/cupcakeland.pdf,2023-01-08T17:38:52.445000+00:00,rss
"The Art of LaTeX: Advice for Typesetting Beautiful, Delightful Proofs",Hacker News,fanpu.io,https://read.readwise.io/read/01gp97emf5zxxk38egddv4fm2c,https://fanpu.io/blog/2023/latex-tips/,2023-01-08T17:38:55.430000+00:00,rss
Apple Fined $8.5M for Illegally Collecting iPhone Owners' Data for Ads,Hacker News,Gizmodo,https://read.readwise.io/read/01gp97emeprcpeqrqxc523z96p,https://gizmodo.com/apple-iphone-france-ads-fine-illegal-data-1849950163,2023-01-08T17:38:58.415000+00:00,rss
"It's Plausible, but Is It True?",Hacker News,atomic14,https://read.readwise.io/read/01gp97emdx8dnjwgqedb8qm2ak,https://www.atomic14.com/2023/01/08/prioritising-plausability-over-truthfullness.html,2023-01-08T17:39:01.390000+00:00,rss
Shorting Tether For Fun and Profit,Fake Money News,substack.com,https://read.readwise.io/read/01gp97emde6jkx2phyne1p51cc,https://fakemoneynews.substack.com/p/shorting-tether-for-fun-and-profit,2023-01-08T17:39:04.374000+00:00,rss
The Difference Between Mineral Spirits and Mineral Oil,Elizabeth Yuko,Lifehacker,https://read.readwise.io/read/01gp97emd42868jsm3vq4bq906,https://lifehacker.com/the-difference-between-mineral-spirits-and-mineral-oil-1849958009,2023-01-08T17:39:28.365000+00:00,rss
"Universe 25, 1968–1973",Hacker News,The Scientist Magazine®,https://read.readwise.io/read/01gp97emcy5d045a3r1c16b6kz,https://www.the-scientist.com/foundations/universe-25-1968-1973-69941,2023-01-08T17:39:07.358000+00:00,rss
How California could save up its rain to ease future droughts,The Conversation,Ars Technica,https://read.readwise.io/read/01gp97emcht2rr3wddv0f6mf3h,https://arstechnica.com/?p=1908432,2023-01-08T17:39:28.345000+00:00,rss
Atlas of oblique maps: A collection of landform portrayals of areas of the world,Hacker News,U.S. Geological Survey,https://read.readwise.io/read/01gp97emcf0d4mpd29zh0fdgq2,https://pubs.er.usgs.gov/publication/i1799,2023-01-08T17:39:10.344000+00:00,rss
Patagonia’s $3 billion corporate gift is also a convenient way to avoid taxes,Quartz,Quartz,https://read.readwise.io/read/01gp97emb27smy4d5n7a0v3kcs,https://qz.com/patagonia-s-3-billion-corporate-gift-is-also-a-conveni-1849543678,2023-01-08T17:39:19.298000+00:00,rss
SJ police recover stolen cars using license-plate recognition and helicopter,Hacker News,KRON4,https://read.readwise.io/read/01gp97emaka4yqrr20675cehcj,https://www.kron4.com/news/bay-area/san-jose-police-recover-three-stolen-cars-using-license-plate-recognition-and-helicopter/,2023-01-08T17:39:22.284000+00:00,rss
Ask HN: What are you looking forward to reading in 2023?,Hacker News,ycombinator.com,https://read.readwise.io/read/01gp97em9z422jr96m7sx31fxd,https://news.ycombinator.com/item?id=34300803,2023-01-08T17:39:25.263000+00:00,rss
My Encounter with Medley Interlisp,Hacker News,Paolo Amoroso's Journal,https://read.readwise.io/read/01gp97em9fwh10masamvqy3g5n,https://journal.paoloamoroso.com/my-encounter-with-medley-interlisp,2023-01-08T17:39:28.247000+00:00,rss
Tim Miller Takes Over Reshoot Duties for Eli Roth's Borderlands Movie,Justin Carter,Gizmodo,https://read.readwise.io/read/01gp97em7fy835h38sde5exez2,https://gizmodo.com/borderlands-tim-miller-direct-reshoots-eli-roth-1849963510,2023-01-08T17:39:25.184000+00:00,rss
"James Cameron Sees Writing on the Wall, Says Avatar Sequels Will Happen",Justin Carter,Gizmodo,https://read.readwise.io/read/01gp97em6r9zp7vy3w73ye8yqb,https://gizmodo.com/james-cameron-avatar-4-avatar-5-sequels-1849963281,2023-01-08T17:39:28.160000+00:00,rss
"The famous ""36 questions that lead to love""...",Ivan Vendrov,Twitter,https://read.readwise.io/read/01gp8wapk9tcz2yqkybcxggg3x,https://twitter.com/ivanvendrov/status/1611809666266435584,2023-01-08T14:23:41.202000+00:00,rss
"If you like startups you should love anti-trust
If you like startups you should love anti-trust",Alex Wilhelm,substack.com,https://read.readwise.io/read/01gp8wapjt0wysz5d9cjmqz3mg,https://alexwrites.substack.com/p/if-you-like-startups-you-should-love,2023-01-08T14:23:44.187000+00:00,rss
Ask HN: How to move from traditional tech into game dev?,Hacker News,ycombinator.com,https://read.readwise.io/read/01gp8wapja3dr18xbk4r0vy90h,https://news.ycombinator.com/item?id=34295863,2023-01-08T14:23:47.170000+00:00,rss
Achieving Product of the Day on Product Hunt with a Trello Board,Art Kulakov,Medium,https://read.readwise.io/read/01gp8waphqyvf7hry605xkjcp4,https://artkulakov.medium.com/how-i-achieved-product-of-the-day-on-product-hunt-with-a-trello-board-c9a5a44d11d0,2023-01-08T14:23:50.151000+00:00,rss
Mariner's Guide to the 500-Millibar Chart [pdf],Hacker News,Weather.gov,https://read.readwise.io/read/01gp8waph7r9nksbrbfpzz3s21,https://ocean.weather.gov/articles/mariners_guide_500mb_chart.pdf,2023-01-08T14:23:53.135000+00:00,rss
"Cheap, sustainable hydrogen through solar power",Hacker News,University of Michigan News,https://read.readwise.io/read/01gp8wapgqkx6tk9bp0az7y6nc,https://news.umich.edu/cheap-sustainable-hydrogen-through-solar-power/,2023-01-08T14:23:56.120000+00:00,rss
"Former Fed Chairman: Crypto Is ""Too Dependent on the Greater Fool Theory"" [pdf]",Hacker News,,https://read.readwise.io/read/01gp8wapg76dskn6c959f5tvg9,https://acmwealth.com/wp-content/uploads/2023/01/ACM_AG_Article_JAN_-2023.pdf,2023-01-08T14:23:59.103000+00:00,rss
"CSS lengths in Gecko are limited to 17,895,697 pixels (2010)",Hacker News,mozilla.org,https://read.readwise.io/read/01gp8wapfmbcgg848s6jsqkjcb,https://bugzilla.mozilla.org/show_bug.cgi?id=552412,2023-01-08T14:24:02.085000+00:00,rss
Ask HN: Plans for Weathering the Tech Recession?,Hacker News,ycombinator.com,https://read.readwise.io/read/01gp8wapf1ctvbp5d9p93n323p,https://news.ycombinator.com/item?id=34296393,2023-01-08T14:24:05.065000+00:00,rss
Delphi VCL and FMX Libraries for Python,Hacker News,Embarcadero,https://read.readwise.io/read/01gp8wapehvhvmyegj19pv36ba,https://www.embarcadero.com/delphi-libraries-for-python,2023-01-08T14:24:08.049000+00:00,rss
"PhotoRoom Is Hiring a Fullstack API Developer (OpenAPI, Python, React) in Paris",Hacker News,lever.co,https://read.readwise.io/read/01gp8wapdebkj470476xc8tba9,https://jobs.lever.co/photoroom/29260c53-a84f-4d4f-a322-3bdc8540cdb7?lever-origin=applied&lever-source%5B%5D=yc,2023-01-08T14:24:14.015000+00:00,rss
OOP in C,Hacker News,University of Washington,https://read.readwise.io/read/01gp8wapcx19agyw9k45sb5fzf,http://staff.washington.edu/gmobus/Academics/TCES202/Moodle/OO-ProgrammingInC.html,2023-01-08T14:24:16.998000+00:00,rss
ChatGPT: How many letters has the string “djsjcnnrjfkalcr”?,Hacker News,ycombinator.com,https://read.readwise.io/read/01gp8wapccnepdfvrynz6d46t4,https://news.ycombinator.com/item?id=34296983,2023-01-08T14:24:19.981000+00:00,rss
Disruptive effects on the lips of horn players seated too close to the timpani,Hacker News,unsw.edu.au,https://read.readwise.io/read/01gp8wapbxhysrgw1rdp72ws66,https://newt.phys.unsw.edu.au/jw/timpani-horn/timpani-horn.html,2023-01-08T14:24:22.965000+00:00,rss
Ask HN: Kids Computer,Hacker News,ycombinator.com,https://read.readwise.io/read/01gp8wapbamepnr75kpq6h0w3y,https://news.ycombinator.com/item?id=34297187,2023-01-08T14:24:25.947000+00:00,rss
"The DIY Scientist, the Olympian, and the Mutated Gene",Hacker News,ProPublica,https://read.readwise.io/read/01gp8wapat350p7a02bwj0rerm,https://www.propublica.org/article/muscular-dystrophy-patient-olympic-medalist-same-genetic-mutation,2023-01-08T14:24:28.930000+00:00,rss
Ask HN: Since when is everything a scam?,Hacker News,ycombinator.com,https://read.readwise.io/read/01gp8wapa6aekbmjzm2zsxy7ad,https://news.ycombinator.com/item?id=34297364,2023-01-08T14:24:31.910000+00:00,rss
"I'm Lonely, and Created a CBDC",Hacker News,ycombinator.com,https://read.readwise.io/read/01gp8wap9krp8z2n52jh6ac1bq,https://news.ycombinator.com/item?id=34297512,2023-01-08T14:24:34.891000+00:00,rss
"Gimel Studio: Non-destructive, 2D image editor",Hacker News,gimelstudio.github.io,https://read.readwise.io/read/01gp8wap93p02dzzh7gp1enrst,https://gimelstudio.github.io/,2023-01-08T14:24:37.875000+00:00,rss
How Organisms Come to Know the World: Fundamental Limits on AGI,Hacker News,Frontiers,https://read.readwise.io/read/01gp8wap8j89qh5em8jq8543fm,https://www.frontiersin.org/articles/10.3389/fevo.2021.806283/full,2023-01-08T14:24:40.858000+00:00,rss
"If we all cycled like the Dutch, global emissions would drop 700M tonnes",Hacker News,euronews,https://read.readwise.io/read/01gp8wap7wx2vhbcgfk8b15wqf,https://www.euronews.com/green/2022/08/19/on-your-bike-if-we-all-cycled-like-the-dutch-global-emissions-drop-nearly-700-million-tonn,2023-01-08T14:24:43.836000+00:00,rss
Weird Laptops are Coming – CES 2023,Hacker News,YouTube,https://read.readwise.io/read/01gp8wap6tk97g25hy3abrdyp3,https://www.youtube.com/watch?v=k3LlyLx-2b8,2023-01-08T14:24:46.802000+00:00,rss
Mapping the World’s River Basins by Continent,Hacker News,Visual Capitalist,https://read.readwise.io/read/01gp8wap6anvfd8cesht83kzbt,https://www.visualcapitalist.com/cp/mapping-the-worlds-river-basins-by-continent/,2023-01-08T14:24:49.787000+00:00,rss
Plover,Hacker News,Open Steno Project,https://read.readwise.io/read/01gp8wap5s9vz7hwjf298gdphb,https://www.openstenoproject.org/plover/,2023-01-08T14:24:52.770000+00:00,rss
Tax System in the Faroe Islands: what America and the world can learn from it,Hacker News,The American Prospect,https://read.readwise.io/read/01gp8wap4xtxe6jv9ft6n87tgr,https://prospect.org/world/best-tax-system-on-earth-faroe-islands/,2023-01-08T14:24:55.741000+00:00,rss
You Should Be Rotating Your Houseplants,Elizabeth Yuko,Lifehacker,https://read.readwise.io/read/01gp8wap4eyess449ecf21zfa3,https://lifehacker.com/you-should-be-rotating-your-houseplants-1849958014,2023-01-08T14:25:04.726000+00:00,rss
A Hamline Adjunct Showed a Painting of the Prophet Muhammad. She Lost Her Job. - The New York Times,Vimal Patel,New York Times,https://read.readwise.io/read/01gp8wap4cn1basya6w25cn7xc,https://www.nytimes.com/2023/01/08/us/hamline-university-islam-prophet-muhammad.html,2023-01-08T14:24:58.725000+00:00,rss
The Curse Under Our Breath: What Grumbling Sounds Like to God,Greg Morse,Desiring God,https://read.readwise.io/read/01gp8wap4cm5dh29pc70n09vtj,http://rss.desiringgod.org/link/10732/15889410/the-curse-under-our-breath,2023-01-08T14:25:01.724000+00:00,rss
Twitter Layoffs Continue into 2023,Hacker News,TimesNow,https://read.readwise.io/read/01gp8wap3w71npbsv1943c9kqa,https://www.timesnownews.com/business-economy/companies/twitter-layoffs-continue-into-2023-content-moderation-teams-in-singapore-dublin-see-job-cuts-article-96829367,2023-01-08T14:25:01.708000+00:00,rss
Is Jesus an Egomaniac? Overcoming a Major Obstacle to Christian Faith,John Piper,Desiring God,https://read.readwise.io/read/01gp8wap3k82yh9y21x48kdk32,http://rss.desiringgod.org/link/10732/15889409/is-jesus-an-egomaniac--3,2023-01-08T14:25:04.699000+00:00,rss
Can Ads Be GDPR Compliant?,Hacker News,jefftk.com,https://read.readwise.io/read/01gp8wap3aqc1n8g1yy8n01850,https://www.jefftk.com/p/can-ads-be-gdpr-compliant,2023-01-08T14:25:04.690000+00:00,rss
Why Elon's Twitter Subscriptions Are Missing the Point,Jeffrey Scott Edell,Gizmodo,https://read.readwise.io/read/01gp8wap0bbd76zb7g6pzc4h2z,https://gizmodo.com/elon-musk-twitter-subscriptions-privacy-mewe-facebook-1849955915,2023-01-08T14:25:04.596000+00:00,rss
GitHub - vvaltchev/tilck: A Tiny Linux-Compatible Kernel,https://github.com/vvaltchev/,GitHub,https://read.readwise.io/read/01gp7q8cg6dpkb0v9ezhcsfjmn,https://github.com/vvaltchev/tilck,2023-01-08T03:37:09.014000+00:00,rss
Ask HN: DarkSky Alternatives?,Hacker News,ycombinator.com,https://read.readwise.io/read/01gp7q8cfc3r1tckpd7gz97086,https://news.ycombinator.com/item?id=34295443,2023-01-08T03:37:11.989000+00:00,rss
California is getting drenched. So why can't it save water for the drought?,Hacker News,NPR.org,https://read.readwise.io/read/01gp7mr13zejrpckzanatksxrc,https://www.npr.org/2023/01/07/1147494521/california-weather-storm-water,2023-01-08T02:53:18.919000+00:00,rss
"Apple rolls out AI-narrated audiobooks, and it’s probably the start of a trend",Samuel Axon,Ars Technica,https://read.readwise.io/read/01gp7gtnj5yhmw1zc0gjcrqffy,https://arstechnica.com/?p=1908528,2023-01-08T01:44:45.086000+00:00,rss
Ancient Roman concrete could self-heal thanks to “hot mixing” with quicklime,Jennifer Ouellette,Ars Technica,https://read.readwise.io/read/01gp7gtndw75yvst82jdvv5dw6,https://arstechnica.com/?p=1908331,2023-01-08T01:44:47.949000+00:00,rss
What Twitter’s 200 million email leak really means,WIRED,Ars Technica,https://read.readwise.io/read/01gp7gtn7qk9vz1fx4qfdh73wj,https://arstechnica.com/?p=1908413,2023-01-08T01:44:50.752000+00:00,rss
GPT-4 prediction: it won’t be useful,Hacker News,Tumblr,https://read.readwise.io/read/01gp7gtmj3tdsx036wt3cztbqv,https://nostalgebraist.tumblr.com/post/705192637617127424/gpt-4-prediction-it-wont-be-very-useful,2023-01-08T01:44:50.059000+00:00,rss
GitHub - vitoplantamura/BugChecker: SoftICE-like kernel debugger for Windows 11,https://github.com/vitoplantamura/,GitHub,https://read.readwise.io/read/01gp7fsdp983gpa57207zmejs0,https://github.com/vitoplantamura/BugChecker,2023-01-08T01:22:29.681000+00:00,rss
Things they didn’t teach you about software engineering,Hacker News,Vadim Kravcenko,https://read.readwise.io/read/01gp7fsdnr2k3m5byznqzaag90,https://vadimkravcenko.com/shorts/things-they-didnt-teach-you/,2023-01-08T01:22:32.664000+00:00,rss
Tell HN: Oculus will delete purchases if you don’t switch to a meta account,Hacker News,ycombinator.com,https://read.readwise.io/read/01gp7fsdn5601mdpt5ptq7mwfg,https://news.ycombinator.com/item?id=34282623,2023-01-08T01:22:35.645000+00:00,rss
"Less gym time, same results: Why ‘lowering’ weights is all you need to do",Hacker News,ECU,https://read.readwise.io/read/01gp7fsdmh595ws4n247fkm32e,https://www.ecu.edu.au/newsroom/articles/research/less-gym-time-same-results-why-lowering-weights-is-all-you-need-to-do,2023-01-08T01:22:38.625000+00:00,rss
"Cisco commences layoffs, slashing nearly 700 Bay Area tech jobs",Hacker News,SFGATE,https://read.readwise.io/read/01gp7fsdkatmfebj54e5bzdfvm,https://www.sfgate.com/tech/article/cisco-cuts-nearly-700-jobs-17700163.php,2023-01-08T01:22:44.586000+00:00,rss
"Physical buttons outperform touchscreens in new cars, test finds",Hacker News,Vi Bilägare,https://read.readwise.io/read/01gp7fsdjm8162mxymjbpnzaeb,https://www.vibilagare.se/english/physical-buttons-outperform-touchscreens-new-cars-test-finds,2023-01-08T01:22:47.565000+00:00,rss
Death by Vegetable Oil,Hacker News,jeffnobbs.com,https://read.readwise.io/read/01gp7fsdhzya9vn6cg7cwb5t1t,https://www.jeffnobbs.com/posts/death-by-vegetable-oil-what-the-studies-say,2023-01-08T01:22:50.543000+00:00,rss
Monkey stone tools shed doubts on the human origin of archeological sites,Hacker News,SAGE Journals,https://read.readwise.io/read/01gp7fsdhaqzthv7zf5qycrt82,https://journals.sagepub.com/doi/10.1177/09596836221131707,2023-01-08T01:22:53.522000+00:00,rss
Always bet on text (2014),Hacker News,dreamwidth.org,https://read.readwise.io/read/01gp7fsdghc3rby6b32sn7qjdj,https://graydon2.dreamwidth.org/193447.html,2023-01-08T01:22:56.498000+00:00,rss
English Eel-Rents: 10th-17th Centuries,Hacker News,Historia Cartarum,https://read.readwise.io/read/01gp7fsdfvq81nmgegbbkgdj9r,https://historiacartarum.org/eel-rents-project/english-eel-rents-10th-17th-centuries/,2023-01-08T01:22:59.475000+00:00,rss
Only the richest ancient Athenians paid taxes,Hacker News,The Conversation,https://read.readwise.io/read/01gp7fsdf5gw59m5km0fqtw4ew,https://theconversation.com/only-the-richest-ancient-athenians-paid-taxes-and-they-bragged-about-it-147249,2023-01-08T01:23:02.454000+00:00,rss
The Detective of Northern Oddities (2017),Hacker News,Outside Online,https://read.readwise.io/read/01gp7fsdefb1qdraz3b79rbgmg,https://www.outsideonline.com/outdoor-adventure/environment/detective-northern-oddities/,2023-01-08T01:23:05.432000+00:00,rss
In the Stacks,Hacker News,brandnewbox.com,https://read.readwise.io/read/01gp7fsddsf9vs29h2c7k89gfh,https://brandnewbox.com/inthestacks/?ref=the-browser,2023-01-08T01:23:08.409000+00:00,rss
Jazz Is Freedom,Hacker News,The Baffler,https://read.readwise.io/read/01gp7fsdd0qxtwhmzszj4wgcs0,https://thebaffler.com/salvos/jazz-is-freedom-grimstad,2023-01-08T01:23:11.384000+00:00,rss
Epochalypse,Hacker News,epochalypse.today,https://read.readwise.io/read/01gp7fsdcdg7t1aptjzh807xtg,https://www.epochalypse.today/,2023-01-08T01:23:14.365000+00:00,rss
I Feel for the NetBSD Community,Hacker News,Rubenerd,https://read.readwise.io/read/01gp7fsdbt0e20sweyk8x7rn2h,https://rubenerd.com/i-feel-for-the-netbsd-community/,2023-01-08T01:23:17.347000+00:00,rss
Show HN: Devbase – Find products to make your next fantastic project,Hacker News,devbase.fyi,https://read.readwise.io/read/01gp7fsdahd8jqfsvd30thh3b7,https://devbase.fyi/,2023-01-08T01:23:23.305000+00:00,rss
The all in one web editor for M68K,Hacker News,specy.app,https://read.readwise.io/read/01gp7fsd9ydrrwgdhwp1wzdp0v,https://asm-editor.specy.app/,2023-01-08T01:23:26.286000+00:00,rss
ChaCha20 Encryption Performance on Dec PDP-11 (2021),Hacker News,neocities.org,https://read.readwise.io/read/01gp7fsd9ar9385bz23vxwh9pf,https://niconiconi.neocities.org/posts/chacha20-performance-on-pdp-11/,2023-01-08T01:23:29.266000+00:00,rss
Podman in Action,Hacker News,Red Hat Developer,https://read.readwise.io/read/01gp7fsd8pcy146m1t31rtdcqn,https://developers.redhat.com/e-books/podman-action,2023-01-08T01:23:32.247000+00:00,rss
GOP leader McCarthy elected House Speaker on 15th vote in historic run,Hacker News,CNBC,https://read.readwise.io/read/01gp7fsd82f19cp8yxq72gn0b1,https://www.cnbc.com/2023/01/06/live-updates-on-house-speaker-vote-gop-leader-mccarthy-fights-for-his-political-future-in-historic-battle-for-the-gavel.html,2023-01-08T01:23:35.227000+00:00,rss
The Limits of GPT-3 and Similar Large Language Models,Hacker News,SpringerLink,https://read.readwise.io/read/01gp7fsd7ebazgf405mbr4aee4,https://link.springer.com/article/10.1007/s11023-022-09602-0,2023-01-08T01:23:38.206000+00:00,rss
Devirtualizing Nike.com's Bot Protection (Part 1),Hacker News,nullpt.rs,https://read.readwise.io/read/01gp7fsd6v3zcj61zhxvqmyz3y,https://www.nullpt.rs/devirtualizing-nike-vm-1,2023-01-08T01:23:41.187000+00:00,rss
MacLynx beta 4: now with scrollbars and dialogue boxes,Hacker News,oldvcr.blogspot.com,https://read.readwise.io/read/01gp7fsd66qjx3h3kefcm5sgzh,http://oldvcr.blogspot.com/2023/01/maclynx-beta-4-now-with-scrollbars-and.html,2023-01-08T01:23:44.166000+00:00,rss
Axiom.ai (YC W21) Is Hiring Customer Success Engineers,Hacker News,Y Combinator,https://read.readwise.io/read/01gp7fsd5jjn0m1jh7mf9etw12,https://www.ycombinator.com/companies/axiom-ai/jobs/c57IYuA-customer-success-engineer,2023-01-08T01:23:47.147000+00:00,rss
Software horror show: SAP Concur,Hacker News,plover.com,https://read.readwise.io/read/01gp7fsd4xxa7c5vnzpn9s648y,https://blog.plover.com/prog/crap-warning-signs-2.html,2023-01-08T01:23:50.126000+00:00,rss
Cybiko,Hacker News,wikipedia.org,https://read.readwise.io/read/01gp7fsd47n6z51w83tvf8k6tg,https://en.wikipedia.org/wiki/Cybiko,2023-01-08T01:23:53.103000+00:00,rss
Ask HN: Did dang get hacked?,Hacker News,ycombinator.com,https://read.readwise.io/read/01gp7fsd3kp1fwbjm0p0asf65w,https://news.ycombinator.com/item?id=34286253,2023-01-08T01:23:56.083000+00:00,rss
Watch out for DoS when using Rust’s popular Hyper package,Hacker News,JFrog,https://read.readwise.io/read/01gp7fsd2zj3kz9aq3x8kwvw49,https://jfrog.com/blog/watch-out-for-dos-when-using-rusts-popular-hyper-package/,2023-01-08T01:23:59.063000+00:00,rss
The beauty of CGI and simple design,Hacker News,Rubenerd,https://read.readwise.io/read/01gp7fsd2dvjrkb45vm1qfpyrm,https://rubenerd.com/the-beauty-of-cgi-and-simple-design-by-hales/,2023-01-08T01:24:02.046000+00:00,rss
Asking ChatGPT to write my security-sensitive code for me,Hacker News,dreamwidth.org,https://read.readwise.io/read/01gp7fsd1vb9tr86s9xkdr63er,https://mjg59.dreamwidth.org/64090.html,2023-01-08T01:24:05.027000+00:00,rss
Best Current Operational Practice for Operators (2017),Hacker News,samenacouncil.org,https://read.readwise.io/read/01gp7fsd123088m1s8nbctaye5,https://www.ripe.net/publications/docs/ripe-690,2023-01-08T01:24:08.002000+00:00,rss
Why you don’t fall through the floor (2018),Hacker News,princeton.edu,https://read.readwise.io/read/01gp7fsd0f2seemqs82trm1t86,https://press.princeton.edu/books/paperback/9780691180984/the-new-science-of-strong-materials,2023-01-08T01:24:10.984000+00:00,rss
GitHub - Hypfer/Valetudo: Cloud replacement for vacuum robots enabling local-only operation,https://github.com/Hypfer/,GitHub,https://read.readwise.io/read/01gp7fsczq516agty9yjv7084t,https://github.com/Hypfer/Valetudo,2023-01-08T01:24:13.960000+00:00,rss
GoDaddy Rant:(,Hacker News,ycombinator.com,https://read.readwise.io/read/01gp7fscz1g27e26bycfgmt2q4,https://news.ycombinator.com/item?id=34287199,2023-01-08T01:24:16.938000+00:00,rss
Demanding polished work is a power play designed to take options away from you,Hacker News,Minimal | Writing + Notes. A meditation-inspired writing app.,https://read.readwise.io/read/01gp7fscya3h05pbkfc583k7v1,https://minimal.app/qo16ayjm,2023-01-08T01:24:19.915000+00:00,rss
"Social norms: the downside - by David Hugh-Jones
Social norms: the downside",David Hugh-Jones,substack.com,https://read.readwise.io/read/01gp7fscxn2y8aaqb1csyb1bmt,https://wyclif.substack.com/p/social-norms-the-downside,2023-01-08T01:24:22.893000+00:00,rss
"Tell HN: Vim users, `:x` is like `:wq` but writes only when changes are made",Hacker News,ycombinator.com,https://read.readwise.io/read/01gp7fscww0q29zbyfd7j76dn2,https://news.ycombinator.com/item?id=34287407,2023-01-08T01:24:25.868000+00:00,rss
Small Visual Basic,Hacker News,GitHub,https://read.readwise.io/read/01gp7fscw61hpggb0xzaejdmvx,https://github.com/VBAndCs/sVB-Small-Visual-Basic,2023-01-08T01:24:28.846000+00:00,rss
FTC intends to ban noncompete clauses that bind 30 million US workers,Jon Brodkin,Ars Technica,https://read.readwise.io/read/01gp7fscvgpjg5rb5sztjq42m2,https://arstechnica.com/tech-policy/2023/01/ftc-proposes-ban-on-noncompete-clauses-says-they-violate-workers-legal-rights/,2023-01-08T01:24:31.825000+00:00,rss
Classifying Python virtual environment workflows,Hacker News,"Tall, Snarky Canadian",https://read.readwise.io/read/01gp7fsctrcbvxx72qp4bb3ypt,https://snarky.ca/classifying-python-virtual-environment-workflows/,2023-01-08T01:24:34.800000+00:00,rss
Modern C for C++ Peeps,Hacker News,floooh.github.io,https://read.readwise.io/read/01gp7fsct3w946nba08zhbrrf1,https://floooh.github.io/2019/09/27/modern-c-for-cpp-peeps.html,2023-01-08T01:24:37.779000+00:00,rss
Not-Such-Better-Living Through Chemistry,Hacker News,Science Robotics,https://read.readwise.io/read/01gp7fscsd5wcsmdawqam1wtca,https://www.science.org/content/blog-post/not-such-better-living-through-chemistry,2023-01-08T01:24:40.758000+00:00,rss
“The Californian Ideology” by Richard Barbrook and Andy Cameron (1995),Bruce Sterling,Medium,https://read.readwise.io/read/01gp7fscrkqam5env1rdgdhahf,https://bruces.medium.com/the-californian-ideology-by-richard-barbrook-and-andy-cameron-1995-c50014fcdbce,2023-01-08T01:24:43.731000+00:00,rss
Ask HN: Main things to consider when building an app for business/enterprise,Hacker News,ycombinator.com,https://read.readwise.io/read/01gp7fscqw6mnnc5tn1z315s96,https://news.ycombinator.com/item?id=34287685,2023-01-08T01:24:46.708000+00:00,rss
The creator economy: the top 1% and everyone else,Hacker News,substack.com,https://read.readwise.io/read/01gp7fscq9r5c5whyzf2sr6381,https://therationalist.substack.com/p/the-creator-economy-the-top-1-and,2023-01-08T01:24:49.689000+00:00,rss
Study Finds That Buttons in Cars Are Safer and Quicker to Use Than Touchscreens,Hacker News,Futurism,https://read.readwise.io/read/01gp7fscpqyj0kfmwptfabad8v,https://futurism.com/the-byte/study-finds-that-buttons-in-cars-are-safer-and-quicker-to-use-than-touchscreens,2023-01-08T01:24:52.672000+00:00,rss
"The Rise of Steel, Part I",Brian Potter,substack.com,https://read.readwise.io/read/01gp7fscp3jaby5d5kp51j6nss,https://constructionphysics.substack.com/p/the-rise-of-steel-part-i,2023-01-08T01:24:55.652000+00:00,rss
Rsync.net Warrant Canary,Hacker News,rsync.net,https://read.readwise.io/read/01gp7fscnhj4ppx441bps8hdem,https://www.rsync.net/resources/notices/canary.txt,2023-01-08T01:24:58.634000+00:00,rss
I've realized I'm a bad software Developer,Hacker News,substack.com,https://read.readwise.io/read/01gp7fscmyfca0t11yxadprfjb,https://gaylelaakmann.substack.com/p/ive-realized-im-a-bad-software-developer,2023-01-08T01:25:01.615000+00:00,rss
"Guitar Effects Guidebook, Vol. 20 [pdf]",Hacker News,roland.com,https://read.readwise.io/read/01gp7fscma6rh6e18rymak3prg,https://static.roland.com/assets/media/pdf/guitar_effects_guidebook_vol_20.pdf,2023-01-08T01:25:04.595000+00:00,rss
Low nutritional quality in vegetarian meat,Hacker News,chalmers.se,https://read.readwise.io/read/01gp7fsckr5bes2f72rwa1sesp,https://www.chalmers.se/en/departments/bio/news/Pages/Low-nutritional-quality-in-vegetarian-meat-.aspx,2023-01-08T01:25:07.577000+00:00,rss
Universal flu vaccine against all known subtypes takes promising first steps,Hacker News,Science Robotics,https://read.readwise.io/read/01gp7fsck7c8thy8w10ktvxqch,https://www.science.org/doi/10.1126/science.abm0271,2023-01-08T01:25:10.559000+00:00,rss
The science of why you have great ideas in the shower,Hacker News,National Geographic,https://read.readwise.io/read/01gp7fscjjzmhc62a6p0rx3pgq,https://www.nationalgeographic.co.uk/history-and-civilisation/2022/08/the-science-of-why-you-have-great-ideas-in-the-shower,2023-01-08T01:25:13.538000+00:00,rss
The Safari bug that never was (2022),Hacker News,obyford.com,https://read.readwise.io/read/01gp7fschbm89av39ydw67vbr9,https://obyford.com/posts/the-safari-bug-that-never-was/,2023-01-08T01:25:19.499000+00:00,rss
Will We Know Alien Life When We See It?,Hacker News,Nautilus,https://read.readwise.io/read/01gp7fscgr4aw420sgmhqrwk4g,https://nautil.us/will-we-know-alien-life-when-we-see-it-256501/,2023-01-08T01:25:22.480000+00:00,rss
Show HN: A 100% free and interactive Python course for coding beginners,Hacker News,futurecoder.io,https://read.readwise.io/read/01gp7fscg4d3a97h9x0w3b5qd9,https://futurecoder.io/,2023-01-08T01:25:25.461000+00:00,rss
How microplastics are infiltrating the food you eat,BBC,BBC News Afrique,https://read.readwise.io/read/01gp7fscfes568n32k9rfn6fc9,https://www.bbc.com/future/article/20230103-how-plastic-is-getting-into-our-food,2023-01-08T01:25:28.438000+00:00,rss
EnterpriseReady,Hacker News,enterpriseready.io,https://read.readwise.io/read/01gp7fscevva3ngntgq259qd77,https://www.enterpriseready.io/,2023-01-08T01:25:31.420000+00:00,rss
Show HN: I Made a Logo Marketplace,Hacker News,logocreatorai.com,https://read.readwise.io/read/01gp7fsce8m34g13c2zgp54w8j,https://logocreatorai.com/marketplace,2023-01-08T01:25:34.401000+00:00,rss
MKBHD claims that post-processing is ruining iPhone photos,Filipe Espósito,9to5Mac,https://read.readwise.io/read/01gp7fscdm7ydz94fah14zdy1f,https://9to5mac.com/2023/01/06/mkbhd-post-processing-ruining-iphone-photos/,2023-01-08T01:25:37.380000+00:00,rss
Excess Management Is Costing the U.S. $3 Trillion Per Year,Harvard Business Review,Harvard Business Review,https://read.readwise.io/read/01gp7fscd29j3kn11gczwm9byj,https://hbr.org/2016/09/excess-management-is-costing-the-us-3-trillion-per-year,2023-01-08T01:25:40.362000+00:00,rss
"Can We Please Never Talk About Dedicated Biomass Again
Can We Please Never Talk About Dedicated Biomass As A Source Of Electricity Again",Steve Newman,substack.com,https://read.readwise.io/read/01gp7fscchrveszws2necr9yyy,https://climateer.substack.com/p/biomass,2023-01-08T01:25:43.345000+00:00,rss
Lessons learned from three container-management systems over a decade,Hacker News,Association for Computing Machinery,https://read.readwise.io/read/01gp7fscbwbt53s70hmf7f4xq3,https://queue.acm.org/detail.cfm?id=2898444,2023-01-08T01:25:46.324000+00:00,rss
Ask HN: Someone removing your MIT LICENSE in their fork?,Hacker News,ycombinator.com,https://read.readwise.io/read/01gp7fscb7ryqdfpy5q742fn2a,https://news.ycombinator.com/item?id=34291038,2023-01-08T01:25:49.304000+00:00,rss
"Seattle Public Schools sues TikTok, YouTube, Instagram over youth mental health",Hacker News,GeekWire,https://read.readwise.io/read/01gp7fscan5z5gye0sw1e8g67c,https://www.geekwire.com/2023/seattle-public-schools-sues-tiktok-youtube-instagram-and-others-seeking-compensation-for-youth-mental-health-crisis/,2023-01-08T01:25:52.285000+00:00,rss
Production Twitter on one machine? 100Gbps NICs and NVMe are fast,Hacker News,thume.ca,https://read.readwise.io/read/01gp7fsbxwdb931t7dddn9h7aw,https://thume.ca/2023/01/02/one-machine-twitter/,2023-01-08T01:25:54.876000+00:00,rss
A ChatGPT-authored article hit the front page of HN this morning,Hacker News,brandur.org,https://read.readwise.io/read/01gp7fsbxbaee71yesw3mafeq3,https://brandur.org/fragments/chatgpt-front-pages,2023-01-08T01:25:57.859000+00:00,rss
Aral Sea Disaster: Why One of the Biggest Inland Seas Dried Up?,Hacker News,Marine Insight,https://read.readwise.io/read/01gp7fsbws41v6chd5k0akkww7,https://www.marineinsight.com/environment/aral-sea-disaster-why-one-of-the-biggest-inland-seas-dried-up/,2023-01-08T01:26:00.842000+00:00,rss
Scientists study how wavy jet stream plus ‘extra warmth’ fuels extreme weather,"Camilla Hodgson
Steven Bernard",Financial Times,https://read.readwise.io/read/01gp7fsbw819d4pvc5y3kh7xf8,https://www.ft.com/content/81af6ef5-e241-4496-ac36-38d3fcfe0956,2023-01-08T01:26:03.824000+00:00,rss
Why ChatGPT won’t replace search engines any time soon,Hacker News,Algolia Blog,https://read.readwise.io/read/01gp7fsbvn0nzwfkkn87anaacn,https://www.algolia.com/blog/ai/why-chatgpt-wont-replace-search-engines-any-time-soon/,2023-01-08T01:26:06.806000+00:00,rss
Using Qt 6 under LGPLv3,Hacker News,Burkhard Stubert,https://read.readwise.io/read/01gp7fsbv45q79w50yzjsm7v80,https://embeddeduse.com/2023/01/06/using-qt-5-15-and-qt-6-under-lgplv3/,2023-01-08T01:26:09.789000+00:00,rss
There Is No Software Maintenance,Hacker News,Henrik Warne's blog,https://read.readwise.io/read/01gp7fsbtjs4976nqft5q52t0x,https://henrikwarne.com/2023/01/07/there-is-no-software-maintenance/,2023-01-08T01:26:12.771000+00:00,rss
Why Does Private Equity Get to Play Make-Believe with Prices?,Hacker News,Institutional Investor,https://read.readwise.io/read/01gp7fsbt0w5w4c3v32n7xhd3m,https://www.institutionalinvestor.com/article/b1h9csrci656v4/Why-Does-Private-Equity-Get-to-Play-Make-Believe-With-Prices,2023-01-08T01:26:15.753000+00:00,rss
The time I yoga-balled an Apple store employee,Hacker News,jasoneckert.github.io,https://read.readwise.io/read/01gp7fsbse2mcpgrjzr4z3jx7e,https://jasoneckert.github.io/myblog/the-time-i-yoga-balled-an-apple-store-employee/,2023-01-08T01:26:18.734000+00:00,rss
Jailbroken iOS can't run macOS apps. I spent a week to find out why. (2021),Hacker News,Worth Doing Badly,https://read.readwise.io/read/01gp7fsbrv5s4jazc3vm68fj9b,https://worthdoingbadly.com/macappsios/,2023-01-08T01:26:21.716000+00:00,rss
"FDA approves new Alzheimer’s treatment despite risks, unclear benefits",Beth Mole,Ars Technica,https://read.readwise.io/read/01gp7fsbrek5spp36w7regpa05,https://arstechnica.com/?p=1908494,2023-01-08T01:26:36.703000+00:00,rss
Schmidt Futures 2022 – end of year letter,Hacker News,Schmidt Futures,https://read.readwise.io/read/01gp7fsbrar3f4p76h45z23jt4,https://www.schmidtfutures.com/schmidt-futures-2022/,2023-01-08T01:26:24.698000+00:00,rss
GitHub - Airblader/i3: A fork of the i3 window manager with gaps and some other features. i3-gaps has been merged into i3.,https://github.com/Airblader/,GitHub,https://read.readwise.io/read/01gp7fsbqrd413qvwezqgp64mk,https://github.com/Airblader/i3,2023-01-08T01:26:27.680000+00:00,rss
Google’s split-screen Android Auto revamp is rolling out now,Ron Amadeo,Ars Technica,https://read.readwise.io/read/01gp7fsbq9d2x1xr3w40fqggpf,https://arstechnica.com/?p=1908481,2023-01-08T01:26:39.666000+00:00,rss
College Fired a Professor for Showing a Painting of Muhammad,Hacker News,Reason.com,https://read.readwise.io/read/01gp7fsbpgsf6nrgcz4c88z6tj,https://reason.com/2023/01/05/a-college-fired-a-professor-for-showing-a-painting-of-muhammad-now-it-could-lose-its-accreditation/,2023-01-08T01:26:30.640000+00:00,rss
Brendan Fraser Would Absolutely Sign Up for a Mummy Reboot,Linda Codega,Gizmodo,https://read.readwise.io/read/01gp7fsbnyj5040h1e1tzd7ad6,https://gizmodo.com/brendan-fraser-the-mummy-reboot-rick-oconnell-return-1849960697,2023-01-08T01:26:12.623000+00:00,rss
Save More Money by Stacking Your Coupons,Elizabeth Yuko,Lifehacker,https://read.readwise.io/read/01gp7fsbnhwzaezpm8bsnbnpe7,https://lifehacker.com/save-more-money-by-stacking-your-coupons-1849958093,2023-01-08T01:26:36.610000+00:00,rss
Testing Without Mocks: A Pattern Language,Hacker News,jamesshore.com,https://read.readwise.io/read/01gp7fsbnfe78b7mpv6t72ngbm,https://www.jamesshore.com/v2/projects/testing-without-mocks/testing-without-mocks,2023-01-08T01:26:33.607000+00:00,rss
For Mothers of Future Men,Abigail Dodds,Desiring God,https://read.readwise.io/read/01gp7fsbndn1t77xjweq61bsh2,http://rss.desiringgod.org/link/10732/15888324/for-mothers-of-future-men,2023-01-08T01:26:36.606000+00:00,rss
The Most Precious Human Relics Left in Space,George Dvorsky,Gizmodo,https://read.readwise.io/read/01gp7fsbnb1ss5dh135mct1hpy,https://gizmodo.com/space-history-most-important-human-objects-1849950095,2023-01-08T01:26:15.603000+00:00,rss
The Easiest Way to Get Rid of Old Wallpaper,Elizabeth Yuko,Lifehacker,https://read.readwise.io/read/01gp7fsbmyr513k0cxjpp1syg4,https://lifehacker.com/the-easiest-way-to-get-rid-of-old-wallpaper-1849958038,2023-01-08T01:26:39.591000+00:00,rss
DoNotPay's 'Robot Lawyer' Is Gearing Up for Its First U.S. Court Case,Lauren Leffer,Gizmodo,https://read.readwise.io/read/01gp7fsbmpzphafk55x6t9m5qf,https://gizmodo.com/donotpay-speeding-ticket-chatgpt-1849960272,2023-01-08T01:26:18.582000+00:00,rss
Afroman – Will You Help Me Repair My Door (Official Music Video),Hacker News,YouTube,https://read.readwise.io/read/01gp7fsbmcr6fmhderyygt9pqw,https://www.youtube.com/watch?v=oponIfu5L3Y,2023-01-08T01:26:36.573000+00:00,rss
"The Revelation of Jesus from Heaven: 2 Thessalonians 1:5–8, Part 4",John Piper,Desiring God,https://read.readwise.io/read/01gp7fsbm73ya7qzpzsc39ybwf,http://rss.desiringgod.org/link/10732/15888323/the-revelation-of-jesus-from-heaven,2023-01-08T01:26:39.567000+00:00,rss
10 Things ChatGPT Can and Can't Do,Lucas Ropek,Gizmodo,https://read.readwise.io/read/01gp7fsbm1cfmrapmat6p594vh,https://gizmodo.com/chatgpt-free-ai-10-fails-nyc-schools-college-essay-porn-1849956907,2023-01-08T01:26:21.561000+00:00,rss
Kendrick Lamar’s New Chapter,Peter Rubin,Longreads,https://read.readwise.io/read/01gp7fsbkt34fj1bp6pvw295bg,https://longreads.com/2023/01/06/kendrick-lamars-new-chapter/,2023-01-08T01:26:36.555000+00:00,rss
Is Ireland Still Ireland?,Hacker News,ERIVGENA REVIEW,https://read.readwise.io/read/01gp7fsbks3rj3kfamdvjhxhdt,https://eriugenareview.com/posts/f/is-ireland-still-ireland,2023-01-08T01:26:39.553000+00:00,rss
10 Windows Interfaces That Are Burned Into Your Brain Forever,Thomas Germain,Gizmodo,https://read.readwise.io/read/01gp7fsbkeh2t1aadmhnj056jt,https://gizmodo.com/windows-microsoft-word-excel-screensaver-space-cadet-1849958868,2023-01-08T01:26:24.542000+00:00,rss
Ugly Cats and the Loneliness of Man,Peter Rubin,Longreads,https://read.readwise.io/read/01gp7fsbk59mpdwakbevperhnq,https://longreads.com/2023/01/06/ugly-cats-and-the-loneliness-of-man/,2023-01-08T01:26:39.534000+00:00,rss
Netflix's 2022 Darling The Sea Beast is Getting a Sequel,Justin Carter,Gizmodo,https://read.readwise.io/read/01gp7fsbjwwpbmm5zy85se0awq,https://gizmodo.com/netflix-the-sea-beast-sequel-film-1849961504,2023-01-08T01:26:27.524000+00:00,rss
"Yee-Haw, the Guardians of the Galaxy are Going Space Western",Justin Carter,Gizmodo,https://read.readwise.io/read/01gp7fsbj8w3y97xnym4s62r8a,https://gizmodo.com/marvel-guardians-of-the-galaxy-comic-book-run-1849961631,2023-01-08T01:26:30.504000+00:00,rss
12 Times Elon Musk Replied Lovingly to Elon Musk Quotes on Twitter,Jody Serrano,Gizmodo,https://read.readwise.io/read/01gp7fsbhpkn7srfk2cee65z7c,https://gizmodo.com/elon-musk-twitter-agreed-with-himself-elon-tweets-1849960815,2023-01-08T01:26:33.487000+00:00,rss
Zom 100 Makes the Zombie Apocalypse Into an Office Worker's Godsend,Justin Carter,Gizmodo,https://read.readwise.io/read/01gp7fsbh436wm7dzsrwy4wtg5,https://gizmodo.com/zom-100-bucket-list-of-dead-anime-trailer-1849961873,2023-01-08T01:26:36.468000+00:00,rss
Michael Imperioli | First Fandoms,Artem Golub and David M. Ewalt,Gizmodo,https://read.readwise.io/read/01gp7fsbgfs2knchr8bf9tvxh2,https://gizmodo.com/michael-imperioli-first-fandoms-1849953117,2023-01-08T01:26:39.447000+00:00,rss
"🌠 AI, Canvas, Terminal & Tasks plugins",Obsidian Roundup,Obsidian Iceberg,https://read.readwise.io/read/01gp6cyzhbxdcfbnt1fpygerfv,mailto:reader-forwarded-email/1838661b12f94caade7f7e7d8277b216,2023-01-07T15:18:06.635000+00:00,email
Wikipedia admin jailed for 32 years after alleged Saudi spy infiltration,Ashley Belanger,Ars Technica,https://read.readwise.io/read/01gp4nhtzq0hge9jegzta4a5ek,https://arstechnica.com/?p=1908310,2023-01-06T23:09:17.312000+00:00,rss
"Climate enforcers need hard evidence, and Friederike Otto has it",WIRED,Ars Technica,https://read.readwise.io/read/01gp4nhtz01b0vv7hs9n1xn5mh,https://arstechnica.com/?p=1908311,2023-01-06T23:09:20.288000+00:00,rss
Here’s what you need to know about the new EV tax credit for 2023,Jonathan M. Gitlin,Ars Technica,https://read.readwise.io/read/01gp4nhtyaeptk14tykrvrg60p,https://arstechnica.com/?p=1908327,2023-01-06T23:09:23.266000+00:00,rss
Microsoft admits it should not have argued the FTC is unconstitutional,Kevin Purdy,Ars Technica,https://read.readwise.io/read/01gp4nhtxmgp4469s6q9sbccf1,https://arstechnica.com/?p=1908312,2023-01-06T23:09:26.245000+00:00,rss
"Man’s eyes turn bloody, yellow after plunge into pee-filled canal",Beth Mole,Ars Technica,https://read.readwise.io/read/01gp4nhtvd5zd9pbwn606mqtj4,https://arstechnica.com/?p=1908373,2023-01-06T23:09:29.173000+00:00,rss
The Pixel 7 is the latest smartphone with spontaneously shattering cameras,Ron Amadeo,Ars Technica,https://read.readwise.io/read/01gp4nhttnh4hj836qgm3r3f8r,https://arstechnica.com/?p=1908309,2023-01-06T23:09:32.149000+00:00,rss
Some details have emerged about Blue Origin’s “Blue Ring” project,Eric Berger,Ars Technica,https://read.readwise.io/read/01gp4nhtsy96j66qpqczezz6rt,https://arstechnica.com/?p=1908287,2023-01-06T23:09:35.126000+00:00,rss
Germany reminds Musk that removing disinformation from Twitter is a must,Ashley Belanger,Ars Technica,https://read.readwise.io/read/01gp4nhts0rkv56mazw5mfr0ze,https://arstechnica.com/?p=1908442,2023-01-06T23:09:38.096000+00:00,rss
Profile on Mr. Richer,The Fieldstonian,fieldstonnews.com,https://read.readwise.io/read/01gp4nhtqwfgq681c11xeseqyn,https://fieldstonnews.com/home/2023/01/profile-on-mr-richer/,2023-01-06T23:09:41.061000+00:00,rss
ChatGPT is enabling script kiddies to write functional malware,Dan Goodin,Ars Technica,https://read.readwise.io/read/01gp4nhtpz64abq840ce16pzqq,https://arstechnica.com/?p=1908471,2023-01-06T23:09:41.031000+00:00,rss
What Will Happen in the Willow Finale?,Artem Golub and Germain Lussier,Gizmodo,https://read.readwise.io/read/01gp4nhtpnby1ab4hmfe6qcw5z,https://gizmodo.com/what-will-happen-in-the-willow-finale-1849952941,2023-01-06T23:09:38.022000+00:00,rss
You're Wrong About Your iPhone's Always-On Wallpaper Draining Its Battery,Jake Peterson,Lifehacker,https://read.readwise.io/read/01gp4nhtnhc75pryec47vmqch9,https://lifehacker.com/youre-wrong-about-your-iphones-always-on-wallpaper-drai-1849958965,2023-01-06T23:09:40.986000+00:00,rss
Show HN: List of Stripe Alternatives,Hacker News,ycombinator.com,https://read.readwise.io/read/01gp4nhtn2perxbec106nvs9pc,https://news.ycombinator.com/item?id=34281730,2023-01-06T23:09:37.971000+00:00,rss
ULID – Sortable Unique Identifier,Hacker News,Scribblings of an introvert,https://read.readwise.io/read/01gp4nhtmdjnmk452xbrke3sam,https://yadukrishnan.live/ulid-sortable-unique-identifier,2023-01-06T23:09:40.950000+00:00,rss
Nicolas Cage May Not Be Returning for Spider-Man: Across the Spider-Verse,Germain Lussier,Gizmodo,https://read.readwise.io/read/01gp4nhtjp2xthettcsjfb2x05,https://gizmodo.com/spiderman-across-spider-verse-nicolas-cage-sony-marvel-1849960622,2023-01-06T23:09:40.894000+00:00,rss
The Best of CES 2023: What We’re Looking Forward to Most,Wirecutter Staff,New York Times,https://read.readwise.io/read/01gp4nhtjk1a8pm94rdynt00f9,https://www.nytimes.com/wirecutter/blog/best-ces-2023-products/?utm_source=rss&utm_medium=feed&utm_campaign=RSS%20Feed,2023-01-06T23:09:40.891000+00:00,rss
We've detected unusual activity from your computer network,Bloomberg,Bloomberg.com,https://read.readwise.io/read/01gp4jjynfmyqqctphtaa3rz1g,https://www.bloomberg.com/news/features/2023-01-05/frontier-supercomputer-world-s-fastest-needs-74-miles-of-cable,2023-01-06T22:15:28.120000+00:00,rss
Rust Atomics and Locks: Low-Level Concurrency in Practice,Hacker News,marabos.nl,https://read.readwise.io/read/01gp4jjymxgxk67hratt08k0pj,https://marabos.nl/atomics/,2023-01-06T22:15:31.102000+00:00,rss
Making the ultimate-guitar.com web player easier to practice with,Hacker News,Tumblr,https://read.readwise.io/read/01gp4jjymby2wycvfqkvera67h,https://ivanca.tumblr.com/post/705694114475360256/making-the-ultimate-guitar-web-player-easier-to,2023-01-06T22:15:34.083000+00:00,rss
Non-binary DDR5 memory could be a game-changer for businesses everywhere,Hacker News,TechRadar,https://read.readwise.io/read/01gp4jjykqbgw0yk00021rme9k,https://www.techradar.com/news/non-binary-ddr5-memory-could-be-a-game-changer-for-businesses-everywhere,2023-01-06T22:15:37.063000+00:00,rss
Independent researcher claims to find writing in prehistoric cave paintings,Hacker News,Vice,https://read.readwise.io/read/01gp4jjyk4cqt4hdpadbff0fsh,https://www.vice.com/en/article/pkg95v/a-total-amateur-may-have-just-rewritten-human-history-with-bombshell-discovery,2023-01-06T22:15:40.045000+00:00,rss
P Language,Hacker News,p-org.github.io,https://read.readwise.io/read/01gp4jjyjjhe9q8hejq8n6a2c6,https://p-org.github.io/P/whatisP/,2023-01-06T22:15:43.026000+00:00,rss
Please Sell My Personal Information,Hacker News,taylor.town,https://read.readwise.io/read/01gp4jjyhzvy7kz2bnex026d0j,https://taylor.town/please-sell-my-personal-information,2023-01-06T22:15:46.007000+00:00,rss
Why Cassettes?,Hacker News,sweet & sour notes,https://read.readwise.io/read/01gp4jjyhdbpn9ncb25eke714z,https://write.hamster.dance/why-cassettes,2023-01-06T22:15:48.989000+00:00,rss
"GitHub Is Sued, and We May Learn Something About Creative Commons Licensing",Hacker News,The Scholarly Kitchen,https://read.readwise.io/read/01gp4jjygvvefv0z65e96kxt1t,https://scholarlykitchen.sspnet.org/2023/01/05/github-is-sued-and-we-may-learn-something-about-creative-commons-licensing/,2023-01-06T22:15:51.971000+00:00,rss
Students in Iran are leading the anti-government uprising over Mahsa Amini - The Washington Post,Washington Post,Washington Post,https://read.readwise.io/read/01gp4jjyg97c7y5qfwyf035a6j,https://www.washingtonpost.com/world/2023/01/05/iran-protests-students-mahsa-amini/,2023-01-06T22:15:54.953000+00:00,rss
Device used to resuscitate canaries in coal mines,Hacker News,Museum Crush,https://read.readwise.io/read/01gp4jjyfmjz7y2230rnz1cqs9,https://museumcrush.org/this-device-was-used-to-resuscitate-canaries-in-coal-mines/,2023-01-06T22:15:57.933000+00:00,rss
Canaries in coal mines (2018),Hacker News,Science and Industry Museum blog,https://read.readwise.io/read/01gp4jjyf0s3x6z6410f8ezr0g,https://blog.scienceandindustrymuseum.org.uk/canary-resuscitator/,2023-01-06T22:16:00.912000+00:00,rss
Switzerland: snow flown in by helicopter in attempt to keep ski slopes open,Hacker News,Switzerland Times,https://read.readwise.io/read/01gp4jjyebqg2x1wq4v8jw9ahr,https://switzerlandtimes.ch/local/gstaad-be-flies-in-snow-by-helicopter/,2023-01-06T22:16:03.891000+00:00,rss
Jane Street: How to Build an Exchange,Hacker News,janestreet.com,https://read.readwise.io/read/01gp4jjydre7gnqbvavzrr4hd2,https://www.janestreet.com/tech-talks/building-an-exchange/,2023-01-06T22:16:06.873000+00:00,rss
Thousands of scientists publish a paper every five days,Spinal Cord Journal,Nature,https://read.readwise.io/read/01gp4jjyd6bwwmdmc74e99bee9,https://www.nature.com/articles/d41586-018-06185-8,2023-01-06T22:16:09.854000+00:00,rss
Ask HN: Contingency plans for a lead dev no longer avail?,Hacker News,ycombinator.com,https://read.readwise.io/read/01gp4jjychzm4qckfqdvmr2myn,https://news.ycombinator.com/item?id=34274609,2023-01-06T22:16:12.834000+00:00,rss
ChatGPT banned from New York City public schools’ devices and networks,Hacker News,NBC News,https://read.readwise.io/read/01gp4jjybz4nt18c86y8zm3re3,https://www.nbcnews.com/tech/tech-news/new-york-city-public-schools-ban-chatgpt-devices-networks-rcna64446,2023-01-06T22:16:15.816000+00:00,rss
Public Schools Lost More Than One Million Students During Pandemic,Ben Chapman,WSJ,https://read.readwise.io/read/01gp4jjybcte87mzx1jb92qdpw,https://www.wsj.com/articles/public-schools-lost-more-than-one-million-students-during-pandemic-11672881798,2023-01-06T22:16:18.797000+00:00,rss
Dwarf Fortress has sold half a million copies,Hacker News,bay12forums.com,https://read.readwise.io/read/01gp4jjyar4s1gfqpad47m6zds,http://www.bay12forums.com/smf/index.php?topic=181050.0,2023-01-06T22:16:21.776000+00:00,rss
Human gene linked to bigger brains was born from seemingly useless DNA,Hacker News,science.org,https://read.readwise.io/read/01gp4jjya59a5zrectrtc6z8m3,https://www.science.org/content/article/human-gene-linked-bigger-brains-was-born-seemingly-useless-dna,2023-01-06T22:16:24.758000+00:00,rss
McCarthy fights to lock down a deal in longest speaker contest in 164 years,Hacker News,CNN Money,https://read.readwise.io/read/01gp4jjy9kvk03kn0gn1ghr24f,https://lite.cnn.com/en/article/h_84d30ed572e9d02edaf760f9c9b4402d,2023-01-06T22:16:27.739000+00:00,rss
"FTC proposes to ban noncompete clauses. Move will help workers, entrepreneurs",Hacker News,NBC News,https://read.readwise.io/read/01gp4jjy908rfat732fxf2pb1g,https://www.nbcnews.com/business/business-news/ftc-bans-noncompete-clauses-wages-rcna64445,2023-01-06T22:16:30.721000+00:00,rss
Google’s HD map is coming to the Polestar 3 electric SUV,Jonathan M. Gitlin,Ars Technica,https://read.readwise.io/read/01gp4jjy8h8tx9xrch43d7eft5,https://arstechnica.com/?p=1907986,2023-01-06T22:17:00.706000+00:00,rss
"Artist banned, told to “find a different style”- AI-made art",Hacker News,thetechdeviant.com,https://read.readwise.io/read/01gp4jjy8ec7x3r0nfyjej55b7,https://www.thetechdeviant.com/2023/01/06/artist-banned-told-to-find-a-different-style-since-his-style-is-too-similar-to-ai-made-art/,2023-01-06T22:16:33.702000+00:00,rss
"How Transportation Technologies Shaped Empires
How Transportation Technologies Shaped Empires",Tomas Pueyo,Uncharted Territories,https://read.readwise.io/read/01gp4jjy7tsp1ebmznae7ay3m5,https://unchartedterritories.tomaspueyo.com/p/transportation-tech-shaped-empires,2023-01-06T22:16:36.683000+00:00,rss
Over a million could die as China’s COVID wave crashes into huge holiday,Beth Mole,Ars Technica,https://read.readwise.io/read/01gp4jjy7sybg06fd2ya7856km,https://arstechnica.com/?p=1907955,2023-01-06T22:17:03.682000+00:00,rss
"Lenovo Tab Extreme takes on the iPad Pro, complete with Magic Keyboard clone",Ron Amadeo,Ars Technica,https://read.readwise.io/read/01gp4jjy74v69gejwcvgzxq9xt,https://arstechnica.com/?p=1907862,2023-01-06T22:17:06.661000+00:00,rss
The Tyranny of Nicespeak (2001),Hacker News,Forbes,https://read.readwise.io/read/01gp4jjy71f50e1qvjjxt3xebf,https://web.archive.org/web/20011106205530/http://www.consider.net/forum_new.php3?newTemplate=OpenObject&newTop=200111050017&newDisplayURN=200111050017,2023-01-06T22:16:39.657000+00:00,rss
Investors settle Cyberpunk 2077 lawsuit with developer for $1.85 million,Kevin Purdy,Ars Technica,https://read.readwise.io/read/01gp4jjy6fa4sj2mtz17sab4vq,https://arstechnica.com/?p=1907917,2023-01-06T22:17:09.640000+00:00,rss
Emergency measures needed to rescue Great Salt Lake from ongoing collapse,Hacker News,Plant & Wildlife Sciences,https://read.readwise.io/read/01gp4jjy6e2gymycx2w2h4gxf8,https://pws.byu.edu/great-salt-lake,2023-01-06T22:16:42.639000+00:00,rss
U.S. stock market returns – a history from the 1870s to 2022,Hacker News,The Measure of a Plan,https://read.readwise.io/read/01gp4jjy5wdmn2mmh381kdegky,https://themeasureofaplan.com/us-stock-market-returns-1870s-to-present/,2023-01-06T22:16:45.621000+00:00,rss
How humans got a new gene that makes our brains larger,John Timmer,Ars Technica,https://read.readwise.io/read/01gp4jjy5tn8pz35kp9t6c5894,https://arstechnica.com/?p=1908044,2023-01-06T22:17:12.618000+00:00,rss
Amazon S3 will now encrypt all new data with AES-256 by default,Hacker News,BleepingComputer,https://read.readwise.io/read/01gp4jjy593k2yk4ft4xnrb4zj,https://www.bleepingcomputer.com/news/security/amazon-s3-will-now-encrypt-all-new-data-with-aes-256-by-default/,2023-01-06T22:16:48.601000+00:00,rss
Lenovo’s Yoga Book 9i is an unprecedented laptop for people who hate foldables,Scharon Harding,Ars Technica,https://read.readwise.io/read/01gp4jjy52pdjpb99z1rdcqnta,https://arstechnica.com/?p=1907498,2023-01-06T22:17:15.595000+00:00,rss
Ask HN: Is there some academic research on software fragility?,Hacker News,ycombinator.com,https://read.readwise.io/read/01gp4jjy4k267qaht82cewxngz,https://news.ycombinator.com/item?id=34277033,2023-01-06T22:16:51.579000+00:00,rss
"After $414M fine, Meta tries to avoid seeking user consent for personalized ads",Ashley Belanger,Ars Technica,https://read.readwise.io/read/01gp4jjy4497v02kq9b68wn7x1,https://arstechnica.com/?p=1908035,2023-01-06T22:17:18.564000+00:00,rss
Politics and the English Language by George Orwell,Hacker News,The Orwell Foundation,https://read.readwise.io/read/01gp4jjy40fte1m91ryxmn2vvc,https://www.orwellfoundation.com/the-orwell-foundation/orwell/essays-and-other-works/politics-and-the-english-language/,2023-01-06T22:16:54.560000+00:00,rss
Backseat TVs That Roll Up Into the Roof of a Car Are My Childhood Dream Come True,Andrew Liszewski,Gizmodo,https://read.readwise.io/read/01gp4jjy3rq3aqy3mdyaxjpg32,https://gizmodo.com/backseat-tvs-that-roll-up-into-the-roof-of-a-car-are-my-1849957821,2023-01-06T22:16:21.552000+00:00,rss
AMD’s new RDNA 3 GPUs will compete with Nvidia for mid-range gaming laptops,Andrew Cunningham,Ars Technica,https://read.readwise.io/read/01gp4jjy3e7x6n4558176pbgm9,https://arstechnica.com/?p=1907935,2023-01-06T22:17:21.542000+00:00,rss
Microsoft CEO Satya Nadella says there's 2 more years of pain before tech rally,Hacker News,cnbctv18.com,https://read.readwise.io/read/01gp4jjy3ck7fbv292h57882ac,https://www.cnbctv18.com/technology/microsoft-ceo-satya-nadella-says-there-will-be-2-more-years-of-pain-before-a-massive-tech-rally-15578191.htm,2023-01-06T22:16:57.541000+00:00,rss
Tesla Brings Back 'Boring' Round Steering Wheel Elon Nixed,Jody Serrano,Gizmodo,https://read.readwise.io/read/01gp4jjy37xmgh1424x2wgn1rf,https://gizmodo.com/tesla-elon-musk-round-steering-wheel-boring-model-s-x-1849957826,2023-01-06T22:16:24.535000+00:00,rss
A Curious Integral,Hacker News,University of Texas in Austin,https://read.readwise.io/read/01gp4jjy2sx0pbzd6yttv0yvxw,https://golem.ph.utexas.edu/category/2023/01/a_curious_integral.html,2023-01-06T22:17:00.521000+00:00,rss
The Guardians of the Galaxy Arm Themselves For Their Next Mission,Gordon Jackson and Linda Codega,Gizmodo,https://read.readwise.io/read/01gp4jjy2jtq6ntqda652398se,https://gizmodo.com/guardians-of-the-galaxy-marvel-ant-man-fast-x-spoilers-1849955194,2023-01-06T22:16:27.515000+00:00,rss
FTC intends to ban noncompete clauses that bind 30 million US workers,Jon Brodkin,Ars Technica,https://read.readwise.io/read/01gp4jjy2efkackds7rb9yamtw,https://arstechnica.com/?p=1908107,2023-01-06T22:17:24.510000+00:00,rss
How Police Exploited the Capitol Riot’s Digital Records,Hacker News,IEEE Spectrum,https://read.readwise.io/read/01gp4jjy237qxwkb1ajsy6ss59,https://spectrum.ieee.org/capitol-riot,2023-01-06T22:17:03.499000+00:00,rss
California Pay Transparency Reveals Big Tech Salaries,Kevin Hurler,Gizmodo,https://read.readwise.io/read/01gp4jjy2244n6ggvkfgr03jvk,https://gizmodo.com/salary-transparency-big-tech-apple-meta-tesla-1849957910,2023-01-06T22:16:30.498000+00:00,rss
Don't Waste Your Time With These Terrible Diet Tips,Beth Skwarecki,Lifehacker,https://read.readwise.io/read/01gp4jjy1ywtk4v7d9ve229ee9,https://lifehacker.com/dont-waste-your-time-with-these-terrible-diet-tips-1849954846,2023-01-06T22:17:03.494000+00:00,rss
WhatsApp just made it harder to censor citizens with Internet shutdowns,Ashley Belanger,Ars Technica,https://read.readwise.io/read/01gp4jjy1q7awbnayyr2q41dvs,https://arstechnica.com/?p=1908147,2023-01-06T22:17:27.487000+00:00,rss
Delta Airlines Will Soon Give the WiFi Away for Free,Nikki Main,Gizmodo,https://read.readwise.io/read/01gp4jjy1g7eahtmgrs6fy5vd0,https://gizmodo.com/delta-airlines-air-travel-wifi-free-internet-1849958162,2023-01-06T22:16:33.481000+00:00,rss
"Rising rent, not poverty, is the real driver of homelessness",Hacker News,KCRW,https://read.readwise.io/read/01gp4jjy1fbpdjydtm4t1mgc9n,https://www.kcrw.com/news/shows/press-play-with-madeleine-brand/house-speaker-rain-homeless-film-reviews/housing,2023-01-06T22:17:06.480000+00:00,rss
The Best Deals You Can Find in January (and What Not to Buy),Daniel Oropeza,Lifehacker,https://read.readwise.io/read/01gp4jjy1c1fpk6vmsqawpy05e,https://lifehacker.com/the-best-deals-you-can-find-in-january-and-what-not-to-1849954638,2023-01-06T22:17:06.477000+00:00,rss
Dwayne Johnson Faces a Black Adam Rockening,Linda Codega,Gizmodo,https://read.readwise.io/read/01gp4jjy0z81098dygdwtp9ty6,https://gizmodo.com/dwayne-johnson-black-adam-behind-the-scenes-warner-bros-1849958467,2023-01-06T22:16:36.464000+00:00,rss
Razer’s $400 soundbar has a creepy camera to help emit surround sound,Scharon Harding,Ars Technica,https://read.readwise.io/read/01gp4jjy0ye1h33fednqf8qaj7,https://arstechnica.com/?p=1908085,2023-01-06T22:17:30.463000+00:00,rss
Wikipedia admin jailed for 32 years after alleged Saudi spy infiltration,Ashley Belanger,Ars Technica,https://read.readwise.io/read/01gp4jjy0wgcn2sb3v411gz9x5,https://arstechnica.com/tech-policy/2023/01/wikipedia-admin-jailed-for-32-years-after-alleged-saudi-spy-infiltration/,2023-01-06T22:17:09.461000+00:00,rss
The Easiest Way to Make Your Winter Tomato Sauce Taste More Summery,Claire Lower,Lifehacker,https://read.readwise.io/read/01gp4jjy0t3he7vj3953nswqem,https://lifehacker.com/the-easiest-way-to-make-your-winter-tomato-sauce-taste-1849956192,2023-01-06T22:17:09.459000+00:00,rss
TikTok Bans Are Dumb,Artem Golub and Thomas Germain,Gizmodo,https://read.readwise.io/read/01gp4jjy0fvhy3sj91mrw6rsvk,https://gizmodo.com/tiktok-bans-are-dumb-1849958652,2023-01-06T22:16:39.447000+00:00,rss
GitHub - Tablane/tablane: The open platform for seamless management and collaboration.,https://github.com/Tablane/,GitHub,https://read.readwise.io/read/01gp4jjy08knsdjgj1p6a8da34,https://github.com/Tablane/tablane,2023-01-06T22:17:12.440000+00:00,rss
The Easiest Way to Avoid Paying for Checked Luggage,Meredith Dietz,Lifehacker,https://read.readwise.io/read/01gp4jjy08h7dm74ym5e6k4r32,https://lifehacker.com/the-easiest-way-to-avoid-paying-for-checked-luggage-1849955793,2023-01-06T22:17:12.441000+00:00,rss
"Ram shows off its first fully electric pickup truck at CES, due 2024",Jonathan M. Gitlin,Ars Technica,https://read.readwise.io/read/01gp4jjy076rrw0nc0haw6nfwa,https://arstechnica.com/?p=1908112,2023-01-06T22:17:33.439000+00:00,rss
The Sick Trailer Makes the Early Pandemic Even Scarier,Rob Bricken,Gizmodo,https://read.readwise.io/read/01gp4jjxzzrw0advrr2a6jwf9x,https://gizmodo.com/sick-trailer-horror-blumhouse-pandemic-coronavirus-1849958447,2023-01-06T22:16:42.431000+00:00,rss
The Out-of-Touch Adults' Guide to Kid Culture: Do You Really Need ID to Watch Porn in Louisiana?,Stephen Johnson,Lifehacker,https://read.readwise.io/read/01gp4jjxzpmm4h3y14ksdpawqm,https://lifehacker.com/the-out-of-touch-adults-guide-to-kid-culture-do-you-re-1849957375,2023-01-06T22:17:15.422000+00:00,rss
Ask HN: What $500-2500 product improved your 2022,Hacker News,ycombinator.com,https://read.readwise.io/read/01gp4jjxzj613eh2wnwzbvyq66,https://news.ycombinator.com/item?id=34279146,2023-01-06T22:17:15.418000+00:00,rss
Android one-ups Apple’s satellite SOS with general-purpose satellite SMS,Ron Amadeo,Ars Technica,https://read.readwise.io/read/01gp4jjxzezy6mkg8h1kp93nw0,https://arstechnica.com/?p=1908115,2023-01-06T22:17:36.414000+00:00,rss
Bankruptcy Judge Says Celsius Crypto Investors Don't Own Their Accounts,Lauren Leffer,Gizmodo,https://read.readwise.io/read/01gp4jjxzeezmsxprc8hc2cpr7,https://gizmodo.com/crypto-celsius-earn-accounts-alex-mashinsky-1849957843,2023-01-06T22:16:45.415000+00:00,rss
How to Prepare Your House Now for the Next Bad Winter Storm,Becca Lewis,Lifehacker,https://read.readwise.io/read/01gp4jjxz361xw4z86c6nbtaxw,https://lifehacker.com/how-to-prepare-your-house-now-for-the-next-bad-winter-s-1849957252,2023-01-06T22:17:18.404000+00:00,rss
Banish Power Adapters From Your Desk With Satechi's USB-C Hub That Charges Six Devices at Once,Andrew Liszewski,Gizmodo,https://read.readwise.io/read/01gp4jjxyyt329rf8h5q8qsq7s,https://gizmodo.com/satechis-200w-usb-c-hub-can-charge-six-devices-at-once-1849910981,2023-01-06T22:16:48.399000+00:00,rss
Ask HN: Share Your Personal Site,Hacker News,ycombinator.com,https://read.readwise.io/read/01gp4jjxysxnda5r9kkys56f8n,https://news.ycombinator.com/item?id=34279215,2023-01-06T22:17:18.393000+00:00,rss
"First LastPass, now Slack and CircleCI. The hacks go on (and will likely worsen)",Dan Goodin,Ars Technica,https://read.readwise.io/read/01gp4jjxyqme7rgcpr55q0ad64,https://arstechnica.com/?p=1908184,2023-01-06T22:17:39.391000+00:00,rss
Get Free Fast Food for Taking These Customer Surveys,Daniel Oropeza,Lifehacker,https://read.readwise.io/read/01gp4jjxyh3ky5qavjadhecsnp,https://lifehacker.com/get-free-fast-food-for-taking-these-customer-surveys-1849955725,2023-01-06T22:17:21.385000+00:00,rss
Of Course Netflix Is Bringing Wednesday Back for Season 2,Germain Lussier,Gizmodo,https://read.readwise.io/read/01gp4jjxyew9ja6bvtpqkgfjaj,https://gizmodo.com/wednesday-season-2-official-netflix-jenna-ortega-addams-1849959023,2023-01-06T22:16:51.383000+00:00,rss
Sunken Greenhouse,Hacker News,The Tiny Life,https://read.readwise.io/read/01gp4jjxy5yspsarrxq8zrp3kj,https://thetinylife.com/sunken-greenhouse/,2023-01-06T22:17:21.373000+00:00,rss
"NYC schools block ChatGPT, fearing negative impact on learning",Benj Edwards,Ars Technica,https://read.readwise.io/read/01gp4jjxy0n2ybjhcsqd05crxq,https://arstechnica.com/?p=1907928,2023-01-06T22:17:42.369000+00:00,rss
13 Cinematic Dolls at Least As Creepy As M3GAN,Ross Johnson,Lifehacker,https://read.readwise.io/read/01gp4jjxxymm6j8fwcwy19d6k6,https://lifehacker.com/13-cinematic-dolls-at-least-as-creepy-as-m3gan-1849955931,2023-01-06T22:17:24.366000+00:00,rss
LG Put Some Shoes on Turntables and Suddenly I Care About Kicks,Kyle Barr,Gizmodo,https://read.readwise.io/read/01gp4jjxxy37063sjcnz9sw5vc,https://gizmodo.com/lg-put-some-shoes-on-turntables-and-suddenly-i-care-abo-1849958718,2023-01-06T22:16:54.367000+00:00,rss
Ask HN: How to restore cognition after years of trauma? I feel slow and dumb,Hacker News,ycombinator.com,https://read.readwise.io/read/01gp4jjxxgqms9ek77rpr2p8js,https://news.ycombinator.com/item?id=34279527,2023-01-06T22:17:24.353000+00:00,rss
This Mug Is the Hottest Way to Track Your Thieving Co-Workers,Kyle Barr,Gizmodo,https://read.readwise.io/read/01gp4jjxxda8vr7ckwp9gngwx2,https://gizmodo.com/ember-travel-mug-2-find-my-coffee-smart-cup-1849954111,2023-01-06T22:16:57.350000+00:00,rss
How to Disable Those Annoying 'Suggestion' Ads on Your Windows PC,Pranay Parab,Lifehacker,https://read.readwise.io/read/01gp4jjxxcvzhhhcfacrr9jgwy,https://lifehacker.com/how-to-disable-those-annoying-suggestion-ads-on-your-wi-1849957475,2023-01-06T22:17:27.349000+00:00,rss
"There’s more than one way to mummify a dinosaur, study finds",Jennifer Ouellette,Ars Technica,https://read.readwise.io/read/01gp4jjxx91685s44jcbxdb0f7,https://arstechnica.com/?p=1908002,2023-01-06T22:17:45.346000+00:00,rss
The io9 Guide to Gunpla,James Whitbrook,Gizmodo,https://read.readwise.io/read/01gp4jjxwy4xtyh3b5y8aadhd0,https://gizmodo.com/gunpla-beginner-guide-where-to-start-best-gundam-kits-1849956253,2023-01-06T22:17:00.334000+00:00,rss
Fourth membrane is discovered in the brain,Hacker News,science.org,https://read.readwise.io/read/01gp4jjxwxmktkjygp5m0dg0fc,https://www.science.org/doi/10.1126/science.adc8810,2023-01-06T22:17:27.333000+00:00,rss
You Should Automate Your Financial Goals,Meredith Dietz,Lifehacker,https://read.readwise.io/read/01gp4jjxwvekrbpn3470n2nnay,https://lifehacker.com/you-should-automate-your-financial-goals-1849958883,2023-01-06T22:17:30.331000+00:00,rss
Rocket Report: “Crisis” for European launch industry; Japan’s H3 rocket nears debut,Eric Berger,Ars Technica,https://read.readwise.io/read/01gp4jjxwjf7mqw70e8jkp7ffv,https://arstechnica.com/?p=1907537,2023-01-06T22:17:48.323000+00:00,rss
Billie Eilish Got Doxxed on the Citizen App,Kevin Hurler,Gizmodo,https://read.readwise.io/read/01gp4jjxwbpzeh0ehcg2w2b7wv,https://gizmodo.com/billie-eilish-citizen-app-doxxed-burglary-1849958899,2023-01-06T22:17:03.316000+00:00,rss
MT-Propeller 11 blade propeller delivers 15% increase in static thrust,Hacker News,mt-propeller.com,https://read.readwise.io/read/01gp4jjxwb3vmwysgv8z71jma3,https://www.mt-propeller.com/en/entw/about_firsts.htm#11,2023-01-06T22:17:30.315000+00:00,rss
Use This Gesture to Select Multiple Items on Your iPhone,Pranay Parab,Lifehacker,https://read.readwise.io/read/01gp4jjxwavvk1v421vfbvqj41,https://lifehacker.com/use-this-gesture-to-select-multiple-items-on-your-iphon-1849957641,2023-01-06T22:17:33.314000+00:00,rss
10 of Our Favorite High Protein Snacks,Beth Skwarecki,Lifehacker,https://read.readwise.io/read/01gp4jjxvm2z0anr65d36f3zmg,https://lifehacker.com/10-of-our-favorite-high-protein-snacks-1849958812,2023-01-06T22:17:36.293000+00:00,rss
The Team Behind Willow Teases the Upcoming Season Finale,Germain Lussier,Gizmodo,https://read.readwise.io/read/01gp4jjxvkjjfz794chct6j8j3,https://gizmodo.com/willow-season-1-finale-teases-warwick-davis-lucasfilm-1849955850,2023-01-06T22:17:06.292000+00:00,rss
Android Automotive goes mainstream: A review of GM’s new infotainment system,Ron Amadeo,Ars Technica,https://read.readwise.io/read/01gp4jjxvg6y8dwhdhk74w7sps,https://arstechnica.com/?p=1851848,2023-01-06T22:17:51.289000+00:00,rss
Netscape's Constellation (1997),Hacker News,apache.org,https://read.readwise.io/read/01gp4jjxvfsycj4wqby1w7b9ab,https://people.apache.org/~jim/NewArchitect/webrevu/1997/02_07/developers/02_07_97_2.html,2023-01-06T22:17:33.288000+00:00,rss
Virgin Orbit's 'Cosmic Girl' Set for UK's First Orbital Launch,Passant Rabie,Gizmodo,https://read.readwise.io/read/01gp4jjxv528z17xq0ndv93ns9,https://gizmodo.com/virgin-orbit-cosmic-girl-first-british-orbital-launch-1849958532,2023-01-06T22:17:09.277000+00:00,rss
Six of the Most Ridiculous Food Challenges Across the US,Daniel Oropeza,Lifehacker,https://read.readwise.io/read/01gp4jjxv262kf4kcay677hzjy,https://lifehacker.com/six-of-the-most-ridiculous-food-challenges-across-the-u-1849956686,2023-01-06T22:17:39.275000+00:00,rss
Coaching engineering managers to take on organizational problems,Hacker News,Jeff Ammons,https://read.readwise.io/read/01gp4jjxtx7ek3s67ezahsanhj,https://jeffammons.com/2023/01/06/growing-leaders-to-solve-the-hardest-problems/,2023-01-06T22:17:36.269000+00:00,rss
M. Night Shyamalan Almost Linked Glass With Another One of His Films,Germain Lussier,Gizmodo,https://read.readwise.io/read/01gp4jjxtnb1dsrmw298bmehhs,https://gizmodo.com/m-night-shyamalan-glass-split-unbreakable-the-visit-lin-1849958871,2023-01-06T22:17:12.262000+00:00,rss
11 Surprising Household Uses for Boiling Water,Lindsey Ellefson,Lifehacker,https://read.readwise.io/read/01gp4jjxtfrfkf5n1dgn1j35gy,https://lifehacker.com/11-surprising-household-uses-for-boiling-water-1849959610,2023-01-06T22:17:42.255000+00:00,rss
A Person Paper on Purity in Language,Hacker News,YouTube,https://read.readwise.io/read/01gp4jjxt8zj04h7gg1vpnpgsv,https://www.cs.virginia.edu/~evans/cs655/readings/purity.html,2023-01-06T22:17:39.248000+00:00,rss
Photos Show Storm Damage in California as State Braces for More Bad Weather,Angely Mercado,Gizmodo,https://read.readwise.io/read/01gp4jjxt6r2xe0n7ggw49wp75,https://gizmodo.com/photos-show-storm-damage-in-california-as-state-braces-1849959436,2023-01-06T22:17:15.246000+00:00,rss
Your Guide to the World of Ridiculously Oversized Mattresses,Jeff Somers,Lifehacker,https://read.readwise.io/read/01gp4jjxsxcv1n574w4fn3n0xs,https://lifehacker.com/your-guide-to-ridiculously-oversize-mattresses-1849959167,2023-01-06T22:17:45.237000+00:00,rss
"The Latest News From Disney Parks, Universal Studios Resorts, and More Fan-tastical Destinations",Sabina Graves,Gizmodo,https://read.readwise.io/read/01gp4jjxsqd6rj8nf8h79r86vb,https://gizmodo.com/theme-park-news-disney-parks-universal-studios-marvel-1849950762,2023-01-06T22:17:18.231000+00:00,rss
Riddle solved: Why was Roman concrete so durable?,Hacker News,MIT News | Massachusetts Institute of Technology,https://read.readwise.io/read/01gp4jjxsnvfnk2ery5gy4vzw0,https://news.mit.edu/2023/roman-concrete-durability-lime-casts-0106,2023-01-06T22:17:42.229000+00:00,rss
How to Wrangle Removable Sports Bra Pads on Laundry Day,Lindsey Ellefson,Lifehacker,https://read.readwise.io/read/01gp4jjxsbn998c9g0483kchcz,https://lifehacker.com/how-to-wrangle-removable-sports-bra-pads-on-laundry-day-1849959864,2023-01-06T22:17:48.220000+00:00,rss
Warm Temperatures Close Ski Resorts Across Europe,Molly Taft,Gizmodo,https://read.readwise.io/read/01gp4jjxs7qskddtyzwaxj5n8y,https://gizmodo.com/europe-heat-wave-ski-resorts-closed-2023-1849959876,2023-01-06T22:17:21.216000+00:00,rss
"Learn to Process Text in Linux Using Grep, Sed, and Awk",Hacker News,Linode Guides & Tutorials,https://read.readwise.io/read/01gp4jjxs2vbk51v4gbjgv3mq7,https://www.linode.com/docs/guides/differences-between-grep-sed-awk/,2023-01-06T22:17:45.210000+00:00,rss
Add a Little MSG to Your Next Pickle Brine,Claire Lower,Lifehacker,https://read.readwise.io/read/01gp4jjxrt7xdcacsjc1svg9zw,https://lifehacker.com/add-a-little-msg-to-your-next-pickle-brine-1849959556,2023-01-06T22:17:51.202000+00:00,rss
Saudi Arabian Espionage Operation Reportedly Forced Wikimedia to Fire Its Entire Saudi-Based Team of Administrators,Mack DeGeurin,Gizmodo,https://read.readwise.io/read/01gp4jjxrs7vpxsde02976wttv,https://gizmodo.com/saudi-arabia-wikimedia-wikipedia-1849959470,2023-01-06T22:17:24.201000+00:00,rss
Perfect Circle,Hacker News,neal.fun,https://read.readwise.io/read/01gp4jjxrd3acjz73padskx81g,https://neal.fun/perfect-circle/,2023-01-06T22:17:48.190000+00:00,rss
Who Is Planting Weird Antennas All Over the Foothills of Salt Lake City?,Lucas Ropek,Gizmodo,https://read.readwise.io/read/01gp4jjxravte52jtzjn6gvmm6,https://gizmodo.com/salt-lake-city-antennas-solar-panels-who-did-it-1849957067,2023-01-06T22:17:27.186000+00:00,rss
Why didn’t we get the four-hour workday?,Hacker News,The Roots of Progress,https://read.readwise.io/read/01gp4jjxqrgz5vmvtkv6hd5ba5,https://rootsofprogress.org/the-four-hour-workday-prediction,2023-01-06T22:17:51.169000+00:00,rss
Germany Warns Elon Musk of Breaking EU Misinformation Laws on Twitter,Nikki Main,Gizmodo,https://read.readwise.io/read/01gp4jjxqqcpvcbnm5py7fv0jj,https://gizmodo.com/elon-musk-germany-twitter-misinformation-1849959687,2023-01-06T22:17:30.168000+00:00,rss
The FCC Wants to Make Telecom Carriers Disclose Hacks Sooner,Lauren Leffer,Gizmodo,https://read.readwise.io/read/01gp4jjxq7m3kpfmgyp0g7ecve,https://gizmodo.com/hacks-telecoms-at-t-t-mobile-1849959522,2023-01-06T22:17:33.152000+00:00,rss
"Yes, You Can (and Should) Recycle Batteries. Here’s How.",Sarah Witman,New York Times,https://read.readwise.io/read/01gp4jjxpkzbp8gw7xtkvnt5qw,https://www.nytimes.com/wirecutter/blog/how-to-recycle-batteries/?utm_source=rss&utm_medium=feed&utm_campaign=RSS%20Feed,2023-01-06T22:17:51.131000+00:00,rss
History's Greatest Painters Illustrate This Week's Toy News,Andrew Liszewski and James Whitbrook,Gizmodo,https://read.readwise.io/read/01gp4jjxpdgyzqk7070kw5cf7d,https://gizmodo.com/teenage-mutant-ninja-turtles-lego-nerf-potato-head-1849942716,2023-01-06T22:17:36.126000+00:00,rss
Euler Diagrams,xkcd,xkcd,https://read.readwise.io/read/01gp4jjxp2198phcq8411pdkp7,https://xkcd.com/2721/,2023-01-06T22:17:51.114000+00:00,rss
Southwest's Flight Cancellation Fiasco Might Cost the Company $800 Million,Kevin Hurler,Gizmodo,https://read.readwise.io/read/01gp4jjxny3nvzvz82bnyf3n24,https://gizmodo.com/southwest-airline-air-travel-southwest-airlines-1849959982,2023-01-06T22:17:39.110000+00:00,rss
"FDA Approves New Alzheimer's Drug, but There Are Lingering Questions",Ed Cara,Gizmodo,https://read.readwise.io/read/01gp4jjxnfy7ztjpssgydke1hd,https://gizmodo.com/fda-approves-lecanemab-alzheimers-drug-1849960507,2023-01-06T22:17:42.095000+00:00,rss
Biker Gets Caught After Posting Police Chase on TikTok,Passant Rabie,Gizmodo,https://read.readwise.io/read/01gp4jjxmy2x1sdnqewmbkdyj7,https://gizmodo.com/tiktok-police-chase-youtube-1849960203,2023-01-06T22:17:45.079000+00:00,rss
The Coolest Things at CES 2023 (So Far),"Jennifer Perry, David M. Ewalt,  and LeAnn Wallace",Gizmodo,https://read.readwise.io/read/01gp4jjxmgtawxh7dndpjf8me5,https://gizmodo.com/ces-2023-coolest-gadgets-laptops-vr-headset-screens-1849960771,2023-01-06T22:17:48.064000+00:00,rss
Open Channel: Which 'Unannounced DC TV Show' Do You Hope James Gunn Is Writing?,Sabina Graves,Gizmodo,https://read.readwise.io/read/01gp4jjxkw51rsh16fdwe3m5cv,https://gizmodo.com/james-gunn-new-dc-comics-tv-show-speculation-1849960271,2023-01-06T22:17:51.045000+00:00,rss
Web 3.0 Applications Illegal in EU Due to GDPR Right to Erasure,Hacker News,General Data Protection Regulation (GDPR),https://read.readwise.io/read/01gp3mjywnqkmxxhje26772vz1,https://gdpr-info.eu/art-17-gdpr/,2023-01-06T13:30:38.069000+00:00,rss
Finding people's use of /usr/bin/Python with the Linux audit framework,Hacker News,University of Toronto,https://read.readwise.io/read/01gp3mjyw2cg0vyqw6y5n6ayep,https://utcc.utoronto.ca/~cks/space/blog/linux/FindingPython2UsesWithAudit,2023-01-06T13:30:41.051000+00:00,rss
Caltech to Launch Space Solar Power Technology Demo into Orbit,Hacker News,California Institute of Technology,https://read.readwise.io/read/01gp3mjyvhvxrw1tg2zns6b4yy,https://www.caltech.edu/about/news/caltech-to-launch-space-solar-power-technology-demo-into-orbit-in-january,2023-01-06T13:30:44.033000+00:00,rss
"Spreadsheet with compute-like functions: GET(), POST(), PARSE(), ASK_OpenAI()",Hacker News,Rows — The new way to spreadsheet,https://read.readwise.io/read/01gp3mjytzsdw0cdfvamshnxaj,https://rows.com/templates/ask-openai,2023-01-06T13:30:47.016000+00:00,rss
Luigi Colani's typewriter stations,Hacker News,writingball.blogspot.com,https://read.readwise.io/read/01gp3mjytam17y8caj96mdaka0,http://writingball.blogspot.com/2020/09/luigi-colanis-typing-chair.html,2023-01-06T13:30:49.995000+00:00,rss
Moonwalkers: The World's Fastest Shoes,Hacker News,Shift Robotics,https://read.readwise.io/read/01gp3mjysrtz191frxv3zknccf,https://shiftrobotics.io/,2023-01-06T13:30:52.977000+00:00,rss
"How to slow down scientific progress, according to Leo Szilard",Hacker News,The Roots of Progress,https://read.readwise.io/read/01gp3mjys885qjmtfv48vjrck7,https://rootsofprogress.org/szilard-on-slowing-science,2023-01-06T13:30:55.960000+00:00,rss
GitHub - Owez/yark: YouTube archiving made simple.,https://github.com/Owez/,GitHub,https://read.readwise.io/read/01gp3mjyrp1t8h0ca4yypn9tjg,https://github.com/Owez/yark,2023-01-06T13:30:58.943000+00:00,rss
I tried Paragon's ntfs3 and it didn't go well,Hacker News,randthoughts.github.io,https://read.readwise.io/read/01gp3mjyr5cpwq8qwcqskmfxvc,https://randthoughts.github.io/i-tried-paragons-ntfs3-and-it-didnt-go-well/,2023-01-06T13:31:01.926000+00:00,rss
Spookz – decentralized streaming platform for gamers,Hacker News,getspookz.com,https://read.readwise.io/read/01gp3mjyqj6mj0c0dnfkztzcza,https://www.getspookz.com/,2023-01-06T13:31:04.907000+00:00,rss
Berkeley Lab scientists develop a new method of refrigeration,Hacker News,News Center,https://read.readwise.io/read/01gp3mjypzjbvnxvsekp7zspgf,https://newscenter.lbl.gov/2023/01/03/cool-new-method-of-refrigeration/,2023-01-06T13:31:07.888000+00:00,rss
GoatCounter open source hosted/self-hosted web analytics,Hacker News,goatcounter.com,https://read.readwise.io/read/01gp3mjypfz7vmzmn8jxhxx4a0,https://www.goatcounter.com/,2023-01-06T13:31:10.871000+00:00,rss
Show HN: ClickHouse-local – a small tool for serverless data analytics,Hacker News,clickhouse.com,https://read.readwise.io/read/01gp3mjynyn01dqeq4zyqyjvky,https://clickhouse.com/blog/extracting-converting-querying-local-files-with-sql-clickhouse-local,2023-01-06T13:31:13.855000+00:00,rss
LiteSync – Easy synchronization of SQLite databases,Hacker News,litesync.io,https://read.readwise.io/read/01gp3mjynbh67qp3gwz1tz4b57,https://litesync.io/en/index.html,2023-01-06T13:31:16.836000+00:00,rss
Is it possible for a lunar eclipse to occur before sunset?,Hacker News,Astronomy Stack Exchange,https://read.readwise.io/read/01gp3mjymt5gb1z7f28d453jsr,https://astronomy.stackexchange.com/questions/51501/is-it-possible-for-a-lunar-eclipse-to-occur-before-sunset,2023-01-06T13:31:19.818000+00:00,rss
Kerbal Space Program Free on Epic,Hacker News,Epic Games Store,https://read.readwise.io/read/01gp3mjym8h4q8wbgj16s9mgyq,https://store.epicgames.com/en-US/,2023-01-06T13:31:22.800000+00:00,rss
Kerbal Space Program free on Epic,Hacker News,Epic Games Store,https://read.readwise.io/read/01gp3mjykpjfy5ygadpmhbzhs0,https://store.epicgames.com/en-US/p/kerbal-space-program,2023-01-06T13:31:25.783000+00:00,rss
Narco Subs 101 (2020),Hacker News,hisutton.com,https://read.readwise.io/read/01gp3mjyk5vxm872jrs71f2hw1,http://www.hisutton.com/Narco%20Subs%20101.html,2023-01-06T13:31:28.766000+00:00,rss
Twilio’s Toll Fraud Problem,Billy Chasen,Medium,https://read.readwise.io/read/01gp3mjyjkc0kh07y3xytk4esk,https://billychasen.medium.com/twilios-toll-fraud-problem-28b3aef39243,2023-01-06T13:31:31.748000+00:00,rss
Tell HN: A stranger is using my YouTube account and Google can't log them out,Hacker News,ycombinator.com,https://read.readwise.io/read/01gp3mjyhzfe9kvax9e580999j,https://news.ycombinator.com/item?id=34265451,2023-01-06T13:31:34.728000+00:00,rss
"GitHub - glacambre/firenvim: Embed Neovim in Chrome, Firefox & others.",https://github.com/glacambre/,GitHub,https://read.readwise.io/read/01gp3mjyhe5mw9greayqwddtn5,https://github.com/glacambre/firenvim,2023-01-06T13:31:37.710000+00:00,rss
WSJ News Exclusive | ChatGPT Creator Is Talking to Investors About Selling Shares at $29 Billion Valuation,Berber Jin,WSJ,https://read.readwise.io/read/01gp3mjygxfnahsqw77thttwmw,https://www.wsj.com/articles/chatgpt-creator-openai-is-in-talks-for-tender-offer-that-would-value-it-at-29-billion-11672949279,2023-01-06T13:31:40.693000+00:00,rss
Microfeatures I'd like to see in more languages,Hacker News,buttondown.email,https://read.readwise.io/read/01gp3mjygbck0qs1vrxxtm9de1,https://buttondown.email/hillelwayne/archive/microfeatures-id-like-to-see-in-more-languages/,2023-01-06T13:31:43.676000+00:00,rss
Why are antennas popping up all over the foothills? SLC seeks to solve mystery,Hacker News,KSLTV.com,https://read.readwise.io/read/01gp3mjyfvbqzptkd9qb6jvawv,https://ksltv.com/516749/why-are-antennas-popping-up-all-over-the-foothills-salt-lake-city-seeks-to-solve-mystery/,2023-01-06T13:31:46.659000+00:00,rss
The Physics Principle That Inspired Modern AI Art | Quanta Magazine,Anil Ananthaswamy,Quanta Magazine,https://read.readwise.io/read/01gp3mjyf8mat42bk8vq9z1t0e,https://www.quantamagazine.org/the-physics-principle-that-inspired-modern-ai-art-20230105/,2023-01-06T13:31:49.641000+00:00,rss
Language models and poetics (2020),Hacker News,Allison Posts,https://read.readwise.io/read/01gp3mjyenppk9r7xvf2fn758y,https://posts.decontextualize.com/language-models-poetry/,2023-01-06T13:31:52.622000+00:00,rss
Database of 200k cell images yields new mathematical framework,Hacker News,Allen Institute,https://read.readwise.io/read/01gp3mjye39tw64kjpzmvrjv25,https://alleninstitute.org/what-we-do/cell-science/news-press/articles/interior-design-our-cells,2023-01-06T13:31:55.604000+00:00,rss
Richardson Maturity Model,Hacker News,martinfowler.com,https://read.readwise.io/read/01gp3mjydd7hmwwrktt8bfrjq7,https://martinfowler.com/articles/richardsonMaturityModel.html,2023-01-06T13:31:58.581000+00:00,rss
Libcpucycles is a public-domain microlibrary for counting CPU cycles,Hacker News,yp.to,https://read.readwise.io/read/01gp3mjycwfjmnty43chgv6sea,https://cpucycles.cr.yp.to/,2023-01-06T13:32:01.564000+00:00,rss
I Migrated from a Postgres Cluster to Distributed SQLite with LiteFS,Hacker News,kentcdodds.com,https://read.readwise.io/read/01gp3mjybywq9kye8ycchfs5p6,https://kentcdodds.com/blog/i-migrated-from-a-postgres-cluster-to-distributed-sqlite-with-litefs,2023-01-06T13:32:04.534000+00:00,rss
Transcoding Unicode with AVX-512: AMD Zen 4 vs. Intel Ice Lake,Hacker News,Daniel Lemire's blog,https://read.readwise.io/read/01gp3mjybaywj7ab165t9wqm2x,https://lemire.me/blog/2023/01/05/transcoding-unicode-with-avx-512-amd-zen-4-vs-intel-ice-lake/,2023-01-06T13:32:07.515000+00:00,rss
On the Gnome Project and “My Way or the Highway”,Hacker News,TheEvilSkeleton,https://read.readwise.io/read/01gp3mjyaryn39htfs0heepx6p,https://theevilskeleton.gitlab.io/2023/01/05/on-the-gnome-project-and-my-way-or-the-highway.html,2023-01-06T13:32:10.497000+00:00,rss
Google obtains thousands of medical records from the Dept of Defense,Hacker News,gCaptain,https://read.readwise.io/read/01gp3mjya323fytq60n5hq7p5v,https://gcaptain.com/us-navy-opens-medical-vault-for-google/,2023-01-06T13:32:13.475000+00:00,rss
Google’s quest to digitize troops’ tissue samples,Hacker News,ProPublica,https://read.readwise.io/read/01gp3mjy9g2qjh6g2kgvc0r15p,https://www.propublica.org/article/google-human-tissue-jpc-military,2023-01-06T13:32:16.457000+00:00,rss
Android Auto's Makeover Is Now Available for Everyone,Florence Ion,Gizmodo,https://read.readwise.io/read/01gp3mjy9c7h5hg79bz9twred2,https://gizmodo.com/android-auto-redesign-is-now-available-for-everyone-1849952292,2023-01-06T13:31:58.453000+00:00,rss
"SIM Wong Hoo, the Father of Creative Sound Blaster Passes Away at 67",Hacker News,Lowyat.NET,https://read.readwise.io/read/01gp3mjy8y3ag4xq4ehs7h6h8e,https://www.lowyat.net/2023/291770/sim-wong-hoo-passes-away-creative-sound-blaster/,2023-01-06T13:32:19.438000+00:00,rss
The Razer Blade 16 Doesn't Make You Choose Between 4K and a High FPS,Michelle Ehrhardt,Gizmodo,https://read.readwise.io/read/01gp3mjy8vw04z8kwsq9mfsv22,https://gizmodo.com/razer-blade-16-4k-high-fps-mini-led-nvidia-rtx-price-1849952313,2023-01-06T13:32:01.436000+00:00,rss
"Netflix has job with almost $1M listed salary range, to comply with new CA law",Hacker News,netflix.com,https://read.readwise.io/read/01gp3mjy8cgx63323gepkpe4yt,https://jobs.netflix.com/jobs/231753822,2023-01-06T13:32:22.420000+00:00,rss
HTC Launches VIVE XR Elite Headset,David M. Ewalt,Gizmodo,https://read.readwise.io/read/01gp3mjy8aj77z2p7m6nmf9vys,https://gizmodo.com/htc-vive-xr-elite-virtual-reality-ar-mr-headset-ces-1849951792,2023-01-06T13:32:04.418000+00:00,rss
Roland's 50th Anniversary Concept Piano makes use of drone speakers,Hacker News,Roland Articles,https://read.readwise.io/read/01gp3mjy7t3s2tvczaxnxtfjns,https://articles.roland.com/soaring-sound-meet-the-piano-of-the-future/,2023-01-06T13:32:25.403000+00:00,rss
The Chonky Razer Kiyo Pro Ultra Features the Largest Sensor Ever Put Into a Webcam,Andrew Liszewski,Gizmodo,https://read.readwise.io/read/01gp3mjy7szxsfvq0fq6rk6dqs,https://gizmodo.com/razer-kiyo-pro-ultra-webcam-4k-dslr-quality-ai-powered-1849901832,2023-01-06T13:32:07.401000+00:00,rss
FTX: Caroline Ellison Plea Hearing Transcript (12/19/2022) [pdf],Hacker News,johnreedstark.com,https://read.readwise.io/read/01gp3mjy77t9xy90b95bw3d5r5,https://www.johnreedstark.com/wp-content/uploads/sites/180/2022/12/Ellison-Hearing-Transcript.pdf,2023-01-06T13:32:28.384000+00:00,rss
Razer's New Head-Tracking Desktop Soundbar Ensures Users Always Hear a Full 3D Audio Effect,Andrew Liszewski,Gizmodo,https://read.readwise.io/read/01gp3mjy7712fhbv6pp6wg1n5k,https://gizmodo.com/razer-leviathan-v2-pro-soundbar-3d-audio-desktop-1849901849,2023-01-06T13:32:10.384000+00:00,rss
Renfield's First Trailer Shows Nicolas Cage's Ultra-Campy Dracula in Action,Linda Codega,Gizmodo,https://read.readwise.io/read/01gp3mjy6phm4sf08vx64fbzvp,https://gizmodo.com/renfield-trailer-nicolas-cage-dracula-nicholas-hoult-1849953217,2023-01-06T13:32:13.367000+00:00,rss
Fossjobs: A free job board for Free and Open Source jobs,Hacker News,fossjobs.net,https://read.readwise.io/read/01gp3mjy6mydqfa4y32fc9zssr,https://www.fossjobs.net/,2023-01-06T13:32:31.365000+00:00,rss
John Deere Says It's About to Jump in the Satellite Business,Mack DeGeurin,Gizmodo,https://read.readwise.io/read/01gp3mjy64w4fatajk4vkhr6ad,https://gizmodo.com/john-deere-tractor-satellites-geospatial-mapping-1849954535,2023-01-06T13:32:16.348000+00:00,rss
Caloric restriction increases lifespan but affects brain integrity in grey mouse lemur primates,Marc Dhenain &,Spinal Cord Journal,https://read.readwise.io/read/01gp3mjy5za9xtet3n8v276k2c,https://www.nature.com/articles/s42003-018-0024-8,2023-01-06T13:32:34.343000+00:00,rss
"Another Storm Slams California, Cutting Off Power and Bringing Flood Warnings",Angely Mercado,Gizmodo,https://read.readwise.io/read/01gp3mjy5jrpt2c91n0a476hre,https://gizmodo.com/another-storm-slams-california-cutting-off-power-and-b-1849953281,2023-01-06T13:32:19.331000+00:00,rss
Generally Intelligent (YC S17) Is Hiring Simulation Engineers,Hacker News,ycombinator.com,https://read.readwise.io/read/01gp3mjy5brd3v6v8cekha0f4b,https://news.ycombinator.com/item?id=34269503,2023-01-06T13:32:37.324000+00:00,rss
"Jung_E's New Trailer Reveals That in the Future, There Is Only Mom War",Sabina Graves,Gizmodo,https://read.readwise.io/read/01gp3mjy505jf4c3ng0a9mg1ph,https://gizmodo.com/jung-e-new-trailer-netflix-yeon-sang-ho-train-to-busan-1849954012,2023-01-06T13:32:22.313000+00:00,rss
Game engine documentation · zladx/LADX-Disassembly Wiki · GitHub,https://github.com/zladx/,GitHub,https://read.readwise.io/read/01gp3mjy4tdjapkj061pcx0vx2,https://github.com/zladx/LADX-Disassembly/wiki/Game-engine-documentation,2023-01-06T13:32:40.307000+00:00,rss
Plex Is Finally Rolling Out a Video Rental Marketplace,Nikki Main,Gizmodo,https://read.readwise.io/read/01gp3mjy4etgvtd2rw1n817bkp,https://gizmodo.com/plex-streaming-service-netflix-video-rental-ces-1849954292,2023-01-06T13:32:25.294000+00:00,rss
"Omg.lol – A lovable web page and email address, just for you",Hacker News,home.omg.lol,https://read.readwise.io/read/01gp3mjy49vj7b8748gq3fzc4b,https://home.omg.lol,2023-01-06T13:32:43.289000+00:00,rss
Peloton to Pay $19 Million Penalty Over Its Botched Treadmill Hazard Response,Lauren Leffer,Gizmodo,https://read.readwise.io/read/01gp3mjy3w9qfk7f26nmvwq4s6,https://gizmodo.com/peloton-tread-fitness-tech-workout-treadmill-1849954046,2023-01-06T13:32:28.276000+00:00,rss
Neural Codec Language Models Are Zero-Shot Text to Speech Synthesizers,Hacker News,valle-demo.github.io,https://read.readwise.io/read/01gp3mjy3mqw68jbgw93ypr6hy,https://valle-demo.github.io/,2023-01-06T13:32:46.269000+00:00,rss
An FTC Proposal Could Kill Noncompete Clauses,Kevin Hurler,Gizmodo,https://read.readwise.io/read/01gp3mjy39xs7xa8c7jakcjaex,https://gizmodo.com/noncompete-tech-jobs-linkedin-ftc-salary-promotion-1849954126,2023-01-06T13:32:31.258000+00:00,rss
Tesla finally breaks and offers round steering wheel on Model S/X,Hacker News,Electrek,https://read.readwise.io/read/01gp3mjy327feyh7q4z50y3k70,https://electrek.co/2023/01/05/tesla-offers-round-steering-wheel-model-s-x/,2023-01-06T13:32:49.251000+00:00,rss
Guardians of the Galaxy Vol. 3 Is Dave Bautista's Last Film as Drax and He's Relieved,Germain Lussier,Gizmodo,https://read.readwise.io/read/01gp3mjy2qjghfdtav7y5v7ej0,https://gizmodo.com/drax-guardians-of-the-galaxy-3-dave-bautista-james-gunn-1849954484,2023-01-06T13:32:34.240000+00:00,rss
The intersection of shadow stacks and CRIU,Hacker News,LWN,https://read.readwise.io/read/01gp3mjy2c7he6y0h593hdv0nv,https://lwn.net/Articles/915728/,2023-01-06T13:32:52.229000+00:00,rss
Crypto Lender Genesis Cuts 30% of Staff,Kevin Hurler,Gizmodo,https://read.readwise.io/read/01gp3mjy25e5vh5hskzc9e8avq,https://gizmodo.com/crypto-layoffs-genesis-gemini-coinbase-1849954650,2023-01-06T13:32:37.222000+00:00,rss
Ask HN: What's on your home server?,Hacker News,ycombinator.com,https://read.readwise.io/read/01gp3mjy1r6z0s99192wtpq5sn,https://news.ycombinator.com/item?id=34271167,2023-01-06T13:32:55.208000+00:00,rss
Paleontologist Accused of Making Up Data on Dinosaur-Killing Asteroid Impact,Isaac Schultz,Gizmodo,https://read.readwise.io/read/01gp3mjy1mzy39spk9fqpy3h38,https://gizmodo.com/robert-depalma-accused-faking-data-tanis-fossils-1849899876,2023-01-06T13:32:40.204000+00:00,rss
S p a m m y s y s C a l l s in strace dumps,Hacker News,rachelbythebay.com,https://read.readwise.io/read/01gp3mjy0tmxzm0qf00xyv3nws,http://rachelbythebay.com/w/2023/01/05/syscall/,2023-01-06T13:32:58.179000+00:00,rss
What’s New at CES,"Artem Golub, LeAnn Wallace,  and David M. Ewalt",Gizmodo,https://read.readwise.io/read/01gp3mjy0scae9tnm4a5qg3j55,https://gizmodo.com/what-s-new-at-ces-1849955274,2023-01-06T13:32:43.178000+00:00,rss
Gene therapy has made some recent progress—is it enough?,Doug Johnson,Ars Technica,https://read.readwise.io/read/01gp3mjy09fqe0pqk3m53sz2fv,https://arstechnica.com/?p=1882763,2023-01-06T13:33:13.162000+00:00,rss
C++ vs. Rust Build Times,Hacker News,quick-lint-js.com,https://read.readwise.io/read/01gp3mjy07kjd09n7hw0fp5frj,https://quick-lint-js.com/blog/cpp-vs-rust-build-times/,2023-01-06T13:33:01.159000+00:00,rss
Pandora Defeates Earth as Avatar 2 Beats Top Gun 2 to Become 2022's Box Office Champion,Germain Lussier,Gizmodo,https://read.readwise.io/read/01gp3mjy07gkfacd6rxscykn2a,https://gizmodo.com/highest-grossing-film-2022-avatar-2-beats-top-gun-2-1849954716,2023-01-06T13:32:46.159000+00:00,rss
Here’s the electric car that Sony is going to build with Honda,Jonathan M. Gitlin,Ars Technica,https://read.readwise.io/read/01gp3mjxzen4xazn9fwb37xs14,https://arstechnica.com/?p=1907826,2023-01-06T13:33:16.134000+00:00,rss
Swallow Calendar,Hacker News,riowang.blogspot.com,https://read.readwise.io/read/01gp3mjxzekahr2refapmy3q38,http://riowang.blogspot.com/2022/11/swallow-calendar.html,2023-01-06T13:33:04.134000+00:00,rss
Engineers Are Racing to Salvage a Cubesat That Launched With NASA's Moon Mission,Passant Rabie,Gizmodo,https://read.readwise.io/read/01gp3mjxz99tnfe23c4n5tetdf,https://gizmodo.com/engineers-salvage-luna-h-map-cubesat-moon-mission-1849954853,2023-01-06T13:32:49.130000+00:00,rss
Use This App to Control External Displays From Your Mac,Pranay Parab,Lifehacker,https://read.readwise.io/read/01gp3mjxz0dg5yf5n8nbnmr3ay,https://lifehacker.com/use-this-app-to-control-external-displays-from-your-mac-1849952583,2023-01-06T13:33:01.120000+00:00,rss
Wizards of the Coast Trying to Retroactively Cancel OGL 1.0a,Hacker News,EN World | Dungeons & Dragons | Tabletop Roleplaying Games,https://read.readwise.io/read/01gp3mjxyt8nf7se0k42s0tpwm,https://www.enworld.org/threads/hello-i-am-lawyer-with-a-psa-almost-everyone-is-wrong-about-the-ogl-and-srd-clearing-up-confusion.694192/,2023-01-06T13:33:07.114000+00:00,rss
Long COVID stemmed from mild cases of COVID-19 in most people,The Conversation,Ars Technica,https://read.readwise.io/read/01gp3mjxys9j9225apw9x8bq26,https://arstechnica.com/?p=1907864,2023-01-06T13:33:19.114000+00:00,rss
Qualcomm to Roll Out Satellite Connectivity for Android Devices Later This Year,Florence Ion,Gizmodo,https://read.readwise.io/read/01gp3mjxyppzqny1159pyz55kc,https://gizmodo.com/qualcomm-snapdragon-satellite-connectivity-for-android-1849955257,2023-01-06T13:32:52.111000+00:00,rss
Why the Chevy Bolt Is Such a Great Deal Right Now,Daniel Oropeza,Lifehacker,https://read.readwise.io/read/01gp3mjxyh6s2a13zakap4xdds,https://lifehacker.com/why-the-chevy-bolt-is-such-a-great-deal-right-now-1849951365,2023-01-06T13:33:04.106000+00:00,rss
Bitmovin (YC S15) Is Hiring a Director Product Growth in Vienna,Hacker News,Bitmovin,https://read.readwise.io/read/01gp3mjxy8nwvy4cabxz9166jr,https://bitmovin.com/careers/director-product-growth-6555620002/,2023-01-06T13:33:10.096000+00:00,rss
Lenovo puts the legendary ThinkPad brand on a phone: Meet the ThinkPhone,Ron Amadeo,Ars Technica,https://read.readwise.io/read/01gp3mjxy6ys21j7hgrgh9grk4,https://arstechnica.com/?p=1907626,2023-01-06T13:33:22.095000+00:00,rss
Hugh Jackman Addresses Bryan Singer's X-Men Set Behavior,Germain Lussier,Gizmodo,https://read.readwise.io/read/01gp3mjxy5ak69y7e9ssy0bt94,https://gizmodo.com/hugh-jackman-x-men-bryan-singer-deadpool-3-wolverine-1849955323,2023-01-06T13:32:55.093000+00:00,rss
Three Things You Need in Your First Adult Kitchen,Allie Chanthorn Reinmann,Lifehacker,https://read.readwise.io/read/01gp3mjxy3tx1ravre5d91n512,https://lifehacker.com/three-things-you-need-in-your-first-adult-kitchen-1849954362,2023-01-06T13:33:07.091000+00:00,rss
12 of the Most Enduring Movie Debates Ever,Ross Johnson,Lifehacker,https://read.readwise.io/read/01gp3mjxxkh39ym2kh5rs7bs52,https://lifehacker.com/12-of-the-most-enduring-movie-debates-ever-1849950082,2023-01-06T13:33:10.076000+00:00,rss
Sony announces new controller aimed at gamers with disabilities,Kyle Orland,Ars Technica,https://read.readwise.io/read/01gp3mjxxgcej2jqmkn678pjr2,https://arstechnica.com/?p=1907879,2023-01-06T13:33:25.072000+00:00,rss
"Stripe Causes a €147000 Net Loss for My Business, for Seemingly No Reason?",Hacker News,ycombinator.com,https://read.readwise.io/read/01gp3mjxxe4aafv706j74vnbbn,https://news.ycombinator.com/item?id=34271815,2023-01-06T13:33:13.070000+00:00,rss
Webb Telescope Spots Ancient Galaxy Built Like the Milky Way,Isaac Schultz,Gizmodo,https://read.readwise.io/read/01gp3mjxx7b9fpphxv6m8k2bps,https://gizmodo.com/webb-telescope-spots-ancient-galaxy-built-like-the-milk-1849955493,2023-01-06T13:32:58.063000+00:00,rss
The Easiest Way to Get Dents Out of Wood,Becca Lewis,Lifehacker,https://read.readwise.io/read/01gp3mjxx3sd1y38k6gc9t7rvh,https://lifehacker.com/the-easiest-way-to-get-dents-out-of-wood-1849952032,2023-01-06T13:33:13.059000+00:00,rss
"Amazon expands layoffs from 10,000 to 18,000 jobs as stock price keeps falling",Jon Brodkin,Ars Technica,https://read.readwise.io/read/01gp3mjxwvrra5cfqz106kfhp9,https://arstechnica.com/?p=1907885,2023-01-06T13:33:28.051000+00:00,rss
"No, You Can’t Manufacture That Like Apple Does",Ben Einstein,Medium,https://read.readwise.io/read/01gp3mjxwsjbk96h7z8bkpmym7,https://beneinstein.medium.com/no-you-cant-manufacture-that-like-apple-does-93bea02a3bbf,2023-01-06T13:33:16.050000+00:00,rss
"Gas Stoves Are Major Cause of Childhood Asthma in the U.S., Study Finds",Ed Cara,Gizmodo,https://read.readwise.io/read/01gp3mjxwnr1h3tebht71dnx98,https://gizmodo.com/gas-stoves-asthma-children-indoor-pollution-1849955623,2023-01-06T13:33:01.046000+00:00,rss
3 career tips from Google Career Certificate graduates,Jesse Haines,Google,https://read.readwise.io/read/01gp3mjxwnbk3jccght6tybcp8,https://blog.google/outreach-initiatives/grow-with-google/career-certificates-graduates-tips/,2023-01-06T13:33:22.046000+00:00,rss
Your PS5 Can Have Faster Internet,Jake Peterson,Lifehacker,https://read.readwise.io/read/01gp3mjxwmhm2c9h4y34f511ps,https://lifehacker.com/your-ps5-can-have-faster-internet-1849953810,2023-01-06T13:33:16.044000+00:00,rss
Cadillac wants to enter Formula 1 with Andretti Global,Jonathan M. Gitlin,Ars Technica,https://read.readwise.io/read/01gp3mjxw7sqqazt7zhap3g7c5,https://arstechnica.com/?p=1907933,2023-01-06T13:33:31.031000+00:00,rss
You’re Letting Your Faucets Drip Wrong in Winter,Jeff Somers,Lifehacker,https://read.readwise.io/read/01gp3mjxvwvh06zfsbgmm65p1s,https://lifehacker.com/you-re-letting-your-faucets-drip-wrong-in-winter-1849954235,2023-01-06T13:33:19.020000+00:00,rss
Ask HN: What sub $200 product improved your 2022,Hacker News,ycombinator.com,https://read.readwise.io/read/01gp3mjxvrmxem09zsa7ee9x8m,https://news.ycombinator.com/item?id=34272687,2023-01-06T13:33:19.016000+00:00,rss
3 ways to take better care of your mind and body in 2023,Dr. Megan Bell,Google,https://read.readwise.io/read/01gp3mjxvrdtjgaf9fyp58297p,https://blog.google/products/fitbit/fitbit-pixel-watch-nest-better-sleep-stress-less-recovery-2023/,2023-01-06T13:33:25.016000+00:00,rss
South Korea's Lunar Orbiter Captures Unreal Views of Our Home Planet,Passant Rabie,Gizmodo,https://read.readwise.io/read/01gp3mjxvqxqf111kr6dfhcx6c,https://gizmodo.com/south-korea-danuri-lunar-orbiter-earth-images-1849955604,2023-01-06T13:33:04.015000+00:00,rss
Mercedes-Benz will build a $1 billion EV fast-charging network in the US,Jonathan M. Gitlin,Ars Technica,https://read.readwise.io/read/01gp3mjxvk4d0jr1xcc3krprqe,https://arstechnica.com/?p=1907866,2023-01-06T13:33:34.012000+00:00,rss
Stop Opening Store Credit Cards at Checkout,Meredith Dietz,Lifehacker,https://read.readwise.io/read/01gp3mjxvdj8mk77v2hna6fz02,https://lifehacker.com/stop-opening-store-credit-cards-at-checkout-1849954734,2023-01-06T13:33:22.005000+00:00,rss
7 ways Android helps your devices work better together,Erik Kay,Google,https://read.readwise.io/read/01gp3mjxv4bp21xjgz094q7qyn,https://blog.google/products/android/ces23-bettertogether/,2023-01-06T13:33:27.997000+00:00,rss
Elon Cuts Costs by Laying Off the People Who Make Twitter Money,Lauren Leffer,Gizmodo,https://read.readwise.io/read/01gp3mjxv42bcchknz00qaxv1n,https://gizmodo.com/elon-cuts-costs-by-laying-off-the-people-who-make-money-1849955413,2023-01-06T13:33:06.996000+00:00,rss
Carl Hewitt has died [pdf],Hacker News,Stanford Report,https://read.readwise.io/read/01gp3mjxv3w77zavfn71v9g7aa,http://ee380.stanford.edu/Carl-Hewitt.pdf,2023-01-06T13:33:21.996000+00:00,rss
You Should Grate Dried Mushrooms All Over Everything,Claire Lower,Lifehacker,https://read.readwise.io/read/01gp3mjxty9v642bsvhrc58tvp,https://lifehacker.com/you-should-grate-dried-mushrooms-all-over-everything-1849955064,2023-01-06T13:33:24.991000+00:00,rss
M3GAN Was So Close to Being Rated R,Sabina Graves,Gizmodo,https://read.readwise.io/read/01gp3mjxtjv2bf402h0kjxzqkw,https://gizmodo.com/killer-doll-m3gan-almost-had-r-rating-james-wan-1849955271,2023-01-06T13:33:09.978000+00:00,rss
My Bad Habit of Hoarding Information,Hacker News,andreisurugiu.com,https://read.readwise.io/read/01gp3mjxtj3hz2f70b62zp8fg1,https://andreisurugiu.com/blog/bad-habit/,2023-01-06T13:33:24.978000+00:00,rss
11 of the Wildest Theme Park Coasters and Attractions Opening This Year,Stephen Johnson,Lifehacker,https://read.readwise.io/read/01gp3mjxtgvbfygk0rzk4vgg0p,https://lifehacker.com/11-of-the-wildest-theme-park-coasters-and-attractions-o-1849954649,2023-01-06T13:33:27.976000+00:00,rss
Uninterrupted listening across devices with Android,Sandeep Chivukula,Google,https://read.readwise.io/read/01gp3mjxtg9g8k5jbaskc6mdfp,https://blog.google/products/android/ces23-bettertogether-newexperiences/,2023-01-06T13:33:30.977000+00:00,rss
FBI Looking for Hashflare Victims,Hacker News,Federal Bureau of Investigation,https://read.readwise.io/read/01gp3mjxsx8gbjqaqryb5fj7a0,https://www.fbi.gov/how-we-can-help-you/victim-services/seeking-victim-information/seeking-victims-in-the-hashflare-investigation,2023-01-06T13:33:27.958000+00:00,rss
It Might Be Time to Ditch Arlo Cameras,Jake Peterson,Lifehacker,https://read.readwise.io/read/01gp3mjxsr066t4whz2gv6hc44,https://lifehacker.com/it-might-be-time-to-ditch-arlo-cameras-1849945570,2023-01-06T13:33:30.952000+00:00,rss
"New York AG Sues Former Celsius CEO for Leading Investors, 'Down a Path of Financial Ruin'",Mack DeGeurin,Gizmodo,https://read.readwise.io/read/01gp3mjxsqdfr0qafmt8mj56h8,https://gizmodo.com/crypto-celsius-alex-mashinsky-1849955777,2023-01-06T13:33:12.952000+00:00,rss
Bringing the best of Android to improve your drive,Guemmy Kim,Google,https://read.readwise.io/read/01gp3mjxshd71brd593234sjrc,https://blog.google/products/android/best-of-android-to-improve-your-drive/,2023-01-06T13:33:33.946000+00:00,rss
All the Home Improvement Tax Credits You Can Take Advantage of This Year,Lindsey Ellefson,Lifehacker,https://read.readwise.io/read/01gp3mjxs8yx8hxs2rs6a21p44,https://lifehacker.com/all-the-home-improvement-tax-credits-you-can-take-advan-1849954962,2023-01-06T13:33:33.936000+00:00,rss
Ask HN: Why do people still use Stripe?,Hacker News,ycombinator.com,https://read.readwise.io/read/01gp3mjxs6adnntpxrnz8j1pnx,https://news.ycombinator.com/item?id=34273460,2023-01-06T13:33:30.934000+00:00,rss
Is Intermittent Fasting Sacrilegious?,John Piper,Desiring God,https://read.readwise.io/read/01gp3mjxs5zkw26xgkp71f7vyy,http://rss.desiringgod.org/link/10732/15887002/is-intermittent-fasting-sacrilegious,2023-01-06T13:33:30.934000+00:00,rss
You Deserve This Touchscreen Stylus Disguised as a Boujee Fountain Pen,Andrew Liszewski,Gizmodo,https://read.readwise.io/read/01gp3mjxs4572bd3g2kvsx58rs,https://gizmodo.com/adonit-star-touchscreen-stylus-disguised-fountain-pen-1849955958,2023-01-06T13:33:15.932000+00:00,rss
Pray Kingdom Prayers: Three Requests We Often Neglect,Brett Rayl,Desiring God,https://read.readwise.io/read/01gp3mjxrhxmb6eh1jez2tzg16,http://rss.desiringgod.org/link/10732/15887001/pray-kingdom-prayers,2023-01-06T13:33:33.914000+00:00,rss
WhatsApp Is Fighting Censorship With a Proxy Workaround,Nikki Main,Gizmodo,https://read.readwise.io/read/01gp3mjxr0am84j8fm9e1vtde6,https://gizmodo.com/whatsapp-meta-messaging-app-iran-censorship-1849954959,2023-01-06T13:33:18.897000+00:00,rss
Lago: *Open-Source Usage Based Billing* Is Hiring Sr Ruby Engineers,Hacker News,Y Combinator,https://read.readwise.io/read/01gp3mjxqy0cfgzq7np7ddep7g,https://www.ycombinator.com/companies/lago/jobs/RvvzKuM-sr-back-end-ruby-engineer,2023-01-06T13:33:33.895000+00:00,rss
200 Million Twitter Users' Data Just Went Up for Sale on the Dark Web for $2. Here's What We Know.,Lucas Ropek,Gizmodo,https://read.readwise.io/read/01gp3mjxqe25yehend7v6b92pb,https://gizmodo.com/twitter-elon-musk-hack-200-million-users-dark-web-1849953779,2023-01-06T13:33:21.878000+00:00,rss
The Top 5 Longreads of the Week,Longreads,Longreads,https://read.readwise.io/read/01gp3mjxq9r79rtr6rytg6gvb0,https://longreads.com/2023/01/06/the-top-5-longreads-of-the-week-447/,2023-01-06T13:33:33.873000+00:00,rss
The Best Woks for 2023,Cathy Erway,New York Times,https://read.readwise.io/read/01gp3mjxq52k97cs77m06v9hns,https://www.nytimes.com/wirecutter/reviews/best-woks/?utm_source=rss&utm_medium=feed&utm_campaign=RSS%20Feed,2023-01-06T13:33:33.869000+00:00,rss
Lego Welcomed 2023 With a Mountain of New Set Reveals That Immediately Landed on Our Wish Lists,Andrew Liszewski,Gizmodo,https://read.readwise.io/read/01gp3mjxpwed8q81wfkd4k67qd,https://gizmodo.com/lego-new-sets-for-2023-disney-technic-speed-champions-1849953650,2023-01-06T13:33:24.860000+00:00,rss
Gross Yourself Out Completely With This Very Potent Horror Short,Cheryl Eddy,Gizmodo,https://read.readwise.io/read/01gp3mjxpa6a18m9esa3qt6qq1,https://gizmodo.com/bug-bites-horror-short-gory-fx-weird-surreal-humor-1849956529,2023-01-06T13:33:27.842000+00:00,rss
Poker Face Combines the Superpowers of Natasha Lyonne and Rian Johnson,Germain Lussier,Gizmodo,https://read.readwise.io/read/01gp3mjxnrgwy769h76zp5w7a8,https://gizmodo.com/poker-face-trailer-peacock-rian-johnson-natasha-lyonne-1849956540,2023-01-06T13:33:30.825000+00:00,rss
The Last of Us Creators Reveal How Long the Series Will Go,Germain Lussier,Gizmodo,https://read.readwise.io/read/01gp3mjxn3zzjtyd7wjfvqwrr5,https://gizmodo.com/last-of-us-hbo-length-left-behind-dlc-neil-druckmann-1849945355,2023-01-06T13:33:33.803000+00:00,rss
Why SQLite succeeded as a database (2016),Hacker News,Changelog,https://read.readwise.io/read/01gp1h5yx2tj603ahss0x1gq82,https://changelog.com/podcast/201,2023-01-05T17:54:13.507000+00:00,rss
Create images from words with AI,Bing,bing.com,https://read.readwise.io/read/01gp1h5ywfj11eaevvw31y5fz7,https://www.bing.com/images/create,2023-01-05T17:54:16.488000+00:00,rss
How to Get 1.5 TFlops of FP32 Performance on a Single M1 CPU Core,Hacker News,jott.live,https://read.readwise.io/read/01gp1h5yvwc2r2a6e4942rmav8,https://jott.live/markdown/1.5tflop_m1,2023-01-05T17:54:19.468000+00:00,rss
Does the world have enough lithium to move to electric vehicles?,Hannah Ritchie,sustainabilitybynumbers.com,https://read.readwise.io/read/01gp1h5yv8v5x14wrszfdxajc7,https://hannahritchie.substack.com/p/lithium-electric-vehicles,2023-01-05T17:54:22.449000+00:00,rss
Ask HN: How many of you are open to Piracy again?,Hacker News,ycombinator.com,https://read.readwise.io/read/01gp1h5ytjqkt5mqb6z3araqgt,https://news.ycombinator.com/item?id=34259279,2023-01-05T17:54:25.427000+00:00,rss
Iranian attack drone found to contain parts from more than a dozen US companies,Hacker News,CNN,https://read.readwise.io/read/01gp1h5yst3zzh9z6qw8s2fe7j,https://www.cnn.com/2023/01/04/politics/iranian-drone-parts-13-us-companies-ukraine-russia/index.html,2023-01-05T17:54:28.403000+00:00,rss
Meta Ireland fined €390M for GDPR infringement,Hacker News,Data Protection Commission,https://read.readwise.io/read/01gp1h5ys69ka1848hh7n870zz,https://dataprotection.ie/en/news-media/data-protection-commission-announces-conclusion-two-inquiries-meta-ireland,2023-01-05T17:54:31.383000+00:00,rss
We’ve made the difficult decision to shut down Revue,Hacker News,getrevue.co,https://read.readwise.io/read/01gp1h5yrk6e279gsg0wqzs2w7,http://help.getrevue.co/en/articles/6819675-we-ve-made-the-difficult-decision-to-shut-down-revue,2023-01-05T17:54:34.364000+00:00,rss
Shopify's developer focus is nothing but marketing spin,Hacker News,ycombinator.com,https://read.readwise.io/read/01gp1h5yqx2b413j4y8xaf7dkg,https://news.ycombinator.com/item?id=34259954,2023-01-05T17:54:37.341000+00:00,rss
Scott Aaronson weighs in on purported quantum factoring breakthrough,Hacker News,Shtetl-Optimized,https://read.readwise.io/read/01gp1h5yq6ee6w29ax7dzxysgf,https://scottaaronson.blog/?p=6957,2023-01-05T17:54:40.318000+00:00,rss
Pornhub users in Louisiana now have to submit government ID to access the site,Hacker News,Mashable,https://read.readwise.io/read/01gp1h5ypey1nz3dvgmph85rtk,https://mashable.com/article/pornhub-louisiana-id,2023-01-05T17:54:43.294000+00:00,rss
"AMD Announces 7950X3D, 7900X3D Upto 128MB L3 Cache",Hacker News,AnandTech,https://read.readwise.io/read/01gp1h5ynssh2bg6w80h7yzaj9,https://www.anandtech.com/show/18709/amd-unveils-ryzen-9-7950x3d-7900x3d-and-ryzen-7-7800x3d-up-to-128-mb-of-l3-cache-and-5-7-ghz-boost,2023-01-05T17:54:46.274000+00:00,rss
"Investors conclude that Tesla is a carmaker, not a tech firm",The Economist,The Economist,https://read.readwise.io/read/01gp1h5yn6vv4zgkvagsswn7sc,https://www.economist.com/business/2023/01/04/investors-conclude-that-tesla-is-a-carmaker-not-a-tech-firm,2023-01-05T17:54:49.255000+00:00,rss
U.S. Moves to Bar Noncompete Agreements in Labor Contracts - The New York Times,Noam Scheiber,New York Times,https://read.readwise.io/read/01gp1h5ymg7shfqbbahwk0f9de,https://www.nytimes.com/2023/01/05/business/economy/ftc-noncompete.html,2023-01-05T17:54:52.232000+00:00,rss
FTC Proposes Banning Noncompete Clauses for Workers,Dave Michaels,WSJ,https://read.readwise.io/read/01gp1h5ykwrad3hakpsfjykmp6,https://www.wsj.com/articles/ftc-proposes-banning-noncompete-clauses-for-workers-11672900586,2023-01-05T17:54:55.212000+00:00,rss
U.S. trade deficit shrinks 21% to 26-month low as imports tumble,Hacker News,MarketWatch,https://read.readwise.io/read/01gp1h5yk89brv243j4p3sf6c3,https://www.marketwatch.com/story/u-s-trade-deficit-sinks-21-to-26-month-low-as-imports-tumble-11672926549,2023-01-05T17:54:58.192000+00:00,rss
‘Disruptive’ science has declined — and no one knows why,Max Kozlov,Nature,https://read.readwise.io/read/01gp1h5yjdb0ycbbdjypm38z30,https://www.nature.com/articles/d41586-022-04577-5,2023-01-05T17:55:01.165000+00:00,rss
Works entering the public domain this year,Hacker News,Smithsonian Magazine,https://read.readwise.io/read/01gp1h5yhrbcsw8f2mz75j76n7,https://www.smithsonianmag.com/arts-culture/the-top-ten-works-entering-the-public-domain-2023-180981370/,2023-01-05T17:55:04.144000+00:00,rss
Twinkly's Animated Smart Lights Will Soon Be Able to Play Christmas Movies on Your Christmas Tree,Andrew Liszewski,Gizmodo,https://read.readwise.io/read/01gp1h5yhn30vh7x8r160wm9vz,https://gizmodo.com/twinkly-animated-smart-lights-video-mirroring-christmas-1849951430,2023-01-05T17:54:46.141000+00:00,rss
The YC Founder Directory (+ New Company Content),Casey Muller,YC Startup Job Guide,https://read.readwise.io/read/01gp1h5yh3afmpay4ataverzkp,https://www.ycombinator.com/blog/the-yc-founder-directory,2023-01-05T17:55:07.123000+00:00,rss
Why Meta Is (and Isn’t) Driving the Metaverse Conversation,Paul Armstrong,Gizmodo,https://read.readwise.io/read/01gp1h5yh0eq6r14a50w3m14j2,https://gizmodo.com/facebook-meta-metaverse-conversation-horizon-worlds-1849946634,2023-01-05T17:54:49.121000+00:00,rss
U.S. moves to seize $460M Robinhood stake linked to Sam Bankman-Fried,Hacker News,CNN,https://read.readwise.io/read/01gp1h5ygezkhmevnmeev236e3,https://www.cnn.com/2023/01/05/investing/doj-seizes-robinhood-shares/index.html,2023-01-05T17:55:10.103000+00:00,rss
"Brava's $2,000 Smart Oven Finally Comes With a Feature You'll Find on $20 Toaster Ovens",Andrew Liszewski,Gizmodo,https://read.readwise.io/read/01gp1h5ygc28znrrscsver0msp,https://gizmodo.com/brava-glass-smart-oven-adds-a-window-1849910669,2023-01-05T17:54:52.100000+00:00,rss
Textual Inversion · AUTOMATIC1111/stable-diffusion-webui Wiki · GitHub,https://github.com/AUTOMATIC1111/,GitHub,https://read.readwise.io/read/01gp1h5yfjg93pfdtfxhngbfat,https://github.com/AUTOMATIC1111/stable-diffusion-webui/wiki/Textual-Inversion,2023-01-05T17:55:13.074000+00:00,rss
The Year Ahead in Astronomy,Isaac Schultz,Gizmodo,https://read.readwise.io/read/01gp1h5yfe01fgvvswpd58gg0d,https://gizmodo.com/astronomy-space-science-webb-telescope-predictions-2023-1849910316,2023-01-05T17:54:55.071000+00:00,rss
How to Prevent Sour Cream From Curdling in Soups and Sauces,Claire Lower,Lifehacker,https://read.readwise.io/read/01gp1h5yeyc40watkrwtaz1emh,https://lifehacker.com/how-to-prevent-sour-cream-from-curdling-in-soups-and-sa-1849950277,2023-01-05T17:55:19.054000+00:00,rss
America needs carpenters and plumbers. Try telling that to Gen Z,Hacker News,NPR,https://read.readwise.io/read/01gp1h5yeyc0d7ntbf1jxqfr0x,https://text.npr.org/1142817339,2023-01-05T17:55:16.055000+00:00,rss
U.S. Approves First Vaccination of Honeybees,Kevin Hurler,Gizmodo,https://read.readwise.io/read/01gp1h5yevk33bj4gyvxernn6s,https://gizmodo.com/honeybee-vaccine-american-foulbrood-usda-1849952784,2023-01-05T17:54:58.051000+00:00,rss
Don't Dry Your Bed Sheets All the Way,Lindsey Ellefson,Lifehacker,https://read.readwise.io/read/01gp1h5ycjy1qdebsmyt4qd7fj,https://lifehacker.com/dont-dry-your-bed-sheets-all-the-way-1849949255,2023-01-05T17:55:21.978000+00:00,rss
The genetic history of Scandinavia from the Roman Iron Age to the present,Hacker News,Cell,https://read.readwise.io/read/01gp1h5ych9dxyn8615sypmvgf,https://www.cell.com/cell/fulltext/S0092-8674(22)01468-4,2023-01-05T17:55:18.978000+00:00,rss
Elon Musk Says (🤑) Kevin McCarthy (🤑) Should Be Speaker,Jody Serrano,Gizmodo,https://read.readwise.io/read/01gp1h5ycd6yv0vy4224qcf62y,https://gizmodo.com/house-speaker-kevin-mccarthy-elon-musk-endorses-donate-1849952870,2023-01-05T17:55:00.973000+00:00,rss
The 7 Best Weather Apps to Replace Dark Sky on iPhone and Android,Brendan Hesse,Lifehacker,https://read.readwise.io/read/01gp1h5ybyxf98zccgfqrm13pe,https://lifehacker.com/the-7-best-weather-apps-to-replace-dark-sky-on-iphone-a-1849951456,2023-01-05T17:55:24.959000+00:00,rss
Show HN: GPTDuck – Ask questions about any GitHub repo,Hacker News,gptduck.com,https://read.readwise.io/read/01gp1h5ybxv9y3z9h35xkgxjh3,https://www.gptduck.com/,2023-01-05T17:55:21.958000+00:00,rss
James Gunn Keeps Pushing Back On More DC Rumors,Gordon Jackson and James Whitbrook,Gizmodo,https://read.readwise.io/read/01gp1h5ybq3tang4t0y29fhhc0,https://gizmodo.com/james-gunn-ezra-miller-flash-dc-movies-wonder-woman-1849949527,2023-01-05T17:55:03.952000+00:00,rss
All the Coolest Stuff Happening in Space in 2023,Stephen Johnson,Lifehacker,https://read.readwise.io/read/01gp1h5yb9myv0kas1hf8bvecc,https://lifehacker.com/all-the-coolest-shit-happening-in-space-in-2023-1849951152,2023-01-05T17:55:27.938000+00:00,rss
"Show HN: Vim online editor using WebAssembly, storing files using IndexedDB",Hacker News,vimonlineeditor.com,https://read.readwise.io/read/01gp1h5yb8pxd0zsms18jxtsym,https://www.vimonlineeditor.com/,2023-01-05T17:55:24.937000+00:00,rss
Dungeons & Dragons’ New License Tightens Its Grip On Competition,Linda Codega,Gizmodo,https://read.readwise.io/read/01gp1h5yb3v3smtrj7s5b10y5n,https://gizmodo.com/dnd-wizards-of-the-coast-ogl-1-1-open-gaming-license-1849950634,2023-01-05T17:55:06.932000+00:00,rss
Turn Leftover Apple Cider Into a Batch of Caramels,Allie Chanthorn Reinmann,Lifehacker,https://read.readwise.io/read/01gp1h5yam3h6mq5kxdjpadx0k,https://lifehacker.com/turn-leftover-apple-cider-into-a-batch-of-caramels-1849950632,2023-01-05T17:55:30.917000+00:00,rss
"Having friends in HR is fine, but HR is not your friend",Hacker News,Colm Doyle,https://read.readwise.io/read/01gp1h5yaj0zn9fdgy7z1mr0vh,https://cdoyle.me/2023/01/05/having-friends-in-hr-is-fine-but-hr-is-not-your-friend/,2023-01-05T17:55:27.914000+00:00,rss
Apple Quietly Rolls Out AI-Narrated Audiobooks,Nikki Main,Gizmodo,https://read.readwise.io/read/01gp1h5yaeacsnnefxfz4v3660,https://gizmodo.com/apple-audio-books-ai-authors-ebooks-1849952963,2023-01-05T17:55:09.911000+00:00,rss
Getting to 1.5 Gbps WiFi 6E on the Raspberry Pi CM4,Jeff Geerling,jeffgeerling.com,https://read.readwise.io/read/01gp1h5yabqw6r1sh1q2hwcp2r,https://www.jeffgeerling.com/blog/2023/getting-15-gbps-wifi-6e-on-raspberry-pi-cm4,2023-01-05T17:55:33.908000+00:00,rss
Start Growing These Seeds Indoors Now for Spring Planting,Becca Lewis,Lifehacker,https://read.readwise.io/read/01gp1h5y9ytxksywmmkytmhd0g,https://lifehacker.com/start-growing-these-seeds-indoors-now-for-spring-planti-1849951942,2023-01-05T17:55:33.895000+00:00,rss
"Musk Reportedly Reworks Twitter Employee Benefits: Coffee & Snacks Are In, Family Planning Is Out",Lauren Leffer,Gizmodo,https://read.readwise.io/read/01gp1h5y9tennzbr48384emhht,https://gizmodo.com/twitter-elon-musk-ivf-family-planning-1849952931,2023-01-05T17:55:12.891000+00:00,rss
"Superposition, Memorization, and Double Descent",Hacker News,transformer-circuits.pub,https://read.readwise.io/read/01gp1h5y9k8578yv5j4b4cms5g,https://transformer-circuits.pub/2023/toy-double-descent/index.html,2023-01-05T17:55:30.883000+00:00,rss
"Amazon, Unable to Sustain Pandemic Boom, Will Layoff 18,000 Workers",Mack DeGeurin,Gizmodo,https://read.readwise.io/read/01gp1h5y92kx18c8gvfm63k3ed,https://gizmodo.com/amazon-layoffs-amazon-prime-tech-workers-1849953366,2023-01-05T17:55:15.866000+00:00,rss
Writing a Tiny RISC-V Emulator [video],Hacker News,YouTube,https://read.readwise.io/read/01gp1h5y8qj8rj5z0vwezsjwk1,https://www.youtube.com/watch?v=YT5vB3UqU_E,2023-01-05T17:55:33.856000+00:00,rss
1Password’s top four predictions for security in 2023,Stacey Harris,1Password Blog,https://read.readwise.io/read/01gp1h5y8jr06gmq7r3bmpj83c,https://blog.1password.com/security-trends-predictions-2023/,2023-01-05T17:55:33.851000+00:00,rss
No Way to Live,Seyward Darby,Longreads,https://read.readwise.io/read/01gp1h5y8fc8577f0skcvghqpa,https://longreads.com/2023/01/05/no-way-to-live/,2023-01-05T17:55:30.848000+00:00,rss
"Lenovo's ThinkPad Phone, the ThinkPhone, Is Making Me Like Motorola Again",Florence Ion,Gizmodo,https://read.readwise.io/read/01gp1h5y8cx1vrg0052mvbm6af,https://gizmodo.com/lenovo-thinkphone-thinkpad-motorola-tab-extreme-android-1849952076,2023-01-05T17:55:18.844000+00:00,rss
Did I Tell You About David?,Peter Rubin,Longreads,https://read.readwise.io/read/01gp1h5y7v4wxge57nznbs8wfr,https://longreads.com/2023/01/05/did-i-tell-you-about-david/,2023-01-05T17:55:33.827000+00:00,rss
Lenovo Made a Windows Laptop With a Rotating E Ink Display,Michelle Ehrhardt,Gizmodo,https://read.readwise.io/read/01gp1h5y7qkfxne08dx7hd8ybr,https://gizmodo.com/lenovo-thinkbook-plus-twist-rotating-e-ink-display-16p-1849952127,2023-01-05T17:55:21.824000+00:00,rss
IOGEAR's Mouse-Sharing Hub Lets the On-Screen Cursor Jump Between Two Different Computers,Andrew Liszewski,Gizmodo,https://read.readwise.io/read/01gp1h5y72h1mjfvndr29ehf9d,https://gizmodo.com/iogear-kvm-matrix-mouse-sharing-hub-two-computers-1849887900,2023-01-05T17:55:24.802000+00:00,rss
Researchers Dig Into the Genetic History of Vikings,Isaac Schultz,Gizmodo,https://read.readwise.io/read/01gp1h5y6dkgeeyrpfqzxc97p8,https://gizmodo.com/genetic-history-scandinavia-vikings-1849952940,2023-01-05T17:55:27.782000+00:00,rss
Michael Giacchino To Follow Werewolf By Night With Them! Remake,Germain Lussier,Gizmodo,https://read.readwise.io/read/01gp1h5y5r2m58nr0r4aghv6s0,https://gizmodo.com/michael-giacchino-them-sci-fi-warner-bros-werewolf-nigh-1849953824,2023-01-05T17:55:30.761000+00:00,rss
"Vestiaire Collective VP shares wins, insights, and what's next with DevSecOps migration",Chandler Gibbons,GitLab,https://read.readwise.io/read/01gp1h5y55fjz7c4vs51pbh0q5,https://about.gitlab.com/blog/2023/01/05/vestiaire-collective-on-moving-to-a-devsecops-platform/,2023-01-05T17:55:33.742000+00:00,rss
Newly Launched Solar Sail Is on Track to Unfurl in Low Earth Orbit,Passant Rabie,Gizmodo,https://read.readwise.io/read/01gp1h5y54bjsytk017ekxzjy9,https://gizmodo.com/gama-alpha-solar-sail-unfurl-earth-orbit-1849953476,2023-01-05T17:55:33.740000+00:00,rss
CircleCI’s unnoticed holiday security breach,The Pragmatic Engineer,Substack,https://read.readwise.io/read/01gp1emdvxa2krxn3q1fsggzbm,mailto:reader-forwarded-email/2c77bb23959baf8b8c9931c23dd91b97,2023-01-05T17:11:05.854000+00:00,email
‘We Can’t Even Get Basic Care Done’: What it’s Like Doing 12-Hour Shifts on an Understaffed NHS Ward,Carolyn Wells,Longreads,https://read.readwise.io/read/01gp12s21hh6cc0y165wj79mwp,https://longreads.com/2023/01/05/we-cant-even-get-basic-care-done-what-its-like-doing-12-hour-shifts-on-an-understaffed-nhs-ward/,2023-01-05T13:43:51.674000+00:00,rss
The (Almost) Definitive 486DX/50 Article,Hacker News,brassicgamer.blogspot.com,https://read.readwise.io/read/01gp12fr59g0v8jkp287rpjwqp,http://brassicgamer.blogspot.com/2023/01/the-almost-definitive-486dx50-article.html,2023-01-05T13:38:40.642000+00:00,rss
How will the haj change as global temperatures rise?,The Economist,The Economist,https://read.readwise.io/read/01gp12fr4ngxdt3jns5y1akg4v,https://www.economist.com/interactive/christmas-specials/2022/12/20/how-will-the-haj-change-as-global-temperatures-rise,2023-01-05T13:38:43.622000+00:00,rss
"Amazon plans to cut 18,000 jobs to rein in costs | Financial Times",Dave Lee,Financial Times,https://read.readwise.io/read/01gp12fr438708gqxhdfv98x2t,https://www.ft.com/content/0371225d-3131-4937-8af2-03582ca5e44d,2023-01-05T13:38:46.603000+00:00,rss
The Year Ahead in Star Wars,James Whitbrook,Gizmodo,https://read.readwise.io/read/01gp12fr0sfpf277r9h8ac0ya5,https://gizmodo.com/star-wars-mandalorian-ahsoka-bad-batch-predictions-2023-1849924264,2023-01-05T13:38:46.498000+00:00,rss
He Calls Us Still,Justin Camp from WiRE,,https://read.readwise.io/read/01gp12d1n13fam1e64xbpz362n,mailto:reader-forwarded-email/aecf5f89a60f26b0cf760ed4862fdca6,2023-01-05T13:37:21.058000+00:00,email
"AMD intros cheaper Ryzen 7000 CPUs, plus faster gaming-focused 3D V-Cache models",Andrew Cunningham,Ars Technica,https://read.readwise.io/read/01gp0yv4rke9hn772rwapv85kh,https://arstechnica.com/?p=1907673,2023-01-05T12:34:59.691000+00:00,rss
AMD’s Ryzen 7000 laptop CPU lineup is a bewildering patchwork of old and new,Andrew Cunningham,Ars Technica,https://read.readwise.io/read/01gp0yv4qt7rsk0bz0gs7zadfr,https://arstechnica.com/?p=1907733,2023-01-05T12:35:02.667000+00:00,rss
BMW is developing a full-screen head-up display for 2025’s Neue Klasse,Jonathan M. Gitlin,Ars Technica,https://read.readwise.io/read/01gp0yv4q0bdkc0w05cc27pca1,https://arstechnica.com/?p=1907504,2023-01-05T12:35:05.640000+00:00,rss
"Justice for Tormentors, Relief for Tormented: 2 Thessalonians 1:5–8, Part 3",John Piper,Desiring God,https://read.readwise.io/read/01gp0yv46hgypp9t44m1ybssv9,http://rss.desiringgod.org/link/10732/15885304/justice-for-tormentors-relief-for-tormented,2023-01-05T12:35:02.113000+00:00,rss
You Can Understand the Bible,Marshall Segal,Desiring God,https://read.readwise.io/read/01gp0yv46005b98q5q0788znq2,http://rss.desiringgod.org/link/10732/15885303/you-can-understand-the-bible,2023-01-05T12:35:05.096000+00:00,rss
CircleCI security alert: Rotate any secrets stored in CircleCI,Rob Zuber,CircleCI,https://read.readwise.io/read/01gp0yfz042zan5a8ry7w3rstj,https://circleci.com/blog/january-4-2023-security-alert/,2023-01-05T12:28:59.341000+00:00,rss
"Founder of Creative Technology, Sim Wong Hoo, has Died",Hacker News,,https://read.readwise.io/read/01gp0yfyxmak971pdysa4t8b77,https://www.theedgesingapore.com/news/company-news/creative-technologys-sim-wong-hoo-dies,2023-01-05T12:28:05.261000+00:00,rss
Rotate any secrets stored in CircleCI,Hacker News,CircleCI,https://read.readwise.io/read/01gp0yfyx44mrmekzcz6vtpfvr,https://circleci.com/blog/january-4-2023-security-alert/,2023-01-05T12:28:08.244000+00:00,rss
I was laid off 2 months ago with thousands of...,Sam Stryker,Twitter,https://read.readwise.io/read/01gp0yfywj0qzq08cfmr4g06mw,https://twitter.com/sbstryker/status/1610760987996749824,2023-01-05T12:28:11.226000+00:00,rss
"Ask HN: As a startup, what are your must-have sections for a landing page?",Hacker News,ycombinator.com,https://read.readwise.io/read/01gp0yfyvzytk46b9j3n62ckk4,https://news.ycombinator.com/item?id=34255599,2023-01-05T12:28:14.208000+00:00,rss
Hummingbird Clock,Hacker News,hummingbirdclock.info,https://read.readwise.io/read/01gp0yfyvh1g12np06v8qxt02x,http://www.hummingbirdclock.info/about,2023-01-05T12:28:17.193000+00:00,rss
Bill Gates: I'm literally losing sleep over Java (1996),Hacker News,techemails.com,https://read.readwise.io/read/01gp0yfyv1599v72eqzwmmavet,https://www.techemails.com/p/bill-gates-im-literally-losing-sleep-over-java,2023-01-05T12:28:20.177000+00:00,rss
How to Befriend Crows?,Hacker News,World Birds,https://read.readwise.io/read/01gp0yfytf24cj6am3968js0en,https://worldbirds.com/how-to-befriend-crows/,2023-01-05T12:28:23.160000+00:00,rss
Papers and patents are becoming less disruptive over time,Erin Leahey &,Nature,https://read.readwise.io/read/01gp0yfysybnp6qncbymcdtj2q,https://www.nature.com/articles/s41586-022-05543-x,2023-01-05T12:28:26.142000+00:00,rss
How to Optimize a CUDA Matmul Kernel for CuBLAS-Like Performance: A Worklog,Hacker News,siboehm.com,https://read.readwise.io/read/01gp0yfys3dbz64egvpnyjc96f,https://siboehm.com/articles/22/CUDA-MMM,2023-01-05T12:28:29.115000+00:00,rss
Apple introduces Digital narration for books,Hacker News,apple.com,https://read.readwise.io/read/01gp0yfyrk41949b9w3xsc39eq,https://authors.apple.com/support/4519-digital-narration-audiobooks,2023-01-05T12:28:32.099000+00:00,rss
"AMD’s Zen 4, Part 3: System Level Stuff, and iGPU
AMD’s Zen 4, Part 3: System Level Stuff, and iGPU",Chester Lam,Chips and Cheese,https://read.readwise.io/read/01gp0yfyr43qx3rm2kgg0t8e63,https://chipsandcheese.com/2023/01/05/amds-zen-4-part-3-system-level-stuff-and-igpu/,2023-01-05T12:28:35.084000+00:00,rss
Evernote Acquired by Bending Spoons,Hacker News,Evernote,https://read.readwise.io/read/01gp0yfyqhrwged8ca2ny0sce6,https://evernote.com/blog/new-phase-in-evernote-history/,2023-01-05T12:28:38.065000+00:00,rss
"Londoner solves 20,000-year Ice Age drawings mystery - BBC News",https://www.facebook.com/bbcnews,BBC,https://read.readwise.io/read/01gp0yfyq17zwf7v0crvaj7345,https://www.bbc.co.uk/news/uk-england-london-64162799,2023-01-05T12:28:41.050000+00:00,rss
Adobe Lightroom uses photos for AI training by default,Hacker News,Toot Café,https://read.readwise.io/read/01gp0yfypgpkvf0j9ejz9ewvtn,https://toot.cafe/@baldur/109630505660962387,2023-01-05T12:28:44.033000+00:00,rss
Show HN: I made a site that lets you create your WhatsApp Wrapped 2022,Hacker News,ourchatstory.co,https://read.readwise.io/read/01gp0yfynzh27p9wm3ps415yaw,https://www.ourchatstory.co/,2023-01-05T12:28:47.016000+00:00,rss
Is the recession taking a toll on working from home?,Hacker News,Firstpost,https://read.readwise.io/read/01gp0yfyndb63emq014q3wd42y,https://www.firstpost.com/explainers/recession-2023-end-to-work-from-home-remote-work-hybrid-us-europe-eu-11914932.html,2023-01-05T12:28:49.997000+00:00,rss
Slack's private GitHub code repositories stolen over holidays,Hacker News,BleepingComputer,https://read.readwise.io/read/01gp0yfymwajgh1q4sccse0fm4,https://www.bleepingcomputer.com/news/security/slacks-private-github-code-repositories-stolen-over-holidays/,2023-01-05T12:28:52.980000+00:00,rss
AUTOMATIC1111 · GitHub,https://github.com/AUTOMATIC1111/,GitHub,https://read.readwise.io/read/01gp0yfymamjde25xqznznqkqp,https://github.com/AUTOMATIC1111,2023-01-05T12:28:55.962000+00:00,rss
How do I draw a pair of buttocks?,Hacker News,Mathematica Stack Exchange,https://read.readwise.io/read/01gp0yfykq8jg76s0qnj4qahh2,https://mathematica.stackexchange.com/questions/66538/how-do-i-draw-a-pair-of-buttocks,2023-01-05T12:28:58.943000+00:00,rss
How a Nepo Baby is Born,Carolyn Wells,Longreads,https://read.readwise.io/read/01gp0yfyhasa8t5ty34kyfc1ws,https://longreads.com/2023/01/05/how-a-nepo-baby-is-born/,2023-01-05T12:28:55.867000+00:00,rss
More Than Just an Object: A Collector’s Reading List,Chris Wheatley,Longreads,https://read.readwise.io/read/01gp0yfygm4dbd7yr28ke6tjm6,https://longreads.com/2023/01/05/more-than-just-an-object-a-collectors-reading-list/,2023-01-05T12:28:58.845000+00:00,rss
How to Clean Produce,Mace Dent Johnson,New York Times,https://read.readwise.io/read/01gp0yfyf6af3mn3689tr4rprx,https://www.nytimes.com/wirecutter/guides/how-to-clean-produce/?utm_source=rss&utm_medium=feed&utm_campaign=RSS%20Feed,2023-01-05T12:28:58.798000+00:00,rss
AMD's Newest Mobile Processors Have an AI Engine,Michelle Ehrhardt,Gizmodo,https://read.readwise.io/read/01gp0yfy2cpztc2fnb6p8rwhsr,https://gizmodo.com/amd-ryzen-ai-mobile-processor-x86-fpga-engine-block-xdn-1849951478,2023-01-05T12:28:55.388000+00:00,rss
The Year Ahead in Spaceflight,George Dvorsky,Gizmodo,https://read.readwise.io/read/01gp0yfy1mzd4gfy557fmazn0c,https://gizmodo.com/spacex-blue-origin-nasa-spinlaunch-space-launch-2023-1849916004,2023-01-05T12:28:58.365000+00:00,rss
Tell HN: Crypto/web3 grifters are Now AI/ML grifters,Hacker News,ycombinator.com,https://read.readwise.io/read/01gnzwbb864jdkvh3fvbn0fxf5,https://news.ycombinator.com/item?id=34254377,2023-01-05T02:32:16.463000+00:00,rss
"Sony's ""Project Leonardo"" Is An Accessible Controller for the PS5",Michelle Ehrhardt,Gizmodo,https://read.readwise.io/read/01gnzwbb4vxgj85hs5sa2ndpb7,https://gizmodo.com/sony-accessible-controller-leonardo-beatsaber-turismo-1849951664,2023-01-05T02:32:16.355000+00:00,rss
Fighting the Tree,Peter Rubin,Longreads,https://read.readwise.io/read/01gnzq99ethw8mv04awx3ea0hd,https://longreads.com/2023/01/04/fighting-the-tree/,2023-01-05T01:03:43.211000+00:00,rss
"Amazon Layoffs to Hit Over 18,000 Workers, the Most in Recent Tech Wave",Jessica Toonkel,WSJ,https://read.readwise.io/read/01gnzq99eacqezt3f7xaht82p2,https://www.wsj.com/articles/amazon-to-lay-off-over-17-000-workers-more-than-first-planned-11672874304,2023-01-05T01:03:34.195000+00:00,rss
RIP SF/f author Suzy McKee Charnas (1939-2023),Hacker News,Locus Online,https://read.readwise.io/read/01gnzq99dvs3xn4z5ambc0yfcn,https://locusmag.com/2023/01/suzy-mckee-charnas-1939-2023/,2023-01-05T01:03:37.179000+00:00,rss
JPSO used facial recognition technology to arrest a man. The tech was wrong,Hacker News,NOLA.com,https://read.readwise.io/read/01gnzq99dbqmmbt4ftzfqgrb1k,https://www.nola.com/news/crime_police/jpso-used-facial-recognition-to-arrest-a-man-it-was-wrong/article_0818361a-8886-11ed-8119-93b98ecccc8d.html,2023-01-05T01:03:40.163000+00:00,rss
Lex Fridman's Reading Plan in Numbers,Hacker News,des.io,https://read.readwise.io/read/01gnzq99cv9hmhgfay796vyx4p,https://blog.des.io/posts/lex-fridmans-reading-plan/,2023-01-05T01:03:43.148000+00:00,rss
FTC Cracks Down on Companies That Impose Harmful Noncompete Restrictions,Hacker News,,https://read.readwise.io/read/01gnzq99c6nwk40ykwvrqr4zht,https://www.ftc.gov/news-events/news/press-releases/2023/01/ftc-cracks-down-companies-impose-harmful-noncompete-restrictions-thousands-workers,2023-01-05T01:03:46.126000+00:00,rss
Are These Dudes the Future of News?,Peter Rubin,Longreads,https://read.readwise.io/read/01gnzq99brg2b1qfrnvvfby2y5,https://longreads.com/2023/01/04/are-these-dudes-the-future-of-news/,2023-01-05T01:03:46.113000+00:00,rss
Hundreds of WordPress sites infected by recently discovered backdoor,Dan Goodin,Ars Technica,https://read.readwise.io/read/01gnzkp44zt2565zbe2x69bvpm,https://arstechnica.com/?p=1907637,2023-01-05T00:00:34.455000+00:00,rss
"Ars readers gave over $31,500 in our 2022 Charity Drive",Kyle Orland,Ars Technica,https://read.readwise.io/read/01gnzkp412x98sccrvb6pveqgc,https://arstechnica.com/?p=1907654,2023-01-05T00:00:37.331000+00:00,rss
"Move over, Nvidia: Some AMD 7900 XTX GPUs are having their own heat issues",Andrew Cunningham,Ars Technica,https://read.readwise.io/read/01gnzkp3x5dxfv9cf2a4yh1ahe,https://arstechnica.com/?p=1907652,2023-01-05T00:00:40.205000+00:00,rss
Experiments with paper airplanes reveal surprisingly complex aerodynamics,Jennifer Ouellette,Ars Technica,https://read.readwise.io/read/01gnzkp3s4whjjkfadta7ckr9k,https://arstechnica.com/?p=1837500,2023-01-05T00:00:43.077000+00:00,rss
"Abortion pills can now be sold at pharmacies, FDA rules",Ashley Belanger,Ars Technica,https://read.readwise.io/read/01gnzkp3n5fx94wtsbfd2kneqj,https://arstechnica.com/?p=1907714,2023-01-05T00:00:45.949000+00:00,rss
"Black man wrongfully jailed for a week after face recognition error, report says",Jon Brodkin,Ars Technica,https://read.readwise.io/read/01gnzkp3h6vs71rhwz3aanddd6,https://arstechnica.com/?p=1907694,2023-01-05T00:00:48.823000+00:00,rss
Asus brings glasses-free 3D to OLED laptops,Scharon Harding,Ars Technica,https://read.readwise.io/read/01gnzkp36r498fpfmtqtkxve08,https://arstechnica.com/?p=1907646,2023-01-05T00:00:51.488000+00:00,rss
A new battery management system could boost EV range by 20 percent,Jonathan M. Gitlin,Ars Technica,https://read.readwise.io/read/01gnzk87ncx6hwyftqph1warnj,https://arstechnica.com/?p=1907477,2023-01-04T23:52:59.301000+00:00,rss
Twitter lifts political ad ban designed to stop misinformation spread,Ashley Belanger,Ars Technica,https://read.readwise.io/read/01gnzk87mnjrjwz0bd2afqex5w,https://arstechnica.com/?p=1907503,2023-01-04T23:53:02.278000+00:00,rss
Biden tries to end 2 years of deadlock at FCC by renominating Gigi Sohn,Jon Brodkin,Ars Technica,https://read.readwise.io/read/01gnzk87kzhdxf39zdd8pq0hed,https://arstechnica.com/?p=1907542,2023-01-04T23:53:05.255000+00:00,rss
Ford updates Mustang Mach-E UI; now you can turn a knob to change temps,Jonathan M. Gitlin,Ars Technica,https://read.readwise.io/read/01gnzk87k71qx8cskttxa2y9sy,https://arstechnica.com/?p=1907548,2023-01-04T23:53:08.232000+00:00,rss
The OnePlus 11 launches in China with 100 W charging,Ron Amadeo,Ars Technica,https://read.readwise.io/read/01gnzk87jj08kaem9ngf0hfwpg,https://arstechnica.com/?p=1907501,2023-01-04T23:53:11.210000+00:00,rss
"Intel announces new, mildly improved CPUs for this year’s crop of laptops",Andrew Cunningham,Ars Technica,https://read.readwise.io/read/01gnzk87hw13w1aqqr77thm06p,https://arstechnica.com/?p=1907497,2023-01-04T23:53:14.188000+00:00,rss
Roku introduces its own self-branded lineup of streaming-oriented TVs,Samuel Axon,Ars Technica,https://read.readwise.io/read/01gnzk87h464hbvyffg8a1tnpg,https://arstechnica.com/?p=1907472,2023-01-04T23:53:17.164000+00:00,rss
Burger King Wants to Give You Free Fries for Six Months,Daniel Oropeza,Lifehacker,https://read.readwise.io/read/01gnzk879p213w9ar49cv7kbe2,https://lifehacker.com/burger-king-wants-to-give-you-free-fries-for-six-months-1849949487,2023-01-04T23:52:58.926000+00:00,rss
How to Pick a Bagged Salad That Is Actually Good,Claire Lower,Lifehacker,https://read.readwise.io/read/01gnzk87929vr0940qvfwsp8aa,https://lifehacker.com/how-to-pick-a-bagged-salad-that-is-actually-good-1849949525,2023-01-04T23:53:01.906000+00:00,rss
Google Chrome Is About to Be Problem on Your Parents’ PC,Jake Peterson,Lifehacker,https://read.readwise.io/read/01gnzk878eac2kjbjmbwh2c48b,https://lifehacker.com/google-chrome-is-about-to-be-problem-on-your-parents-p-1849949009,2023-01-04T23:53:04.886000+00:00,rss
The Secret Way to Restart Your iPhone,Jake Peterson,Lifehacker,https://read.readwise.io/read/01gnzk877tddrr10cvbs1t63zf,https://lifehacker.com/the-secret-way-to-restart-your-iphone-1849950169,2023-01-04T23:53:07.866000+00:00,rss
The 10 Best Sandbag Exercises to Try at the Gym (or at Home),Beth Skwarecki,Lifehacker,https://read.readwise.io/read/01gnzk87759r810q6jmp770cqh,https://lifehacker.com/the-10-best-sandbag-exercises-to-try-at-the-gym-or-at-1849950563,2023-01-04T23:53:10.846000+00:00,rss
All the New Electric Vehicles Eligible for the Clean Vehicle Tax Credit,Daniel Oropeza,Lifehacker,https://read.readwise.io/read/01gnzk876gvpm5fs6v2qbt8q0p,https://lifehacker.com/all-the-new-electric-vehicles-eligible-for-the-clean-ve-1849950515,2023-01-04T23:53:13.825000+00:00,rss
AutoHotKey V2 (Breaking Upgrade),Hacker News,autohotkey.com,https://read.readwise.io/read/01gnzk8765rwdn54c6yayygqe5,https://www.autohotkey.com/v2/,2023-01-04T23:52:40.814000+00:00,rss
How to Choose Between a Bank and a Credit Union,Meredith Dietz,Lifehacker,https://read.readwise.io/read/01gnzk875sb6s0bmye42skdaq5,https://lifehacker.com/how-to-choose-between-a-bank-and-a-credit-union-1849950399,2023-01-04T23:53:16.801000+00:00,rss
"IRC: Run it or use it, but try to avoid doing both (2021)",Hacker News,rachelbythebay.com,https://read.readwise.io/read/01gnzk875jxd56srfx0kq5e41t,https://rachelbythebay.com/w/2021/05/26/irc/,2023-01-04T23:52:43.794000+00:00,rss
Fault-Tolerant SFTP Scripting,Hacker News,Linux Journal,https://read.readwise.io/read/01gnzk874x1rxqgpkrmmb16fxm,https://www.linuxjournal.com/content/fault-tolerant-sftp-scripting-retry-failed-transfers-automatically,2023-01-04T23:52:46.773000+00:00,rss
Emulating an emulator inside itself. Meet Blink,Hacker News,hiro.codes,https://read.readwise.io/read/01gnzk8749b3sx47xzcgdf8g8v,https://hiro.codes/read/emulating-an-emulator-inside-itself.-meet-blink,2023-01-04T23:52:49.753000+00:00,rss
Two Surprises in Browser Crashes,Hacker News,neugierig.org,https://read.readwise.io/read/01gnzk873pvd1h20y7mbmc2sn2,https://neugierig.org/software/blog/2023/01/browser-crashes.html,2023-01-04T23:52:52.734000+00:00,rss
Kids and music lessons: why do many promising players quit early?,Hacker News,The Walrus,https://read.readwise.io/read/01gnzk873354se0sexx0ry7v7v,https://thewalrus.ca/why-do-kids-hate-music-lessons/,2023-01-04T23:52:55.715000+00:00,rss
G-3PO: A Protocol Droid for Ghidra,Olivia Lucca Fraser,Medium,https://read.readwise.io/read/01gnzk872f4jjdahvqepgs89k1,https://medium.com/tenable-techblog/g-3po-a-protocol-droid-for-ghidra-4b46fa72f1ff,2023-01-04T23:52:58.695000+00:00,rss
Apple headset leak reveals new details and confirms earlier rumors,Hacker News,MIXED Reality News,https://read.readwise.io/read/01gnzk871wttpj0z4nmxk81p2n,https://mixed-news.com/en/massive-apple-headset-leak-reveals-new-details-and-confirms-earlier-rumors/,2023-01-04T23:53:01.676000+00:00,rss
Why is the JavaScript ecosystem like this?,Hacker News,ath0.com,https://read.readwise.io/read/01gnzk8718pang07b9xf07h61h,http://meta.ath0.com/2022/12/ghost-of-a-chance/,2023-01-04T23:53:04.656000+00:00,rss
"Why Google and Apple act the way they do, working to snuff out the mobile web",Hacker News,Toot Café,https://read.readwise.io/read/01gnzk870nch1x4nr81df8zdsd,https://toot.cafe/@slightlyoff/109632248664696707,2023-01-04T23:53:07.637000+00:00,rss
I still have an old-school cert on my HTTPS site,Hacker News,rachelbythebay.com,https://read.readwise.io/read/01gnzk8702rdektd0ckcgz6pc6,https://rachelbythebay.com/w/2023/01/03/ssl/,2023-01-04T23:53:10.618000+00:00,rss
"A suckless RSS reader, finally",Hacker News,Codeberg.org,https://read.readwise.io/read/01gnzk86zf5fzwezdhbw4e03q2,https://codeberg.org/grisha/newsraft,2023-01-04T23:53:13.599000+00:00,rss
DragonFly BSD 6.4,Hacker News,dragonflybsd.org,https://read.readwise.io/read/01gnzk86yvvrv1f8a15enfx25c,https://www.dragonflybsd.org/release64/,2023-01-04T23:53:16.579000+00:00,rss
How I (Mostly) Stopped My Teen From Gaming All Night,Joel Santo Domingo,New York Times,https://read.readwise.io/read/01gnzk86tajbka05ftdpq1jygx,https://www.nytimes.com/wirecutter/blog/how-to-limit-video-game-time-with-a-parental-control-firewall/?utm_source=rss&utm_medium=feed&utm_campaign=RSS%20Feed,2023-01-04T23:53:16.434000+00:00,rss
House of the Dragon Is Teasing an Infamously Gruesome Plot for Season 2,James Whitbrook,Gizmodo,https://read.readwise.io/read/01gnzk86r5pnb2nn3se596km04,https://gizmodo.com/house-of-the-dragon-season-2-blood-and-cheese-explained-1849949479,2023-01-04T23:52:07.365000+00:00,rss
Brace Yourself for the E3 Comet’s Closest Approach to Earth,Isaac Schultz,Gizmodo,https://read.readwise.io/read/01gnzk86qp5hdx26qezaev988n,https://gizmodo.com/how-to-see-comet-e3-closest-approach-1849948670,2023-01-04T23:52:10.351000+00:00,rss
Biology vs Robotics,xkcd,xkcd,https://read.readwise.io/read/01gnzk86qdhmpj7q2ws78q5d56,https://xkcd.com/2720/,2023-01-04T23:53:16.341000+00:00,rss
NFT Marketplace Flashes Porn Instead of Monkey Art,Kevin Hurler,Gizmodo,https://read.readwise.io/read/01gnzk86q8280jbazhy4ken71d,https://gizmodo.com/nfts-porn-magic-eden-the-big-bang-theory-1849949202,2023-01-04T23:52:13.336000+00:00,rss
Foundation Shares a Lee Pace-Laden First Look at Season 2,Cheryl Eddy,Gizmodo,https://read.readwise.io/read/01gnzk86pszshwy00rtskja05n,https://gizmodo.com/foundation-s2-first-look-apple-tv-plus-asimov-lee-pace-1849948925,2023-01-04T23:52:16.322000+00:00,rss
The East Coast Almost Had a Massive Blackout Over Christmas,Molly Taft,Gizmodo,https://read.readwise.io/read/01gnzk86pbe84khxde75peyxbw,https://gizmodo.com/the-east-coast-almost-had-a-massive-blackout-over-chris-1849949953,2023-01-04T23:52:19.307000+00:00,rss
The Year Ahead in Tabletop Roleplaying Games,Linda Codega,Gizmodo,https://read.readwise.io/read/01gnzk86nwzzpmm0te84s42vcc,https://gizmodo.com/tabletop-roleplaying-dungeons-dragons-predictions-2023-1849924126,2023-01-04T23:52:22.293000+00:00,rss
Roland's Concept Piano Uses Flying Surround Sound Drone Speakers—Because We All Know How Quiet Those Are,Andrew Liszewski,Gizmodo,https://read.readwise.io/read/01gnzk86nehq940jzf4293p587,https://gizmodo.com/roland-concept-piano-flying-drone-speakers-anniversary-1849949885,2023-01-04T23:52:25.278000+00:00,rss
An Experimental Cancer Vaccine Turned Tumor Cells Into Traitors,Ed Cara,Gizmodo,https://read.readwise.io/read/01gnzk86n0v8cqj6bwv08x4jj8,https://gizmodo.com/an-experimental-cancer-vaccine-turned-tumor-cells-into-1849950013,2023-01-04T23:52:28.265000+00:00,rss
Willow's Penultimate Episode Was Its Best Yet,Germain Lussier,Gizmodo,https://read.readwise.io/read/01gnzk86mjkxzfdzkvqwh8bs82,https://gizmodo.com/willow-episode-7-recap-beyond-shattered-sea-disney-plus-1849946570,2023-01-04T23:52:31.250000+00:00,rss
DoorDash Will Return Your Packages With New Pickup Service,Nikki Main,Gizmodo,https://read.readwise.io/read/01gnzk86m3x295d7j56888tg9s,https://gizmodo.com/doordash-returns-package-pickup-ups-fedex-1849949688,2023-01-04T23:52:34.236000+00:00,rss
Republican Lawmakers Ditch House Chamber Metal Detectors Just Days Before Anniversary of January 6 Attack,Mack DeGeurin,Gizmodo,https://read.readwise.io/read/01gnzk86kmb7j07yq844a28dyd,https://gizmodo.com/metal-detectors-house-chamber-gop-jan-6-1849950345,2023-01-04T23:52:37.220000+00:00,rss
Arcade1Up's Smaller Digital Board Game Table Has Promise but Needs More Content,Kyle Barr,Gizmodo,https://read.readwise.io/read/01gnzk86k5bd3w3h1caytfz8rv,https://gizmodo.com/arcade1ups-infinity-game-table-18-in-screen-hands-on-1849949921,2023-01-04T23:52:40.206000+00:00,rss
Apple Fined $8.5 for Illegally Collecting iPhone Owners' Data for Ads,Thomas Germain,Gizmodo,https://read.readwise.io/read/01gnzk86jqf857n6vy6jkynwjq,https://gizmodo.com/apple-iphone-france-ads-fine-illegal-data-1849950163,2023-01-04T23:52:43.192000+00:00,rss
Cooler Master Put a PC Inside a Shoe and a Shark,Kyle Barr,Gizmodo,https://read.readwise.io/read/01gnzk86j9e828cs61sfjk7qmd,https://gizmodo.com/cooler-master-put-a-pc-case-inside-a-shoe-and-a-shark-1849950188,2023-01-04T23:52:46.177000+00:00,rss
Pedro Pascal Will Show More Face on The Mandalorian Season 3,Sabina Graves,Gizmodo,https://read.readwise.io/read/01gnzk86htt0z050adja7f1fek,https://gizmodo.com/pedro-pascal-star-wars-the-mandalorian-season-3-disney-1849949526,2023-01-04T23:52:49.163000+00:00,rss
Never Lose a Package With This Paper-Thin 5G Tracking Label That Has a Printed Battery Inside,Andrew Liszewski,Gizmodo,https://read.readwise.io/read/01gnzk86hamqdc40ftcms2smmb,https://gizmodo.com/pod-group-5g-tracking-smart-label-for-packages-1849950485,2023-01-04T23:52:52.146000+00:00,rss
Jeep-Maker Stellantis Sets Sights on Flying Taxis,Nikki Main,Gizmodo,https://read.readwise.io/read/01gnzk86gv0g2yrv71wwekfnpm,https://gizmodo.com/flying-taxi-jeep-ram-flying-archer-aviation-1849950457,2023-01-04T23:52:55.132000+00:00,rss
Philips Hue Brings Its Light Syncing Tech to Samsung TVs,Florence Ion,Gizmodo,https://read.readwise.io/read/01gnzk86gcfm3250943ma3nz6b,https://gizmodo.com/philips-hue-sync-tv-light-syncing-tech-to-samsung-tvs-1849947547,2023-01-04T23:52:58.117000+00:00,rss
James Marsden Is as Bummed About Westworld Ending as the Rest of Us,Linda Codega,Gizmodo,https://read.readwise.io/read/01gnzk86fxjx4p6wn9eedsy2qw,https://gizmodo.com/james-marsden-on-westworld-cancelled-hbo-streaming-1849949095,2023-01-04T23:53:01.102000+00:00,rss
Panasonic's Cup Holder Air Purifier Will Get Rid of That New Car Smell You Really Shouldn't Be Breathing,Andrew Liszewski,Gizmodo,https://read.readwise.io/read/01gnzk86feysfb3k6eg36h47ve,https://gizmodo.com/panasonic-announces-nanoe-x-cup-holder-air-purifier-1849950838,2023-01-04T23:53:04.086000+00:00,rss
New York City Schools Ban ChatGPT to Head Off a Cheating Epidemic,Lucas Ropek,Gizmodo,https://read.readwise.io/read/01gnzk86ez9nps31pt2efxm2vr,https://gizmodo.com/new-york-city-schools-chatgpt-ban-cheating-essay-openai-1849949384,2023-01-04T23:53:07.072000+00:00,rss
Tucker Carlson Uses Damar Hamlin’s Collapse to Spread Vaccine Disinformation,Lauren Leffer,Gizmodo,https://read.readwise.io/read/01gnzk86eg59hfa5jq2s0tp686,https://gizmodo.com/tucker-carlson-covid-19-commotio-cordis-damar-hamlin-1849950222,2023-01-04T23:53:10.056000+00:00,rss
Sennheiser's New Wireless Earbuds Silence Noise While Boosting Voices,Andrew Liszewski,Gizmodo,https://read.readwise.io/read/01gnzk86e1hs9mr0v8v8ybsb7w,https://gizmodo.com/sennheiser-conversation-clear-plus-earbuds-boost-voices-1849901799,2023-01-04T23:53:13.042000+00:00,rss
Manchin's Favorite Federal Offshore Fossil Fuel Lease Sale Flops,Lauren Leffer,Gizmodo,https://read.readwise.io/read/01gnzk86dfjz6k2sd5dcmhyew1,https://gizmodo.com/manchins-favorite-federal-offshore-fossil-fuel-lease-sa-1849949028,2023-01-04T23:53:16.023000+00:00,rss
This Charging Dock Gives Its Mopping Robovac a Heated Sauna Treatment to Prevent Mold and Smells,Andrew Liszewski,Gizmodo,https://read.readwise.io/read/01gnz3y0rkkag8k41e5wcytcgq,https://gizmodo.com/roborock-s8-pro-ultra-dries-its-mop-head-automatically-1849891125,2023-01-04T19:24:30.916000+00:00,rss
Microsoft May Launch a ChatGPT-Fueled Bing This Spring,Kevin Hurler,Gizmodo,https://read.readwise.io/read/01gnz3y0qn4cqtp6m90wtzmxjb,https://gizmodo.com/microsoft-openai-chatgpt-bing-google-1849947997,2023-01-04T19:24:33.885000+00:00,rss
Meta (Facebook and Instagram) prohibited from using personal data for ads,Hacker News,noyb.eu,https://read.readwise.io/read/01gnz3y0q0012wj4vg6nea94p1,https://noyb.eu/en/breaking-meta-prohibited-use-personal-data-advertisment,2023-01-04T19:24:54.864000+00:00,rss
Coinbase Hit With $100 Million in Penalties for Lackluster Background Checks,Kevin Hurler,Gizmodo,https://read.readwise.io/read/01gnz3y0py711wcweayz9g30f6,https://gizmodo.com/coinbase-background-check-crypto-1849948262,2023-01-04T19:24:36.862000+00:00,rss
Elon Musk Undoes Twitter's Ban on Political Ads,Thomas Germain,Gizmodo,https://read.readwise.io/read/01gnz3y0p7e9zvt3p5qhrym7f8,https://gizmodo.com/elon-musk-twitter-political-ads-ban-ends-1849948118,2023-01-04T19:24:39.840000+00:00,rss
Ask HN: Why Are Programmer Design Tastes So Utilitarian?,Hacker News,ycombinator.com,https://read.readwise.io/read/01gnz3y0p6xqc3satwqnzybttd,https://news.ycombinator.com/item?id=34246340,2023-01-04T19:24:57.839000+00:00,rss
Chunking strings in Elixir: how difficult can it be?,Hacker News,Adolfo Ochagavía,https://read.readwise.io/read/01gnz3y0n9ytz141mm4vmekbs3,https://ochagavia.nl/blog/chunking-strings-in-elixir-how-difficult-can-it-be/,2023-01-04T19:25:00.809000+00:00,rss
"The FDA Says You Can Get Abortion Pills Through Retail Pharmacies, Permanently",Lauren Leffer,Gizmodo,https://read.readwise.io/read/01gnz3y0n9jf8wbs8d1d213dwx,https://gizmodo.com/abortion-pill-pharmacies-cvs-walgreens-rite-aid-1849948018,2023-01-04T19:24:42.809000+00:00,rss
Going Full Time on My SaaS After 13 Years,Hacker News,Matt Mazur,https://read.readwise.io/read/01gnz3y0mjf8jptwjapeywejzz,https://mattmazur.com/2023/01/04/going-full-time-on-my-saas-after-13-years/,2023-01-04T19:25:03.786000+00:00,rss
Apple Joins Amazon as Second Company to Lose $1 Trillion in Value in 2022,Mack DeGeurin,Gizmodo,https://read.readwise.io/read/01gnz3y0mhs3kv98z239v0t3xk,https://gizmodo.com/apple-iphone-amazon-inflation-supply-chain-1849948660,2023-01-04T19:24:45.785000+00:00,rss
"Globalization is Dead and No One is Listening - by Kevin Xu
Globalization is Dead and No One is Listening",Kevin Xu,substack.com,https://read.readwise.io/read/01gnz3y0kvny0qm4z6q4hg3pqj,https://interconnect.substack.com/p/globalization-is-dead-and-no-one,2023-01-04T19:25:06.763000+00:00,rss
Wizards of the Coast Is Scaling Back Its D&D Video Game Plans,Linda Codega,Gizmodo,https://read.readwise.io/read/01gnz3y0kt75qckj776ejdq8x2,https://gizmodo.com/dungeons-and-dragons-video-games-cancelled-wotc-1849948676,2023-01-04T19:24:48.763000+00:00,rss
All About USB-C: Resistors and Emarkers,Hacker News,Hackaday,https://read.readwise.io/read/01gnz3y0k5nx7pn9ceeq5yphqb,https://hackaday.com/2023/01/04/all-about-usb-c-resistors-and-emarkers/,2023-01-04T19:25:09.741000+00:00,rss
The Year Ahead in Social Media,Jody Serrano,Gizmodo,https://read.readwise.io/read/01gnz3y0k5a8p4ah1gqewzt3kg,https://gizmodo.com/twitter-facebook-reddit-musk-zuckerberg-social-media-1849920360,2023-01-04T19:24:51.741000+00:00,rss
"When to Use Chocolate Chips, Chunks, and Shavings",Allie Chanthorn Reinmann,Lifehacker,https://read.readwise.io/read/01gnz3y0k0ypmevf9hvetceb6s,https://lifehacker.com/when-to-use-chocolate-chips-chunks-and-shavings-1849946405,2023-01-04T19:25:09.736000+00:00,rss
"This BodyFriend Massage Chair Strapped Me In, Then Ate My Limbs",Kyle Barr,Gizmodo,https://read.readwise.io/read/01gnz3y0jdzvc3zjteastanwc5,https://gizmodo.com/bodyfriend-massage-chair-pain-uncomfortable-ces-medical-1849947552,2023-01-04T19:24:54.718000+00:00,rss
"GitHub - adhocteam/pushup: Pushup is for making modern, page-oriented web apps in Go",https://github.com/adhocteam/,GitHub,https://read.readwise.io/read/01gnz3y0jbhq0n30pf164cr7dy,https://github.com/adhocteam/pushup,2023-01-04T19:25:12.715000+00:00,rss
All the New Federal and State Laws You Should Know About in 2023,Stephen Johnson,Lifehacker,https://read.readwise.io/read/01gnz3y0ja4c0xg8e8aqgfemas,https://lifehacker.com/all-the-new-federal-and-state-laws-you-should-know-abou-1849947186,2023-01-04T19:25:12.715000+00:00,rss
A College Student Created an App to Detect If Essays Were Written by ChatGPT,Lucas Ropek,Gizmodo,https://read.readwise.io/read/01gnz3y0hnz2v4x2te3r4swc5e,https://gizmodo.com/chatgpt-ai-essay-detector-college-princeton-edward-tian-1849946535,2023-01-04T19:24:57.694000+00:00,rss
Florida is fighting to feed starving manatees this winter,WIRED,Ars Technica,https://read.readwise.io/read/01gnz3y0hjsw00wqwpsmbkn1nv,https://arstechnica.com/?p=1907475,2023-01-04T19:25:30.690000+00:00,rss
Go 1.20 Cryptography,Hacker News,Filippo Valsorda,https://read.readwise.io/read/01gnz3y0hjbv45fdqgr4bxvb2f,https://words.filippo.io/dispatches/go-1-20-cryptography/,2023-01-04T19:25:15.691000+00:00,rss
Every Game Coming to PlayStation Plus and Xbox Game Pass in January 2023 (So Far),Brendan Hesse,Lifehacker,https://read.readwise.io/read/01gnz3y0hj965xn4gks4fcfyyy,https://lifehacker.com/every-game-coming-to-playstation-plus-and-xbox-game-pas-1849946592,2023-01-04T19:25:15.691000+00:00,rss
Evil Dead Rise's First Trailer Contains One Very Scary Mother,Cheryl Eddy,Gizmodo,https://read.readwise.io/read/01gnz3y0f7yb5p5c0xr7pzdg9q,https://gizmodo.com/evil-dead-rise-first-trailer-deadites-los-angeles-1849944680,2023-01-04T19:25:00.615000+00:00,rss
You Can Actually Grow Weed As a Houseplant,Danielle Guercio,Lifehacker,https://read.readwise.io/read/01gnz3y0f4m80t0d0t6qc0gsth,https://lifehacker.com/you-can-actually-grow-weed-as-a-houseplant-1849948405,2023-01-04T19:25:18.613000+00:00,rss
WAL Mode in LiteFS,Hacker News,Fly,https://read.readwise.io/read/01gnz3y0erqd646qvqvxtvfrk4,https://fly.io/blog/wal-mode-in-litefs/,2023-01-04T19:25:18.600000+00:00,rss
"So long, Richard Shelby, and thanks for all the pork",Eric Berger,Ars Technica,https://read.readwise.io/read/01gnz3y0ejk2z2zedbt3eznj09,https://arstechnica.com/?p=1907187,2023-01-04T19:25:33.595000+00:00,rss
The Year Ahead in Tech Policy,Mack DeGeurin,Gizmodo,https://read.readwise.io/read/01gnz3y0ehar86162htrb5aqd1,https://gizmodo.com/tech-privacy-section-230-scotus-legislation-predictions-1849911843,2023-01-04T19:25:03.594000+00:00,rss
TikTok Is Wrong About Boiling Air Freshener Wicks,Lindsey Ellefson,Lifehacker,https://read.readwise.io/read/01gnz3y0eh43p89ms7ryz4dthf,https://lifehacker.com/tiktok-is-wrong-about-boiling-air-freshener-wicks-1849948436,2023-01-04T19:25:21.593000+00:00,rss
Faster MySQL with HTTP/3,Hacker News,planetscale.com,https://read.readwise.io/read/01gnz3y0dy0bw17sxstrjvrmdd,https://planetscale.com/blog/faster-mysql-with-http3,2023-01-04T19:25:21.575000+00:00,rss
Why You Might Lose Medicaid Coverage in 2023,Meredith Dietz,Lifehacker,https://read.readwise.io/read/01gnz3y0dx3x4ar9wc819gyjt6,https://lifehacker.com/why-you-might-lose-medicaid-coverage-in-2023-1849948935,2023-01-04T19:25:24.573000+00:00,rss
SpaceX Begins Ambitious 2023 With a Hefty Orbital Delivery,George Dvorsky,Gizmodo,https://read.readwise.io/read/01gnz3y0dwnq1ae6bbzn5nrg5j,https://gizmodo.com/spacex-begins-ambitious-2023-with-a-hefty-orbital-deliv-1849948473,2023-01-04T19:25:06.572000+00:00,rss
How to Take a Hot Shower If Your Water Heater’s Busted,Jeff Somers,Lifehacker,https://read.readwise.io/read/01gnz3y0da795y3wf7z0hm7d9v,https://lifehacker.com/how-to-take-a-hot-shower-if-your-water-heater-s-busted-1849949148,2023-01-04T19:25:27.555000+00:00,rss
Jobs at Aviator | Y Combinator,Y Combinator,YC Startup Job Guide,https://read.readwise.io/read/01gnz3y0d8366jc30bphayk33t,https://www.ycombinator.com/companies/aviator/jobs,2023-01-04T19:25:24.553000+00:00,rss
When Is Black Panther 2 Streaming?,Germain Lussier,Gizmodo,https://read.readwise.io/read/01gnz3y0d7ddqrddjhzqn35ejn,https://gizmodo.com/black-panther-2-streaming-release-disney-plus-marvel-1849949113,2023-01-04T19:25:09.551000+00:00,rss
"What the ‘Mediterranean Diet’ Is, and How to Actually Follow It",Beth Skwarecki,Lifehacker,https://read.readwise.io/read/01gnz3y0cqfsgymh3eqerzr8hw,https://lifehacker.com/wtf-even-is-the-mediterranean-diet-1849948645,2023-01-04T19:25:30.535000+00:00,rss
"M3GAN Is Mor3 S3rious Than 3xp3ct3d, But Still V3ry Fun",Germain Lussier,Gizmodo,https://read.readwise.io/read/01gnz3y0ccva4xdrjc8k9947qx,https://gizmodo.com/m3gan-movie-review-blumhouse-james-wan-allison-williams-1849944498,2023-01-04T19:25:12.524000+00:00,rss
On-demand learning is ruining the tech industry,Hacker News,jernesto.com,https://read.readwise.io/read/01gnz3y0ccs6h4rx8dwx444nt6,https://www.jernesto.com/articles/learning.html,2023-01-04T19:25:27.524000+00:00,rss
Make This Spinach and Artichoke Dip With Three Ingredients and a Microwave,Allie Chanthorn Reinmann,Lifehacker,https://read.readwise.io/read/01gnz3y0c3bntdrkdfc3p4qgm7,https://lifehacker.com/make-this-spinach-and-artichoke-dip-with-three-ingredie-1849949518,2023-01-04T19:25:33.516000+00:00,rss
GitHub Availability Report: December 2022,Jakub Oleksy,The GitHub Blog,https://read.readwise.io/read/01gnz3y0bt7z599bwbyd8cgx94,https://github.blog/2023-01-04-github-availability-report-december-2022/,2023-01-04T19:25:33.507000+00:00,rss
What HHS Has to Say About Tracking Technologies in Latest HIPAA Guidance,Hacker News,freshpaint.io,https://read.readwise.io/read/01gnz3y0bnq0rrgzf7ey52re2p,https://www.freshpaint.io/blog/what-the-latest-hhs-guidance-on-hipaa-means-for-health-tech-companies,2023-01-04T19:25:30.501000+00:00,rss
Amazon Is Bringing the ‘Hey Disney!’ Voice Assistant to All Echo Devices,Florence Ion,Gizmodo,https://read.readwise.io/read/01gnz3y0bczpx71xpe8bfcaz0q,https://gizmodo.com/amazon-brings-hey-disney-assistant-all-echo-devices-1849946678,2023-01-04T19:25:15.493000+00:00,rss
How do you know when macOS detects and remediates malware?,Hacker News,The Eclectic Light Company,https://read.readwise.io/read/01gnz3y0ay8f20hdckdsaqnvz2,https://eclecticlight.co/2023/01/04/how-do-you-know-when-macos-detects-and-remediates-malware/,2023-01-04T19:25:33.478000+00:00,rss
The DJ and the War Crimes,Seyward Darby,Longreads,https://read.readwise.io/read/01gnz3y0apwfwdsqxmq2qkjvmy,https://longreads.com/2023/01/04/the-dj-and-the-war-crimes/,2023-01-04T19:25:30.471000+00:00,rss
"How to Become a Developer Advocate: Part 1, Public Speaking",Melissa Gurney Greene,HashiCorp,https://read.readwise.io/read/01gnz3y0ap4nj5fjattk500yfy,https://www.hashicorp.com/blog/how-to-become-a-developer-advocate-part-1-public-speaking,2023-01-04T19:25:33.471000+00:00,rss
The EU Wants to Kill Targeted Ads by Fining Meta $414M,Thomas Germain,Gizmodo,https://read.readwise.io/read/01gnz3y0aenm7sr4nsdrd06q8w,https://gizmodo.com/facebook-meta-privacy-fine-end-target-ads-eu-414-1849949138,2023-01-04T19:25:18.462000+00:00,rss
Violent Delights,Seyward Darby,Longreads,https://read.readwise.io/read/01gnz3y0a1vwb5ad9xrdvhcbje,https://longreads.com/2023/01/04/violent-delights/,2023-01-04T19:25:33.449000+00:00,rss
U.S. Regulators Warn Banks About Crypto Fraud and Scams,Nikki Main,Gizmodo,https://read.readwise.io/read/01gnz3y09szatk1rprfq2ept7z,https://gizmodo.com/crypto-ftx-scams-regulation-sbf-1849948390,2023-01-04T19:25:21.441000+00:00,rss
How to Improve the Sound of Your Headphones,Lauren Dragan,New York Times,https://read.readwise.io/read/01gnz3y09sytqwj14gm97hzch3,https://www.nytimes.com/wirecutter/blog/how-to-improve-sound-of-headphones/?utm_source=rss&utm_medium=feed&utm_campaign=RSS%20Feed,2023-01-04T19:25:33.442000+00:00,rss
Scientists Are Working on a Better Way to Repair Penises,Ed Cara,Gizmodo,https://read.readwise.io/read/01gnz3y094cwy56gagqm0g7y1c,https://gizmodo.com/penis-injury-repair-artificial-tunica-albuginea-1849949061,2023-01-04T19:25:24.421000+00:00,rss
Stephen Amell Returns as Oliver Queen on The Flash’s Final Season,Sabina Graves,Gizmodo,https://read.readwise.io/read/01gnz3y08gs6ddfbprcsp22eyk,https://gizmodo.com/arrowverse-reunion-stephen-amell-oliver-queen-the-flash-1849949162,2023-01-04T19:25:27.401000+00:00,rss
What Counts as a 'Renewable' Fuel?,"John McCracken, Grist",Gizmodo,https://read.readwise.io/read/01gnz3y07wv39nc687qbme253g,https://gizmodo.com/what-counts-as-a-renewable-fuel-1849949568,2023-01-04T19:25:30.381000+00:00,rss
California Officials Measure One of the Highest Snowpacks in 40 years,Angely Mercado,Gizmodo,https://read.readwise.io/read/01gnz3y07392caxzww7xr1mhtt,https://gizmodo.com/california-snowpack-lake-tahoe-january-2023-1849949224,2023-01-04T19:25:33.355000+00:00,rss
New omicron subvariant surges to 40.5% as COVID hospitalizations rise,Beth Mole,Ars Technica,https://read.readwise.io/read/01gnyna9h49rd635k0x4etk1hy,https://arstechnica.com/?p=1907203,2023-01-04T15:09:19.468000+00:00,rss
"Lawsuit: Twitter failed to pay $136,000 in rent at San Francisco office tower",Jon Brodkin,Ars Technica,https://read.readwise.io/read/01gnyna9g7x225trd2jq2ec9ek,https://arstechnica.com/?p=1907193,2023-01-04T15:09:22.440000+00:00,rss
"Nvidia announces GeForce RTX 4070 Ti, launching January 5 for $799",Andrew Cunningham,Ars Technica,https://read.readwise.io/read/01gnyna9fbed44tjeevzs4v7kr,https://arstechnica.com/?p=1907191,2023-01-04T15:09:25.412000+00:00,rss
Apple raising its non-AppleCare battery replacement costs across devices,Kevin Purdy,Ars Technica,https://read.readwise.io/read/01gnyna9eezv2r3prs4w7emhhh,https://arstechnica.com/?p=1907185,2023-01-04T15:09:28.382000+00:00,rss
Dell’s new UltraSharp monitor is a 6K powerhouse for pros,Scharon Harding,Ars Technica,https://read.readwise.io/read/01gnyna9dhrvkm97en1n4mxp62,https://arstechnica.com/?p=1907138,2023-01-04T15:09:31.353000+00:00,rss
Space-based solar power hardware ready for actual testing in space,John Timmer,Ars Technica,https://read.readwise.io/read/01gnyna9cjqphy6hpjznb0xwmx,https://arstechnica.com/?p=1907286,2023-01-04T15:09:34.323000+00:00,rss
Pornhub requires ID from Louisiana users to comply with state’s new porn law,Jon Brodkin,Ars Technica,https://read.readwise.io/read/01gnyna9bpmnrjw0t96w0hz66d,https://arstechnica.com/?p=1907311,2023-01-04T15:09:37.295000+00:00,rss
Unpaid taxes could destroy porn studio accused of copyright trolling,Ashley Belanger,Ars Technica,https://read.readwise.io/read/01gnyna996rrq77fbb17w2jbz7,https://arstechnica.com/?p=1907304,2023-01-04T15:09:40.214000+00:00,rss
Google wants RISC-V to be a “tier-1” Android architecture,Ron Amadeo,Ars Technica,https://read.readwise.io/read/01gnyna986nqpg6vv7s6b9afp5,https://arstechnica.com/?p=1907163,2023-01-04T15:09:43.182000+00:00,rss
New 13th-gen Intel Core desktop CPUs are handing out cores to everyone,Andrew Cunningham,Ars Technica,https://read.readwise.io/read/01gnyna9794gkkcrnfd48yyy0k,https://arstechnica.com/?p=1907274,2023-01-04T15:09:46.153000+00:00,rss
EA says it can’t recover 60% of players’ corrupted Madden franchise save files,Kyle Orland,Ars Technica,https://read.readwise.io/read/01gnyna96b938vxt8eh1ypgb0a,https://arstechnica.com/?p=1907346,2023-01-04T15:09:49.124000+00:00,rss
LG’s 2023 OLED TVs claim to boost brightness by up to 70%,Scharon Harding,Ars Technica,https://read.readwise.io/read/01gnyna928r4jw3kdbrj0tebv3,https://arstechnica.com/?p=1907299,2023-01-04T15:09:51.993000+00:00,rss
Tale from the crypt: Researchers conduct “virtual autopsy” of mummified toddler,Jennifer Ouellette,Ars Technica,https://read.readwise.io/read/01gnyna8zhn2n9pk05mcnb8czc,https://arstechnica.com/?p=1892136,2023-01-04T15:09:54.905000+00:00,rss
"Nvidia unveils a broad range of efficient new laptop GPUs, from RTX 4050 to 4090",Andrew Cunningham,Ars Technica,https://read.readwise.io/read/01gnyna8w9tnj70bkz6srchxcx,https://arstechnica.com/?p=1907374,2023-01-04T15:09:57.801000+00:00,rss
VW’s next electric car for the US is the ID.7 sedan,Jonathan M. Gitlin,Ars Technica,https://read.readwise.io/read/01gnyna8va0r6ar4pgzd01cb56,https://arstechnica.com/?p=1907195,2023-01-04T15:10:00.771000+00:00,rss
Key bitcoin developer calls on FBI to recover $3.6M in digital coin,Dan Goodin,Ars Technica,https://read.readwise.io/read/01gnyna8rke4r1d38pq0hhdq7e,https://arstechnica.com/?p=1907434,2023-01-04T15:10:03.684000+00:00,rss
"How a vanished Ice Age lake shaped the past and present of Missoula, Montana",Ars Contributors,Ars Technica,https://read.readwise.io/read/01gnyna8m7z12rd5j1vcqj2bpp,https://arstechnica.com/?p=1903914,2023-01-04T15:10:06.544000+00:00,rss
Electric Vehicles Are Bringing Out the Worst in Us,David Zipper,The Atlantic,https://read.readwise.io/read/01gnyna8je7x4emc4f42yqhbh8,https://www.theatlantic.com/ideas/archive/2023/01/electric-vehicles-suv-battery-climate-safety/672576/,2023-01-04T15:09:54.487000+00:00,rss
This Is Your New Favorite Way to Eat Tinned Fish,Claire Lower,Lifehacker,https://read.readwise.io/read/01gnyna8hzdry0v6kvb6v5zsa8,https://lifehacker.com/this-is-your-new-favorite-way-to-eat-tinned-fish-1849945786,2023-01-04T15:10:03.472000+00:00,rss
"Urllib3 raised $26,000 and shipped v2.0 in 2022",Hacker News,Seth Michael Larson,https://read.readwise.io/read/01gnyna8hvc8thf3y0jarf29w8,https://sethmlarson.dev/urllib3-in-2022,2023-01-04T15:09:57.467000+00:00,rss
11 Ways to Actually Eat Healthier in the New Year,Beth Skwarecki,Lifehacker,https://read.readwise.io/read/01gnyna8hdsqv2h63s72k1hva6,https://lifehacker.com/11-ways-to-actually-eat-healthier-in-the-new-year-1849946165,2023-01-04T15:10:06.453000+00:00,rss
Irreconcilable differences between local and distributed computing (1994),Hacker News,Harvard University Gazette,https://read.readwise.io/read/01gnyna8h7zm2bm8fvz85cz2q5,https://scholar.harvard.edu/waldo/publications/note-distributed-computing,2023-01-04T15:10:00.448000+00:00,rss
Tell HN: I'm scared of sharing my opinion online,Hacker News,ycombinator.com,https://read.readwise.io/read/01gnyna8gga5tweqj7nxhsbdek,https://news.ycombinator.com/item?id=34246024,2023-01-04T15:10:03.424000+00:00,rss
The Man Who Made Spain the Magic Capital of the World - The New York Times,Shuja Haider,New York Times,https://read.readwise.io/read/01gnyna8fxqckwthg3b2wpfxbq,https://www.nytimes.com/2023/01/02/magazine/juan-tamariz-magic.html,2023-01-04T15:10:06.405000+00:00,rss
sqlglot/posts/python_sql_engine.md at main · tobymao/sqlglot · GitHub,https://github.com/tobymao/,GitHub,https://read.readwise.io/read/01gnymjctrqg83yz0jpsz2d19p,https://github.com/tobymao/sqlglot/blob/main/posts/python_sql_engine.md,2023-01-04T14:53:37.417000+00:00,rss
French startup unveils new residential thermo-acoustic heat pump,Hacker News,pv magazine International,https://read.readwise.io/read/01gnymjct7rt1m4v0nfmvxxbsj,https://www.pv-magazine.com/2023/01/02/residential-thermo-acoustic-heat-pump-produces-water-up-to-80-c/,2023-01-04T14:53:40.399000+00:00,rss
Why didn't you buy a Tesla?,Hacker News,ycombinator.com,https://read.readwise.io/read/01gnymjcskqnpzhzf28896aw12,https://news.ycombinator.com/item?id=34233934,2023-01-04T14:53:43.380000+00:00,rss
"Solar Panels Reduced My Electric Bill by $2,677 in 2022",Hacker News,mattbruenig.com,https://read.readwise.io/read/01gnymjcs1jjq9f7sd90m56qsm,https://mattbruenig.com/2023/01/01/solar-panels-reduced-my-electric-bill-by-2677-in-2022/,2023-01-04T14:53:46.361000+00:00,rss
Recognizers-Text/JavaScript/packages/recognizers-text-suite at master · microsoft/Recognizers-Text · GitHub,GitHub,GitHub,https://read.readwise.io/read/01gnymjcrf9bfyrvw9ctrpayfq,https://github.com/microsoft/Recognizers-Text/tree/master/JavaScript/packages/recognizers-text-suite,2023-01-04T14:53:49.343000+00:00,rss
"GitHub - microsoft/Recognizers-Text: Microsoft.Recognizers.Text provides recognition and resolution of numbers, units, date/time, etc. in multiple languages (ZH, EN, FR, ES, PT, DE, IT, TR, HI, NL. Partial support for JA, KO, AR, SV). Packages available at: https://www.nuget.org/profiles/Recognizers.Text, https://www.npmjs.com/~recognizers.text",https://github.com/microsoft/,GitHub,https://read.readwise.io/read/01gnymjcqs4jjkgdtmsn6pt546,https://github.com/microsoft/Recognizers-Text,2023-01-04T14:53:52.322000+00:00,rss
Apartment Rent Growth Set to Keep Slowing This Year,Will Parker,WSJ,https://read.readwise.io/read/01gnymjcq7h1evwhag42za6d7k,https://www.wsj.com/articles/apartment-rent-increases-slow-a-relief-to-tenants-after-two-years-of-steep-rises-11672701414,2023-01-04T14:53:55.303000+00:00,rss
Ketamine disrupts late sensory information transfer in corticothalamic network,Hacker News,Wiley Online Library,https://read.readwise.io/read/01gnymjcpejc3fymw63a4589gw,https://onlinelibrary.wiley.com/doi/10.1111/ejn.15845,2023-01-04T14:53:58.279000+00:00,rss
The Hidden Cost of Cheap TVs,Justin Pot,The Atlantic,https://read.readwise.io/read/01gnymjcnwr3ea9gfzzx8b982w,https://www.theatlantic.com/technology/archive/2023/01/smart-tvs-sony-lg-cheap/672614/,2023-01-04T14:54:01.260000+00:00,rss
Japan’s Business Owners Can’t Find Successors. This Man Is Giving His Away.,"Ben Dooley
Hisako Ueno",New York Times,https://read.readwise.io/read/01gnymjcn78kkas6h3kqd23f04,https://www.nytimes.com/2023/01/03/business/japan-businesses-succession.html,2023-01-04T14:54:04.239000+00:00,rss
$25K grant for side projects from South Park Commons,Hacker News,South Park Commons,https://read.readwise.io/read/01gnymjcmmp3ptnggsm0sh6feb,https://blog.southparkcommons.com/announcing-the-spc-community-grant/,2023-01-04T14:54:07.220000+00:00,rss
"Ok, Cloudflare I am leaving",Hacker News,lexx.gr,https://read.readwise.io/read/01gnymjcm2q151bnmh9ctv0jfa,https://www.lexx.gr/blog/post/ok-cloudflare-i-am-leaving,2023-01-04T14:54:10.202000+00:00,rss
NixOS Webzine Issue #002,Hacker News,nixos.cafe,https://read.readwise.io/read/01gnymjckfvpahmq82djs1vqxj,https://webzine.nixos.cafe/issue-002.html,2023-01-04T14:54:13.184000+00:00,rss
Breaking RSA with a quantum computer?,Hacker News,Schneier on Security,https://read.readwise.io/read/01gnymjcjxdv6gwhwpap6mrnqv,https://www.schneier.com/blog/archives/2023/01/breaking-rsa-with-a-quantum-computer.html,2023-01-04T14:54:16.165000+00:00,rss
Arizona inducing the labor of pregnant prisoners against their will,Hacker News,The Arizona Republic,https://read.readwise.io/read/01gnymjcj8gbdt11qvpb22mxq0,https://www.azcentral.com/story/news/local/arizona/2023/01/02/arizona-inducing-labor-of-pregnant-prisoners-against-their-will/69768038007/,2023-01-04T14:54:19.145000+00:00,rss
Factoring integers with sublinear resources on a quantum processor,Hacker News,arxiv.org,https://read.readwise.io/read/01gnymjchpb3ye17t3rfaq3fw1,https://arxiv.org/abs/2212.12372,2023-01-04T14:54:22.127000+00:00,rss
Hnefatafl,Hacker News,wikipedia.org,https://read.readwise.io/read/01gnymjch2j43q18kn9jhddmbf,https://en.wikipedia.org/wiki/Tafl_games,2023-01-04T14:54:25.107000+00:00,rss
"Long Out of Math, an AI Programmer Cracks a Pure Math Problem | Quanta Magazine",Kevin Hartnett,Quanta Magazine,https://read.readwise.io/read/01gnymjcgg0ymtqvt8km49mwva,https://www.quantamagazine.org/long-out-of-math-an-ai-programmer-cracks-a-pure-math-problem-20230103/,2023-01-04T14:54:28.089000+00:00,rss
Underappreciated challenges with Python packaging,Hacker News,pypackaging-native.github.io,https://read.readwise.io/read/01gnymjcfz9q4ah3st768b3p9f,https://pypackaging-native.github.io/,2023-01-04T14:54:31.071000+00:00,rss
AT&T's predictions of the future (1993),Hacker News,YouTube,https://read.readwise.io/read/01gnymjcf7wck5sctsx07cg025,https://www.youtube.com/watch?v=Xm9jr0cSqZo,2023-01-04T14:54:34.048000+00:00,rss
The extension of political conflict is corroding liberal democracy,Thomas Prosser,thepathnottaken.net,https://read.readwise.io/read/01gnymjcec6tnang442328qjjw,https://thomasprosser.substack.com/p/the-extension-of-political-conflict,2023-01-04T14:54:37.020000+00:00,rss
Get a Sneak Peek at Star Trek: Prodigy's Extras-Stuffed Home Release,Cheryl Eddy,Gizmodo,https://read.readwise.io/read/01gnymjcdx5gx8hzm1pj6tcjc9,https://gizmodo.com/star-trek-prodigy-blu-ray-special-features-sneak-peek-1849924201,2023-01-04T14:54:34.005000+00:00,rss
Show HN: How ^NOT to Forge a Search Warrant,Hacker News,dirtyprosecutor.org,https://read.readwise.io/read/01gnymjcdtrew6rzs7vk1a7jfm,https://dirtyprosecutor.org,2023-01-04T14:54:40.002000+00:00,rss
Acer's Bike Desk Harnesses Your Anxious Work Energy To Charge Your Devices,Andrew Liszewski,Gizmodo,https://read.readwise.io/read/01gnymjcdb02zptsm4g8rkq626,https://gizmodo.com/acer-bike-desk-charge-phone-laptop-devices-ekinekt-1849941363,2023-01-04T14:54:36.987000+00:00,rss
I made this thing called LOL Verifier: a device that...,Brian Moore,Twitter,https://read.readwise.io/read/01gnymjcd7bzrdqmx1gdt2zarv,https://twitter.com/lanewinfield/status/1610294277434933249,2023-01-04T14:54:42.983000+00:00,rss
The Year Ahead in Privacy and Your Data,Thomas Germain,Gizmodo,https://read.readwise.io/read/01gnymjccrdxy6wsprxthhkcn3,https://gizmodo.com/data-privacy-advertising-google-apple-2023-predictions-1849912973,2023-01-04T14:54:39.969000+00:00,rss
Next-generation Qi2 wireless charging standard embraces Apple's MagSafe,Hacker News,MacRumors,https://read.readwise.io/read/01gnymjccp1dpew2se1yhr6cpt,https://www.macrumors.com/2023/01/03/qi2-wireless-charging-standard-gains-magsafe/,2023-01-04T14:54:45.966000+00:00,rss
SpaceX Could Help Bring Back 3 Astronauts Stranded on the ISS,Passant Rabie,Gizmodo,https://read.readwise.io/read/01gnymjcc5t1ekskf01hd1rqp7,https://gizmodo.com/spacex-nasa-stranded-astronauts-iss-soyuz-leak-1849944286,2023-01-04T14:54:42.950000+00:00,rss
Lua will be 30 this year,Hacker News,lua.org,https://read.readwise.io/read/01gnymjcc12dvntvaptz4rbccm,https://www.lua.org/news.html#1993,2023-01-04T14:54:48.946000+00:00,rss
Here's How Star Wars: The Bad Batch Is Digging Deeper for Season 2,Germain Lussier,Gizmodo,https://read.readwise.io/read/01gnymjcbjkvf9x96y538da77x,https://gizmodo.com/star-wars-bad-batch-season-2-premiere-interview-empire-1849938872,2023-01-04T14:54:45.930000+00:00,rss
Lisp on Browser,Hacker News,nhiro.org,https://read.readwise.io/read/01gnymjcbd8bx76xtn72aga06f,http://nhiro.org/learn_language/LISP-on-browser.html,2023-01-04T14:54:51.925000+00:00,rss
Twitter Faces Lawsuit Amidst Claims It Stopped Paying Rent,Nikki Main,Gizmodo,https://read.readwise.io/read/01gnymjcaxsae2816texbxqghp,https://gizmodo.com/twitter-elon-musk-san-francisco-rent-lawsuit-1849944076,2023-01-04T14:54:48.910000+00:00,rss
"To Build Truly Intelligent Machines, Teach Them Cause and Effect | Quanta Magazine",Kevin Hartnett,Quanta Magazine,https://read.readwise.io/read/01gnymjcaskr9zn7wv2j42myq3,https://www.quantamagazine.org/to-build-truly-intelligent-machines-teach-them-cause-and-effect-20180515,2023-01-04T14:54:54.905000+00:00,rss
Artist Celebrates Taking 'Most-Streamed Song' Crown from Ed Sheeran on Spotify,Kevin Hurler,Gizmodo,https://read.readwise.io/read/01gnymjcaab5q32d826fyp54ye,https://gizmodo.com/the-weekend-spotify-music-streaming-ed-sheeran-1849944530,2023-01-04T14:54:51.890000+00:00,rss
‘Wealth is a curse’: Hobby Lobby founder says he’s giving away his company,Hacker News,archive.vn,https://read.readwise.io/read/01gnymjca6jcm6x1h5m7cqhb3j,https://archive.vn/efx0q,2023-01-04T14:54:57.886000+00:00,rss
Acer's Halo Swing Merges the Best Parts of Bluetooth and Smart Speakers Into a Waterproof Package,Andrew Liszewski,Gizmodo,https://read.readwise.io/read/01gnymjc9q7cppeew3sn1v8xcw,https://gizmodo.com/acer-halo-swing-speaker-google-bluetooth-waterproof-1849944789,2023-01-04T14:54:54.871000+00:00,rss
‘Wealth is a curse’: Hobby Lobby founder says he’s giving away his company instead of keeping it in the family because he ‘chose God’,Alena Botros,Fortune,https://read.readwise.io/read/01gnymjc9k666ejdbx7jzxwy65,https://fortune.com/2022/10/25/wealth-is-a-curse-hobby-lobby-founder-gives-away-company-god/,2023-01-04T14:55:00.867000+00:00,rss
The Year Ahead in Energy,Molly Taft,Gizmodo,https://read.readwise.io/read/01gnymjc929f43ygz59fzv13h8,https://gizmodo.com/energy-environment-nuclear-oil-stripe-2023-predictions-1849943777,2023-01-04T14:54:57.850000+00:00,rss
Dell’s new UltraSharp monitor is a 6K powerhouse for pros [Updated],Scharon Harding,Ars Technica,https://read.readwise.io/read/01gnymjc90ybp1r4kf1savtc0r,https://arstechnica.com/gadgets/2023/01/dells-new-ultrasharp-monitor-is-a-6k-powerhouse-for-pros/,2023-01-04T14:55:03.848000+00:00,rss
Scientists Discover First Lifeform Known to Eat Viruses,Ed Cara,Gizmodo,https://read.readwise.io/read/01gnymjc8e458zz6mfbtj0e33b,https://gizmodo.com/first-lifeform-known-to-eat-viruses-vivovore-1849944677,2023-01-04T14:55:00.831000+00:00,rss
Migrating from AWS to Fly.io,Hacker News,Terrateam,https://read.readwise.io/read/01gnymjc8c460pnz08jm0nmhya,https://terrateam.io/blog/flying-away-from-aws,2023-01-04T14:55:06.828000+00:00,rss
All of io9's 2022 Year in Review Lists in One Handy Place,James Whitbrook,Gizmodo,https://read.readwise.io/read/01gnymjc7va6yrpceasrdy2xtn,https://gizmodo.com/io9s-2022-year-in-review-lists-in-one-handy-place-1849944517,2023-01-04T14:55:03.811000+00:00,rss
"A16Z Is the “Worst and Largest” Scammer of All, Says CEO of Swan Bitcoin",Hacker News,Bitnation,https://read.readwise.io/read/01gnymjc7rd3tqt9ja5pjefw40,https://bitnation.co/a16z-is-the-worst-and-largest-scammer-of-all/,2023-01-04T14:55:09.809000+00:00,rss
Dolly Parton Wants to Dig Up a Time Capsule She Buried With a Secret Song,Matt Novak,Gizmodo,https://read.readwise.io/read/01gnymjc776st7s088zbq8z3k4,https://gizmodo.com/dolly-parton-time-capsule-secret-song-dollywood-1986-1849928300,2023-01-04T14:55:06.792000+00:00,rss
Equium: Acoustic Heat Pumps,Hacker News,equium.fr,https://read.readwise.io/read/01gnymjc727w6h43xjmz5rm9s3,https://www.equium.fr/en/home,2023-01-04T14:55:12.787000+00:00,rss
The U.S. Is Kicking Off 2023 With Another Dangerous Winter Storm,Angely Mercado,Gizmodo,https://read.readwise.io/read/01gnymjc6k5xzv1ptghw8sbec6,https://gizmodo.com/midwest-plains-winter-storm-tornadoes-january-2023-1849944739,2023-01-04T14:55:09.771000+00:00,rss
"Tesla plunges 250 feet off a California cliff, all 4 occupants survive",Hacker News,CNN,https://read.readwise.io/read/01gnymjc6fy16x6vh0pebnf9dr,https://www.cnn.com/2023/01/03/us/tesla-crash-cliff-california-cec/index.html,2023-01-04T14:55:15.768000+00:00,rss
The Year Ahead in Movies,Germain Lussier,Gizmodo,https://read.readwise.io/read/01gnymjc5y5secphbtpvrrpbkf,https://gizmodo.com/movies-box-office-disney-marvel-dc-2023-predictions-1849915702,2023-01-04T14:55:12.751000+00:00,rss
Large Language Models Encode Clinical Knowledge,Hacker News,arxiv.org,https://read.readwise.io/read/01gnymjc5t8br76xfvd88995n9,https://arxiv.org/abs/2212.13138,2023-01-04T14:55:18.746000+00:00,rss
Dell's Working On a Controller for PC Gaming in the Living Room,Michelle Ehrhardt,Gizmodo,https://read.readwise.io/read/01gnymjc5bsysg5g69p18th8g9,https://gizmodo.com/dell-concept-nyx-game-controller-alienware-steam-cloud-1849944913,2023-01-04T14:55:15.732000+00:00,rss
Google wants RISC-V to be a “tier-1” Android architecture,Ron Amadeo,Ars Technica,https://read.readwise.io/read/01gnymjc57rnf8vvxa478sb86k,https://arstechnica.com/gadgets/2023/01/google-announces-official-android-support-for-risc-v/,2023-01-04T14:55:21.728000+00:00,rss
Remains of a Viking Hall Found in Denmark,Isaac Schultz,Gizmodo,https://read.readwise.io/read/01gnymjc4pd2v25vsxa3k4rbnn,https://gizmodo.com/remains-of-a-viking-hall-found-in-denmark-1849944648,2023-01-04T14:55:18.711000+00:00,rss
Meta Quest Pro – Bad AR Passthrough,Hacker News,KGOnTech,https://read.readwise.io/read/01gnymjc4n6y7qsyns5qeddyrj,https://kguttag.com/2023/01/03/meta-quest-pro-part-1-unbelievably-bad-ar-passthrough/,2023-01-04T14:55:24.709000+00:00,rss
The Year Ahead in Smartphones,Florence Ion,Gizmodo,https://read.readwise.io/read/01gnymjc40wvjz3bt569nyfx16,https://gizmodo.com/smartphone-apple-android-samsung-google-2023-prediction-1849920715,2023-01-04T14:55:21.688000+00:00,rss
Ask HN: How do you stay productive after work hours?,Hacker News,ycombinator.com,https://read.readwise.io/read/01gnymjc40tkrtq6n993tpfej2,https://news.ycombinator.com/item?id=34239910,2023-01-04T14:55:27.688000+00:00,rss
Tell HN: I just received my Equifax breach settlement check,Hacker News,ycombinator.com,https://read.readwise.io/read/01gnymjc3a1e1mdzdn7s6rg266,https://news.ycombinator.com/item?id=34240298,2023-01-04T14:55:30.667000+00:00,rss
The Gaming Shelf Pursues Paradise in Flames,Linda Codega,Gizmodo,https://read.readwise.io/read/01gnymjc393cefgw0eqj6s8875,https://gizmodo.com/the-gaming-shelf-mothership-stillfleet-dnd-roundup-1849943995,2023-01-04T14:55:24.666000+00:00,rss
You Can Now Compost Dead People in New York,Molly Taft,Gizmodo,https://read.readwise.io/read/01gnymjc2nzq9c02stgcn2m1ga,https://gizmodo.com/new-york-legalizes-human-composting-1849945144,2023-01-04T14:55:27.646000+00:00,rss
BusyBox 1.36.0,Hacker News,busybox.net,https://read.readwise.io/read/01gnymjc2havtpjv2t07ej9a0a,https://busybox.net/,2023-01-04T14:55:33.642000+00:00,rss
Southwest Airlines Sued for Denying Passenger Refunds During Cancellation Chaos,Nikki Main,Gizmodo,https://read.readwise.io/read/01gnymjc216c2vajz3054s2c23,https://gizmodo.com/southwest-refund-airlines-air-travel-1849945175,2023-01-04T14:55:30.625000+00:00,rss
Hitman 3 to become ‘World of Assassination’,Hacker News,IO Interactive,https://read.readwise.io/read/01gnymjc1xb9hweaksjrv7wjbz,https://www.ioi.dk/hitman-3-to-world-of-assassination/,2023-01-04T14:55:36.622000+00:00,rss
"Innocent Black Man Jailed After Facial Recognition Got It Wrong, His Lawyer Says",Thomas Germain,Gizmodo,https://read.readwise.io/read/01gnymjc1ce5rxmczyxn18ppzg,https://gizmodo.com/facial-recognition-randall-reid-black-man-error-jail-1849944231,2023-01-04T14:55:33.604000+00:00,rss
The MOS 6502 is (mostly) Turing-complete without registers,Hacker News,oldvcr.blogspot.com,https://read.readwise.io/read/01gnymjc1bm8z099es9s4yqdav,http://oldvcr.blogspot.com/2023/01/the-mos-6502-is-mostly-turing-complete.html,2023-01-04T14:55:39.604000+00:00,rss
Announcement: AI generated answers are officially banned here,Hacker News,English Language & Usage Meta Stack Exchange,https://read.readwise.io/read/01gnymjc0r1bqbw2ycqxytngqv,https://english.meta.stackexchange.com/questions/15500/announcement-ai-generated-answers-are-officially-banned-here,2023-01-04T14:55:42.585000+00:00,rss
Louisiana Begins Requiring Government ID's to Access Online Porn,Lauren Leffer,Gizmodo,https://read.readwise.io/read/01gnymjc0mb768evn2tpgj1fab,https://gizmodo.com/pornhub-id-18-redtube-youporn-adult-content-1849944461,2023-01-04T14:55:36.580000+00:00,rss
Even More Bay Area House Party,Scott Alexander,substack.com,https://read.readwise.io/read/01gnymjc00wgt1m4y0x01vx46w,https://astralcodexten.substack.com/p/even-more-bay-area-house-party,2023-01-04T14:55:45.561000+00:00,rss
Star Trek: Prodigy Behind-the-Scenes Clip With Angus Imrie,Artem Golub and Cheryl Eddy,Gizmodo,https://read.readwise.io/read/01gnymjbzya0haktkx9mx88jkn,https://gizmodo.com/star-trek-prodigy-behind-the-scenes-clip-with-angus-1849894608,2023-01-04T14:55:39.558000+00:00,rss
Names that decreased in popularity from 2020 to 2021,Hacker News,ssa.gov,https://read.readwise.io/read/01gnymjbzeh7310kgwh5g0k0a3,https://www.ssa.gov/oact/babynames/popularity_decrease.html,2023-01-04T14:55:48.543000+00:00,rss
Google Joins Meta in Providing Free Terrorism Moderation Software for Smaller Websites,Mack DeGeurin,Gizmodo,https://read.readwise.io/read/01gnymjbz69fcmr4nrp1j3p483,https://gizmodo.com/google-meta-terrorism-content-moderation-1849945381,2023-01-04T14:55:42.535000+00:00,rss
The faker's guide to reading (x86) assembly language,Hacker News,timdbg.com,https://read.readwise.io/read/01gnymjbyvsx3qtagm44pz0jpe,https://www.timdbg.com/posts/fakers-guide-to-assembly/,2023-01-04T14:55:51.523000+00:00,rss
The Year Ahead in Drugs,Ed Cara,Gizmodo,https://read.readwise.io/read/01gnymjbymzxtrcf7fsjktgpgc,https://gizmodo.com/drugs-pharmaceuticals-medicine-health-2023-predictions-1849900293,2023-01-04T14:55:45.516000+00:00,rss
"Thanks to DALL-E, the Race to Make Artificial Protein Drugs Is On",Hacker News,Singularity Hub,https://read.readwise.io/read/01gnymjby818a8ratgkt7ehcz5,https://singularityhub.com/2023/01/03/thanks-to-dall-e-the-race-to-make-artificial-protein-drugs-is-on/,2023-01-04T14:55:54.505000+00:00,rss
OG Bitcoin Core Developer Claims Hack Drained Nearly All His BTC,Lucas Ropek,Gizmodo,https://read.readwise.io/read/01gnymjbxzahb447yjhffhwc31,https://gizmodo.com/bitcoin-price-hack-217-btc-og-developer-luke-dashjr-1849944799,2023-01-04T14:55:48.496000+00:00,rss
We've detected unusual activity from your computer network,Bloomberg,Bloomberg.com,https://read.readwise.io/read/01gnymjbxqrt7t4gm9bj4m8axv,https://www.bloomberg.com/news/articles/2023-01-04/microsoft-hopes-openai-s-chatbot-will-make-bing-smarter,2023-01-04T14:55:57.488000+00:00,rss
The Year Ahead in Horror,Cheryl Eddy,Gizmodo,https://read.readwise.io/read/01gnymjbxabeqvx4xx7eqfsxnd,https://gizmodo.com/year-ahead-in-horror-m3gan-scream-evil-dead-exorcist-1849916076,2023-01-04T14:55:51.475000+00:00,rss
GitHub - noborus/ov: 🎑Feature-rich terminal-based text viewer. It is a so-called terminal pager.,https://github.com/noborus/,GitHub,https://read.readwise.io/read/01gnymjbx6aycrx9s6cpzekfhg,https://github.com/noborus/ov,2023-01-04T14:56:00.471000+00:00,rss
United States Returns Looted Sarcophagus to Egypt,Isaac Schultz,Gizmodo,https://read.readwise.io/read/01gnymjbwmt18fyjke7cenne02,https://gizmodo.com/united-states-returns-looted-sarcophagus-to-egypt-1849945380,2023-01-04T14:55:54.453000+00:00,rss
A brief rant on converging compliance regimes,Hacker News,lethain.com,https://read.readwise.io/read/01gnymjbwkt2pvvjw4nn08z5v7,https://lethain.com/compliance-regime-convergance/,2023-01-04T14:56:03.452000+00:00,rss
Here Are 17 of the Most Unhinged ASMR Videos to Help You Calm Down (Or Not),Kevin Hurler,Gizmodo,https://read.readwise.io/read/01gnymjbvs69wz1zejq53qdn9g,https://gizmodo.com/youtube-asmr-videos-calming-1849945091,2023-01-04T14:55:57.425000+00:00,rss
Are we on information overload? (2012),Hacker News,Salon,https://read.readwise.io/read/01gnymjbvqb1cheh5gqaaxam56,https://www.salon.com/2012/01/01/are_we_on_information_overload/,2023-01-04T14:56:06.423000+00:00,rss
18 of the Wildest Stunts in Movie History,Ross Johnson,Lifehacker,https://read.readwise.io/read/01gnymjbv4x2rgxvmc53vr8pk5,https://lifehacker.com/18-of-the-wildest-stunts-in-movie-history-1849931236,2023-01-04T14:56:21.404000+00:00,rss
China Releases Video Simulating Its First Crewed Lunar Landing,Passant Rabie,Gizmodo,https://read.readwise.io/read/01gnymjbv3k81wr12rdn8cq7cf,https://gizmodo.com/china-releases-video-simulating-its-first-crewed-lunar-1849945171,2023-01-04T14:56:00.404000+00:00,rss
"The World's Most Dangerous Toy Edition
The World's Most Dangerous Toy Edition",Guest Contributor,substack.com,https://read.readwise.io/read/01gnymjbv3aqstqw2f15gj6v89,https://whyisthisinteresting.substack.com/p/the-worlds-most-dangerous-toy-edition,2023-01-04T14:56:09.404000+00:00,rss
💎 Ruby 3.2.0 Is From Another Dimension,Tom Smykowski,Medium,https://read.readwise.io/read/01gnymjbth5erv9qgsp8nkex1f,https://tomaszs2.medium.com/ruby-3-2-0-is-from-another-dimension-5249e3186ec9,2023-01-04T14:56:12.386000+00:00,rss
Microsoft Workers Form Largest Union in the Video Game Industry in the U.S.,Nikki Main,Gizmodo,https://read.readwise.io/read/01gnymjbtfrb0s0edfxgf8y8jk,https://gizmodo.com/microsoft-video-game-union-big-tech-1849945808,2023-01-04T14:56:03.384000+00:00,rss
17 Types of Bed Frames (and Which One Is Best for You),Jeff Somers,Lifehacker,https://read.readwise.io/read/01gnymjbtenw6y2p8fc00cncmz,https://lifehacker.com/17-types-of-bed-frames-and-which-one-is-best-for-you-1849773417,2023-01-04T14:56:24.382000+00:00,rss
QBittorrent v4.5.0: The Hitchhiker's Guide to Legible Text,Hacker News,datalars.com,https://read.readwise.io/read/01gnymjbszytfde28af2m3fnrr,https://datalars.com/2023/01/03/qbittorrent-v450-the-hitchhikers-guide-to-legible-text-2/,2023-01-04T14:56:15.368000+00:00,rss
An Ordinary Schmo Tries to Save the World in Hulu's Koala Man,Sabina Graves,Gizmodo,https://read.readwise.io/read/01gnymjbsvh52yq9y5n3tksfnr,https://gizmodo.com/new-hulu-hero-koala-man-rises-with-help-of-hugh-jackman-1849944605,2023-01-04T14:56:06.363000+00:00,rss
You Actually Can Repel Dust,Lindsey Ellefson,Lifehacker,https://read.readwise.io/read/01gnymjbspzpebjwtsa61sjezk,https://lifehacker.com/you-actually-can-repel-dust-1849944393,2023-01-04T14:56:27.358000+00:00,rss
Get Started with Rust: Generics,Hacker News,Serokell Software Development Company,https://read.readwise.io/read/01gnymjbsdgb1rtdqftjr5fw1y,https://serokell.io/blog/rust-generics,2023-01-04T14:56:18.349000+00:00,rss
The Year Ahead in Encryption,Lucas Ropek,Gizmodo,https://read.readwise.io/read/01gnymjbs6455rmhpe2n89xmfz,https://gizmodo.com/encryption-security-signal-e2ee-fido-2023-predictions-1849898510,2023-01-04T14:56:09.342000+00:00,rss
Why You Should Replace Your Old iPhone’s Battery Right Now,Jake Peterson,Lifehacker,https://read.readwise.io/read/01gnymjbryra8ajzhfv119eksd,https://lifehacker.com/why-you-should-replace-your-old-iphone-s-battery-right-1849944388,2023-01-04T14:56:30.335000+00:00,rss
The Expanding Dark Forest and Generative AI,Maggie Appleton,Maggie Appleton,https://read.readwise.io/read/01gnymjbrtxk1w9xpshp2r14nx,https://maggieappleton.com/ai-dark-forest,2023-01-04T14:56:21.331000+00:00,rss
DHS May Deploy a New Portable Gunshot Detection Tool to Music Festivals and Political Rallies,Mack DeGeurin,Gizmodo,https://read.readwise.io/read/01gnymjbrj2pztyvdy9m1ss6bb,https://gizmodo.com/dhs-gun-violence-gunshot-detection-shootings-police-1849946210,2023-01-04T14:56:12.322000+00:00,rss
"GitHub - aheck/clib: Header-only library for C99 that implements the most important classes from GLib: GArray, GHashTable, GList and GString.",https://github.com/aheck/,GitHub,https://read.readwise.io/read/01gnymjbra0rhev3tmge35v3dc,https://github.com/aheck/clib,2023-01-04T14:56:24.314000+00:00,rss
How to Bring Back the Classic Taskbar on Windows 11,Khamosh Pathak,Lifehacker,https://read.readwise.io/read/01gnymjbr97hnv1damjs66r1fp,https://lifehacker.com/how-to-bring-back-the-classic-taskbar-on-windows-11-1849933317,2023-01-04T14:56:33.314000+00:00,rss
"30 Years On, Deep Space Nine's Opening Is Incredible Star Trek",James Whitbrook,Gizmodo,https://read.readwise.io/read/01gnymjbqwp98mpze06517r9gh,https://gizmodo.com/star-trek-deep-space-nine-30th-anniversary-emissary-1849945866,2023-01-04T14:56:15.300000+00:00,rss
MSVC: The Devourer of Const,Hacker News,iboB,https://read.readwise.io/read/01gnymjbqsba2q7p63tatfcey4,https://ibob.bg/blog/2023/01/04/msvc-allows-moving-from-const/,2023-01-04T14:56:27.297000+00:00,rss
The Key to Warming Up Your Home’s Frigid Floors Is in the Basement,Jeff Somers,Lifehacker,https://read.readwise.io/read/01gnymjbqk7pcer4jw4kdj5agp,https://lifehacker.com/the-key-to-warming-up-your-home-s-frigid-floors-is-in-t-1849904576,2023-01-04T14:56:36.291000+00:00,rss
Moiré No More,Hacker News,shifthappens.site,https://read.readwise.io/read/01gnymjbq7mj9d8fbgr7r0xrwm,https://newsletter.shifthappens.site/archive/moire-no-more/,2023-01-04T14:56:30.279000+00:00,rss
'Brutal' Severe Rain Is Coming to an Already Flood-Damaged California,Lauren Leffer,Gizmodo,https://read.readwise.io/read/01gnymjbq6zzncs3nmtn0keg1q,https://gizmodo.com/severe-weather-storm-mudslides-bomb-cyclone-1849945633,2023-01-04T14:56:18.278000+00:00,rss
How to Help the New People at the Gym Without Being Condescending,Beth Skwarecki,Lifehacker,https://read.readwise.io/read/01gnymjbpvpn50nvagnm96g42b,https://lifehacker.com/how-to-help-the-new-people-at-the-gym-without-being-con-1849944396,2023-01-04T14:56:39.268000+00:00,rss
The collapse of the progressive economy,Joel Kotkin,UnHerd,https://read.readwise.io/read/01gnymjbpnhjd1d3s9xt7k4mfw,https://unherd.com/2023/01/the-collapse-of-the-progressive-economy/,2023-01-04T14:56:33.261000+00:00,rss
Open Channel: Which Nerd Bible Would You Be Sworn in On?,Cheryl Eddy,Gizmodo,https://read.readwise.io/read/01gnymjbphxhxnk8mt3e1bjypb,https://gizmodo.com/robert-garcia-congress-superman-dc-comics-nerd-bible-1849946374,2023-01-04T14:56:21.257000+00:00,rss
20 New Podcasts to Add to Your Queue in 2023,Lauren Passell,Lifehacker,https://read.readwise.io/read/01gnymjbp4epe1ar0mbh6pveby,https://lifehacker.com/20-new-podcasts-to-add-to-your-queue-in-2023-1849914950,2023-01-04T14:56:42.244000+00:00,rss
Microsoft Workers to Form Company’s First Union in the U.S.,Sarah E. Needleman,WSJ,https://read.readwise.io/read/01gnymjbp48rb16bb2w30cn9ky,https://www.wsj.com/articles/microsoft-workers-to-form-companys-first-union-in-the-u-s-11672779470,2023-01-04T14:56:36.245000+00:00,rss
Bosch's Rideshare Security Camera Includes a Secret Panic Button For Driver Emergencies,Andrew Liszewski,Gizmodo,https://read.readwise.io/read/01gnymjbnvqvc9z4422srm04ek,https://gizmodo.com/bosch-ridecare-rideshare-camera-emergency-sos-dashcam-1849919362,2023-01-04T14:56:24.236000+00:00,rss
Global Spyware Scandal: Exposing Pegasus,Hacker News,FRONTLINE,https://read.readwise.io/read/01gnymjbnk3bqakac61t3ccjzz,https://www.pbs.org/wgbh/frontline/documentary/global-spyware-scandal-exposing-pegasus/,2023-01-04T14:56:39.228000+00:00,rss
You’ve Been Playing ‘Super Mario Bros.’ Wrong This Whole Time,Jake Peterson,Lifehacker,https://read.readwise.io/read/01gnymjbnddf2vftevtmmtwm8t,https://lifehacker.com/you-ve-been-playing-super-mario-bros-wrong-this-whol-1849944297,2023-01-04T14:56:45.221000+00:00,rss
Withings' U-Scan Is the First Gadget You'll Actually Want to Drop in the Toilet,Andrew Liszewski,Gizmodo,https://read.readwise.io/read/01gnymjbn5j1xn3m178kbn40w6,https://gizmodo.com/toilet-health-tracking-puck-withings-u-scan-cycle-1849872871,2023-01-04T14:56:27.214000+00:00,rss
US MacBook owners have two months to claim up to $395 over butterfly keyboard,Hacker News,The Verge,https://read.readwise.io/read/01gnymjbn3rkqde3p1fqmbtz1m,https://www.theverge.com/2023/1/4/23538548/macbook-class-action-lawsuit-claims-faulty-butterfly-keyboard,2023-01-04T14:56:42.211000+00:00,rss
Make Mini Beef Wellingtons for Your Fancy Football Party,Allie Chanthorn Reinmann,Lifehacker,https://read.readwise.io/read/01gnymjbmq1h1n3f894tz3z52y,https://lifehacker.com/make-mini-beef-wellingtons-for-your-fancy-football-part-1849944627,2023-01-04T14:56:48.199000+00:00,rss
The Year Ahead in TV,Sabina Graves,Gizmodo,https://read.readwise.io/read/01gnymjbmkk7w1vyw2mrprd73m,https://gizmodo.com/tv-hulu-netflix-disney-hbo-paramount-2023-predictions-1849924770,2023-01-04T14:56:30.196000+00:00,rss
GitHub - ARPSyndicate/awesome-intelligence: A collaboratively curated list of awesome Open-Source Intelligence (OSINT) Resources,https://github.com/ARPSyndicate/,GitHub,https://read.readwise.io/read/01gnymjbmh7ksfy45hbrn56xjs,https://github.com/ARPSyndicate/awesome-intelligence,2023-01-04T14:56:45.193000+00:00,rss
How to Choose Art for Your Home When You Know Nothing About Art,Jeff Somers,Lifehacker,https://read.readwise.io/read/01gnymjbm13pmm9paqdxzg29m5,https://lifehacker.com/how-to-choose-art-for-your-home-when-you-know-nothing-a-1849912711,2023-01-04T14:56:51.178000+00:00,rss
'These Are My Hard-Earned Savings:' 17 User Complaints Show the Human Impact of FTX's Collapse,Matt Novak,Gizmodo,https://read.readwise.io/read/01gnymjbknzyvwjxn8z1kbjza4,https://gizmodo.com/ftx-sbf-bitcoin-price-crypto-bankrupt-17-ftc-complaints-1849917506,2023-01-04T14:56:33.165000+00:00,rss
Why Would Prisons Ban My Book? Absurdities Rule the System (2022),Hacker News,The Marshall Project,https://read.readwise.io/read/01gnymjbkjt5x6pzk23gr00pab,https://www.themarshallproject.org/2022/12/21/prison-banned-books-new-york-florida-censorship,2023-01-04T14:56:48.163000+00:00,rss
Winterize Your Panzanella,Claire Lower,Lifehacker,https://read.readwise.io/read/01gnymjbka955dx763r2x3w1hm,https://lifehacker.com/winterize-your-panzanella-1849945154,2023-01-04T14:56:54.155000+00:00,rss
Garmin’s New Dash Cam Is Basically a Live-Streaming Baby Monitor for Your Car,Andrew Liszewski,Gizmodo,https://read.readwise.io/read/01gnymjbk1kgq681evwx1rqy98,https://gizmodo.com/garmin-dash-cam-live-streaming-lte-connection-drive-1849887841,2023-01-04T14:56:36.146000+00:00,rss
Salesforce will lay off 10% of staff as part of restructuring,Hacker News,MarketWatch,https://read.readwise.io/read/01gnymjbk16apybext8stjp395,https://www.marketwatch.com/story/salesforce-will-lay-off-10-of-staff-as-part-of-restructuring-11672832799,2023-01-04T14:56:51.145000+00:00,rss
Your Complete Guide to a New Year's Relationship Check-In,Lindsey Ellefson,Lifehacker,https://read.readwise.io/read/01gnymjbjjdbem15hhprhzckd5,https://lifehacker.com/your-complete-guide-to-a-new-years-relationship-check-i-1849945083,2023-01-04T14:56:57.131000+00:00,rss
HyperX Wants You to Put Its Tiny 3D-Printed Cat Figure On Your Keyboard,Michelle Ehrhardt,Gizmodo,https://read.readwise.io/read/01gnymjbjetbz233yh5engk3bg,https://gizmodo.com/hp-hyperx-3d-printed-custom-keycaps-headset-holders-cut-1849947393,2023-01-04T14:56:39.126000+00:00,rss
You're using function keys wrong,Hacker News,mxgrn.com,https://read.readwise.io/read/01gnymjbjckmxha6h43byjm1s1,https://mxgrn.com/blog/function-keys-productivity-trick,2023-01-04T14:56:54.125000+00:00,rss
Start Cash Stuffing to Curb Your Spending,Meredith Dietz,Lifehacker,https://read.readwise.io/read/01gnymjbhxh9ncchmsva5awb4m,https://lifehacker.com/start-cash-stuffing-to-curb-your-spending-1849945750,2023-01-04T14:57:00.109000+00:00,rss
The Detachable Surround Sound Speakers on This Soundbar Can Also Be Used as Wireless Bluetooth Speakers,Andrew Liszewski,Gizmodo,https://read.readwise.io/read/01gnymjbhgc21ftkw0c7wdt7t9,https://gizmodo.com/jbl-bar-1300x-detachable-surround-sound-speakers-blueto-1849910928,2023-01-04T14:56:42.096000+00:00,rss
"Salesforce to Lay Off 10% of Workforce, Reduce Offices",Will Feuer,WSJ,https://read.readwise.io/read/01gnymjbhdz98m84zaykkks6nx,https://www.wsj.com/articles/salesforce-to-lay-off-10-of-workforce-reduce-offices-11672836369,2023-01-04T14:56:57.094000+00:00,rss
Why Apple's AirTags Are a Must for Frequent Fliers,Jake Peterson,Lifehacker,https://read.readwise.io/read/01gnymjbh3s583ax4855bmjvr6,https://lifehacker.com/the-best-way-to-track-your-luggage-on-your-next-flight-1849945825,2023-01-04T14:57:03.083000+00:00,rss
The Bible’s Main Road Out of Discouragement,John Piper,Desiring God,https://read.readwise.io/read/01gnymjbgyms2rycke3kyq53sv,http://rss.desiringgod.org/link/10732/15883401/the-bibles-main-road-out-of-discouragement,2023-01-04T14:57:00.079000+00:00,rss
Citizen's Smart Watch Will Test Your Alertness the Same Way NASA Tests Astronauts on the Space Station,Andrew Liszewski,Gizmodo,https://read.readwise.io/read/01gnymjbgw39swpem2c01hkjkk,https://gizmodo.com/cz-smart-youq-nasa-ibm-alertness-monitor-watch-1849941529,2023-01-04T14:56:45.076000+00:00,rss
When should you eat is just as important as what you eat,Hacker News,National Geographic Expeditions,https://read.readwise.io/read/01gnymjbgeepe9gzchbybt681r,https://www.nationalgeographic.com/magazine/article/eat-food-when-time-nutrition-winter-holidays,2023-01-04T14:57:00.062000+00:00,rss
Pray This First,David Mathis,Desiring God,https://read.readwise.io/read/01gnymjbg9y0pc7xzv4gfv0xkx,http://rss.desiringgod.org/link/10732/15883400/pray-this-first,2023-01-04T14:57:03.058000+00:00,rss
Roku Is Branching Out With Its Own Brand of TVs,Florence Ion,Gizmodo,https://read.readwise.io/read/01gnymjbg9wd3jfyvgd0z8y9ec,https://gizmodo.com/roku-is-branching-out-with-its-own-brand-of-tvs-1849946014,2023-01-04T14:56:48.057000+00:00,rss
On Mother Trees: What Old-Growth Trees Taught Me About Parenting,Cheri Lucas Rowlands,Longreads,https://read.readwise.io/read/01gnymjbg359tqyc7b0dpqv11t,https://longreads.com/2023/01/04/on-mother-trees-what-old-growth-trees-taught-me-about-parenting/,2023-01-04T14:56:57.051000+00:00,rss
What is railway oriented programming,Hacker News,LogRocket Blog,https://read.readwise.io/read/01gnymjbftxhdp95hk3xm85q1b,https://blog.logrocket.com/what-is-railway-oriented-programming/,2023-01-04T14:57:03.043000+00:00,rss
Turn Your Home Into a Vegas Casino With Arcade1Up's First Slot Machine,Andrew Liszewski,Gizmodo,https://read.readwise.io/read/01gnymjbfphkq6p2c04szfcxsm,https://gizmodo.com/arcade1up-slot-machine-wheel-of-fortune-blackjack-casin-1849915248,2023-01-04T14:56:51.038000+00:00,rss
How We Came to Know and Fear The Doomsday Glacier,Carolyn Wells,Longreads,https://read.readwise.io/read/01gnymjbfe0v36yq41bz0b78dh,https://longreads.com/2023/01/04/how-we-came-to-know-and-fear-the-doomsday-glacier/,2023-01-04T14:57:00.031000+00:00,rss
Arcade1Up's Shrunken Digital Board Game 'Table' Can Now Fit on a Real Table,Andrew Liszewski,Gizmodo,https://read.readwise.io/read/01gnymjbevvmt1qsvbgtqdtvj0,https://gizmodo.com/arcade1up-infinity-game-board-table-digital-board-game-1849915273,2023-01-04T14:56:54.012000+00:00,rss
Get Your Kicks,Carolyn Wells,Longreads,https://read.readwise.io/read/01gnymjbev1z5bphb3t7bem2sv,https://longreads.com/2023/01/04/get-your-kicks/,2023-01-04T14:57:03.011000+00:00,rss
10 Practical Life Hacks to Replace Your New Year’s Resolutions,Elissa Sanci and Rose Maura Lorre,New York Times,https://read.readwise.io/read/01gnymjbej0s2tra4e8vg0c6dw,https://www.nytimes.com/wirecutter/reviews/life-hacks-to-replace-new-years-resolutions/?utm_source=rss&utm_medium=feed&utm_campaign=RSS%20Feed,2023-01-04T14:57:03.002000+00:00,rss
"Man Who Survived 250-Foot Cliff Plunge in Tesla Was Trying to Kill His Family, Police Say",Jody Serrano,Gizmodo,https://read.readwise.io/read/01gnymjbe73k067axfr6hqcx18,https://gizmodo.com/tesla-cliff-dharmesh-patel-murder-family-devils-slide-1849947767,2023-01-04T14:56:56.991000+00:00,rss
"GE's $1,000 Smart Mixer Weighs All Your Baking Ingredients for You",Andrew Liszewski,Gizmodo,https://read.readwise.io/read/01gnymjbddyzbcnqhx2ncerqex,https://gizmodo.com/ge-profile-smart-mixer-auto-sense-weighs-ingredients-1849947915,2023-01-04T14:56:59.966000+00:00,rss
Secret Detection update: Leaked Personal Access Tokens will soon be revoked,Connor Gilbert,GitLab,https://read.readwise.io/read/01gnymjbcsj7fhtfjjvzk7bbzs,https://about.gitlab.com/blog/2023/01/04/pat-revocation-coming-soon/,2023-01-04T14:57:02.945000+00:00,rss
Evil Dead is Shambling Back Onto Screens,Gordon Jackson and Linda Codega,Gizmodo,https://read.readwise.io/read/01gnymjbcmjazs0ekjsb3eakf7,https://gizmodo.com/evil-dead-sam-raimi-bruce-campbell-morning-spoilers-1849944392,2023-01-04T14:57:02.941000+00:00,rss
Sam Bankman-Fried Will Reportedly Plead 'Not Guilty' in Court Tuesday,Lauren Leffer,Gizmodo,https://read.readwise.io/read/01gnw9gfxf41wj3vafe1wfda4v,https://gizmodo.com/sbf-ftx-not-guilty-sam-bankman-fried-crypto-1849943902,2023-01-03T17:05:03.839000+00:00,rss
"Mayfair Witches Is an Unambitious, Tragically Unsexy Adaptation",Linda Codega,Gizmodo,https://read.readwise.io/read/01gnw9gfsr5yrsmfmg93ncpg79,https://gizmodo.com/mayfair-witches-amc-review-interview-with-the-vampire-1849935459,2023-01-03T17:05:06.720000+00:00,rss
ADT Wants You to Use Its App to Control Your Nest Devices,Florence Ion,Gizmodo,https://read.readwise.io/read/01gnw9gfpbcjhfg2xktynb6gq3,https://gizmodo.com/adp-google-nest-security-app-home-lifeshield-1849943691,2023-01-03T17:05:09.612000+00:00,rss
"New York's Right-to-Repair Law: Hopeful Start, or ‘Functionally Useless?'",Mack DeGeurin,Gizmodo,https://read.readwise.io/read/01gnw9gfjzmapwb90shr2dwayx,https://gizmodo.com/right-to-repair-electronics-apple-microsoft-iphone-1849944291,2023-01-03T17:05:12.503000+00:00,rss
"After doubling launch record in 2022, can SpaceX take another step up in 2023?",Eric Berger,Ars Technica,https://read.readwise.io/read/01gnw9gfj8ezf93mc8wswv6mkj,https://arstechnica.com/?p=1907135,2023-01-03T17:05:09.481000+00:00,rss
Google develops free terrorism-moderation tool for smaller websites,Financial Times,Ars Technica,https://read.readwise.io/read/01gnw9gfhd1az5h00dc5gwk8dn,https://arstechnica.com/?p=1907156,2023-01-03T17:05:12.454000+00:00,rss
Final reminder: Donate today to win swag in our annual Charity Drive sweepstakes,Kyle Orland,Ars Technica,https://read.readwise.io/read/01gnw9gfgksbv9ndpefsj6qnr9,https://arstechnica.com/?p=1907164,2023-01-03T17:05:15.427000+00:00,rss
"Tesla misses 2022 Q4 target, share price drops further",Jonathan M. Gitlin,Ars Technica,https://read.readwise.io/read/01gnw9gffjbb62qn2cfmpabp8a,https://arstechnica.com/?p=1907177,2023-01-03T17:05:18.395000+00:00,rss
The Year Ahead in Handheld Gaming,Andrew Liszewski,Gizmodo,https://read.readwise.io/read/01gnw9gff3tfwxvqp6md54a437,https://gizmodo.com/handheld-gaming-nintendo-valve-razer-2023-predictions-1849920221,2023-01-03T17:05:15.379000+00:00,rss
"Actually, You Should Try a Bladeless Ceiling Fan",Jeff Somers,Lifehacker,https://read.readwise.io/read/01gnw9gfey17ytvae9kb9a0pt2,https://lifehacker.com/actually-you-should-try-a-bladeless-ceiling-fan-1849893069,2023-01-03T17:05:09.374000+00:00,rss
10 of the Best Apps to Track Every New Year's Resolution,Khamosh Pathak,Lifehacker,https://read.readwise.io/read/01gnw9gfe8k6x220cza7axn2m2,https://lifehacker.com/10-of-the-best-apps-to-track-every-new-years-resolution-1849922019,2023-01-03T17:05:12.353000+00:00,rss
Bertrand Meyer et al.: The concept of class invariant in OO programming,Hacker News,arXiv.org,https://read.readwise.io/read/01gnw9gfe7r7ecasv4y2qexetr,https://arxiv.org/abs/2109.06557,2023-01-03T17:05:06.351000+00:00,rss
12 Celebrities Your Kids Love but You’ve Never Heard Of,Stephen Johnson,Lifehacker,https://read.readwise.io/read/01gnw9gfdj68f1wandnbpgdm1w,https://lifehacker.com/12-celebrities-your-kids-love-but-you-ve-never-heard-of-1849925330,2023-01-03T17:05:15.331000+00:00,rss
Detangle: tl;dr your legal docs with AI,Hacker News,detangle.ai,https://read.readwise.io/read/01gnw9gfdf7pp8twej9kcn6r78,https://detangle.ai,2023-01-03T17:05:09.328000+00:00,rss
12 Private Islands You Can Rent Without Being Rich,Jeff Somers,Lifehacker,https://read.readwise.io/read/01gnw9gfcvr7kqs5e98bwnkkcd,https://lifehacker.com/12-private-islands-you-can-rent-without-being-rich-1849705088,2023-01-03T17:05:18.308000+00:00,rss
Update: Stripe is holding over $400k of mine with no explanation,Hacker News,ycombinator.com,https://read.readwise.io/read/01gnw9gfcrtm3exsmv6f5n9rfd,https://news.ycombinator.com/item?id=34233011,2023-01-03T17:05:12.304000+00:00,rss
Some Remarks on Large Language Models – Yoav Goldberg,Hacker News,Gist,https://read.readwise.io/read/01gnw9gfc5s15nk5wjx43rcr72,https://gist.github.com/yoavg/59d174608e92e845c8994ac2e234c8a9,2023-01-03T17:05:15.285000+00:00,rss
x86 is Turing-complete with no registers,Hacker News,mainisusuallyafunction.blogspot.com,https://read.readwise.io/read/01gnw9gfbg3xwkj6byr4aey82g,http://mainisusuallyafunction.blogspot.com/2014/02/x86-is-turing-complete-with-no-registers.html,2023-01-03T17:05:18.264000+00:00,rss
Nvidia's RTX 4070 Ti Relaunches a Cancelled Card Under a New Name,Michelle Ehrhardt,Gizmodo,https://read.readwise.io/read/01gnw9gfapqsqjydc5130sk21d,https://gizmodo.com/nvidia-rtx-4070-ti-mobile-laptop-cards-4080-12gb-price-1849944434,2023-01-03T17:05:18.238000+00:00,rss
Breach Bulletin: The most important data breaches from December 2022,1Password,1Password Blog,https://read.readwise.io/read/01gnw9gf9f2p4e0mm0nkpnqxgw,https://blog.1password.com/data-breach-bulletin-december-2022/,2023-01-03T17:05:18.199000+00:00,rss
Support Matrix,elastic.co,elastic.co,https://read.readwise.io/read/01gnw9gdqhxws3m5vm7ja1s4v2,https://www.elastic.co/support/matrix,2023-01-03T17:05:19.601000+00:00,article
Incoming Potentially Catastrophic Storm for SF Area,Hacker News,Weather.gov,https://read.readwise.io/read/01gnw52fxq1fqkqwx0e4etf4vw,https://forecast.weather.gov/product.php?site=MTR&issuedby=MTR&product=AFD&format=CI&version=1&glossary=1,2023-01-03T15:46:18.791000+00:00,rss
Idaho murders: Suspect was identified through DNA using genealogy databases,Hacker News,ABC News,https://read.readwise.io/read/01gnw52fx0jj5s7w80nd3m2hsn,https://abcnews.go.com/US/idaho-murders-suspect-identified-dna-genealogy-databases-police/story?id=96088596,2023-01-03T15:46:21.768000+00:00,rss
Was $70k Salary Reduction a “Constructive Termination”? (2013),Hacker News,fkks.com,https://read.readwise.io/read/01gnw52fwccnk9gbrr51vxsmx3,https://fkks.com/news/was-70000-salary-reduction-a-constructive-termination-or-did-employee-resig,2023-01-03T15:46:24.749000+00:00,rss
"Sergey Brin: ""Irate call from Steve Jobs""
Sergey Brin: ""Irate call from Steve Jobs""",Internal Tech Emails,techemails.com,https://read.readwise.io/read/01gnw52fvs56npm73pk983nj51,https://www.techemails.com/p/sergey-brin-irate-call-from-steve-jobs,2023-01-03T15:46:27.729000+00:00,rss
The Diary of Samuel Pepys,Hacker News,The Diary of Samuel Pepys,https://read.readwise.io/read/01gnw52fv494xhe4rg251gzmtw,https://www.pepysdiary.com/,2023-01-03T15:46:30.709000+00:00,rss
Python 2 Removed from Debian,Hacker News,debian.org,https://read.readwise.io/read/01gnw52ftbfw9x6esb0rzjsf4z,https://bugs.debian.org/cgi-bin/bugreport.cgi?bug=1027108,2023-01-03T15:46:33.684000+00:00,rss
Damar Hamlin collapses on field; Bills-Bengals MNF game suspended,Hacker News,ESPN.com,https://read.readwise.io/read/01gnw52fssnrr66dqx1cjjysvb,https://www.espn.com/nfl/story/_/id/35368372/damar-hamlin-collapses-field-bills-bengals-temporarily-suspended,2023-01-03T15:46:36.665000+00:00,rss
"GitHub - bflattened/bflat: C# as you know it but with Go-inspired tooling (small, selfcontained, and native executables)",https://github.com/bflattened/,GitHub,https://read.readwise.io/read/01gnw52fs5ngpp2s83dqhnj2c8,https://github.com/bflattened/bflat,2023-01-03T15:46:39.645000+00:00,rss
Bflat – a single ahead-of-time crosscompiler and runtime for C#,Hacker News,flattened.net,https://read.readwise.io/read/01gnw52frfzhgkyqahvgb6p0cr,https://flattened.net/,2023-01-03T15:46:42.623000+00:00,rss
"26 programming languages in 25 days, Part 2: Reflections on language design",Hacker News,might.net,https://read.readwise.io/read/01gnw52fqws68w30j5jce8wbr8,https://matt.might.net/articles/26-languages-part2/,2023-01-03T15:46:45.604000+00:00,rss
PDP-11/Hack,Hacker News,madrona.ca,https://read.readwise.io/read/01gnw52fq94k0qjfsakmhhhbxv,http://madrona.ca/e/pdp11hack/index.html,2023-01-03T15:46:48.585000+00:00,rss
Ask HN: Alternatives to Scratch for a blind child?,Hacker News,ycombinator.com,https://read.readwise.io/read/01gnw52fpkkr0sdpzzbgy7zqvk,https://news.ycombinator.com/item?id=34229502,2023-01-03T15:46:51.564000+00:00,rss
LearnCPP: Website devoted to teaching you how to program in C++,Hacker News,learncpp.com,https://read.readwise.io/read/01gnw52fnz6v2432ynvan9e1dj,https://www.learncpp.com/,2023-01-03T15:46:54.543000+00:00,rss
Bach to the Future – Humanising Music with Neural Nets,Hacker News,futurice.com,https://read.readwise.io/read/01gnw52fn9aa6gk1mvypsrr9qb,https://futurice.com/blog/bach-to-the-future-or-humanising-music-with-neural-nets,2023-01-03T15:46:57.522000+00:00,rss
First LNG tanker arrives at Germany's new floating terminal,Hacker News,dw.com,https://read.readwise.io/read/01gnw52fmnn5gwm9zyazd2w5r4,https://www.dw.com/en/first-lng-tanker-arrives-at-germanys-new-floating-terminal/a-64272015,2023-01-03T15:47:00.502000+00:00,rss
"You Want Modules, Not Microservices",Hacker News,newardassociates.com,https://read.readwise.io/read/01gnw52fm0jhpeby16f9qkqexr,http://blogs.newardassociates.com/blog/2023/you-want-modules-not-microservices.html,2023-01-03T15:47:03.481000+00:00,rss
Shopify Tells Employees to Just Say No to Meetings,Matthew Boyle,Bloomberg.com,https://read.readwise.io/read/01gnw52fkbt6p6j3v0thpga9y1,https://www.bloomberg.com/news/articles/2023-01-03/shopify-ceo-tobi-lutke-tells-employees-to-just-say-no-to-meetings,2023-01-03T15:47:06.460000+00:00,rss
Ask HN: What tech utopia/horror ideas do you see materialising soon?,Hacker News,ycombinator.com,https://read.readwise.io/read/01gnw52fjnj0934j1c2ndmhnpv,https://news.ycombinator.com/item?id=34230902,2023-01-03T15:47:09.438000+00:00,rss
IEDM 2022 – TSMC 3nm,Hacker News,Semiwiki,https://read.readwise.io/read/01gnw52fj1y1tpptjnhxzm1b3n,https://semiwiki.com/semiconductor-manufacturers/tsmc/322688-iedm-2022-tsmc-3nm/,2023-01-03T15:47:12.418000+00:00,rss
Ask HN: Do you think Meta could compete with AWS,Hacker News,ycombinator.com,https://read.readwise.io/read/01gnw52fh9bm06266zh39bq6vt,https://news.ycombinator.com/item?id=34231019,2023-01-03T15:47:15.394000+00:00,rss
"GPT-4 could pass Bar Exam, AI researchers say",Hacker News,THE DECODER,https://read.readwise.io/read/01gnw52feyywtx62e11zb12bsd,https://the-decoder.com/gpt-4-could-pass-bar-exam-ai-researchers-say/,2023-01-03T15:47:18.319000+00:00,rss
Snow shortage threatens Alps with wet winter season,Hacker News,BBC News,https://read.readwise.io/read/01gnw52fe9e0pw1q0z7n2as5jj,https://www.bbc.com/news/world-europe-64151166,2023-01-03T15:47:21.297000+00:00,rss
Asymmetric numeral systems: entropy coding and Huffman coding 2014 [pdf],Hacker News,arxiv.org,https://read.readwise.io/read/01gnw52fdmt1vhc5mek6b8kwdv,https://arxiv.org/abs/1311.2540,2023-01-03T15:47:24.277000+00:00,rss
Tell HN: GitHub is partially blocked in India,Hacker News,ycombinator.com,https://read.readwise.io/read/01gnw52fcxcbymzmzhhw1ktsrm,https://news.ycombinator.com/item?id=34231553,2023-01-03T15:47:27.254000+00:00,rss
USD 4.27B stolen in 2022 in Web3/crypto hacks and scams,Hacker News,mollywhite.net,https://read.readwise.io/read/01gnw52fbqvzgva0hqxexva7kz,https://newsletter.mollywhite.net/p/in-2022-web3-went-just-great,2023-01-03T15:47:30.216000+00:00,rss
Legal Use of Hallucinogenic Mushrooms Begins in Oregon - The New York Times,Andrew Jacobs,New York Times,https://read.readwise.io/read/01gnw52fb3mqbbsyzf8bcggq1d,https://www.nytimes.com/2023/01/03/health/psychedelic-drugs-mushrooms-oregon.html,2023-01-03T15:47:33.196000+00:00,rss
10x Editor,Hacker News,,https://read.readwise.io/read/01gnw52fagkf57m0f3x82p9s8g,https://10xeditor.com/,2023-01-03T15:47:36.176000+00:00,rss
The Strangely Beautiful Experience of Google Reviews,Will McCarthy,Longreads,https://read.readwise.io/read/01gnw52fafrr7192yrmmnpf026,https://longreads.com/2023/01/03/the-strangely-beautiful-experience-of-google-reviews/,2023-01-03T15:47:45.176000+00:00,rss
Ask HN: Should I accept all cookies? (and clear them shortly after?),Hacker News,ycombinator.com,https://read.readwise.io/read/01gnw52f9sj0bebtx78p0dkabn,https://news.ycombinator.com/item?id=34231879,2023-01-03T15:47:39.154000+00:00,rss
The Pastor’s Progress: Why I Keep Reading John Bunyan,Garrett Kell,Desiring God,https://read.readwise.io/read/01gnw52f9fqzyp5m1b6vzvdgde,http://rss.desiringgod.org/link/10732/15880605/the-pastors-progress,2023-01-03T15:47:42.144000+00:00,rss
Men Without Work: America's Invisible Crisis (Book),Hacker News,wikipedia.org,https://read.readwise.io/read/01gnw52f951h7rj5smhjb93g48,https://en.wikipedia.org/wiki/Men_Without_Work_(book),2023-01-03T15:47:42.134000+00:00,rss
"God’s Kingdom: We Will Get in Because We Are In: 2 Thessalonians 1:5–8, Part 2",John Piper,Desiring God,https://read.readwise.io/read/01gnw52f8y1mqhb3850h0gcnnq,http://rss.desiringgod.org/link/10732/15880604/gods-kingdom-we-will-get-in-because-we-are-in,2023-01-03T15:47:45.127000+00:00,rss
You Can Keep These Wireless Earbuds On Your Keychain,Andrew Liszewski,Gizmodo,https://read.readwise.io/read/01gnw52f8vn84w37r9zhe6mzyj,https://gizmodo.com/jlab-jbuds-mini-apple-airpods-keyring-wireless-earbuds-1849941289,2023-01-03T15:47:30.123000+00:00,rss
Japanese government offers families 1M yen a child to leave Tokyo,Hacker News,the Guardian,https://read.readwise.io/read/01gnw52f8hamx8ge1bc1p9cxc2,https://www.theguardian.com/world/2023/jan/03/million-yen-per-child-to-leave-tokyo-japans-offer-to-families,2023-01-03T15:47:45.114000+00:00,rss
The Vision Vanish Is the First Laser Projector With Its Own Disappearing Screen,Andrew Liszewski,Gizmodo,https://read.readwise.io/read/01gnw52f86h4n34pyq4g08g326,https://gizmodo.com/vision-vanish-laser-projector-100-inches-screen-include-1849856696,2023-01-03T15:47:33.102000+00:00,rss
Tesla Delivered a Record 1.31 Million Cars in 2022 Despite Elon,Jody Serrano,Gizmodo,https://read.readwise.io/read/01gnw52f7hm2x0gf65gab1qmrs,https://gizmodo.com/tesla-elon-musk-electric-car-deliveries-131-million-1849943789,2023-01-03T15:47:36.081000+00:00,rss
"Yep, That Terrifying Spinning Holographic Christmas Tree Can Play Doom",Andrew Liszewski,Gizmodo,https://read.readwise.io/read/01gnw52f6xprwnjkmtr5kbaahj,https://gizmodo.com/spinning-holographic-christmas-tree-doom-hodgins-maker-1849943570,2023-01-03T15:47:39.061000+00:00,rss
Frustrated United Customer Tracks Lost Luggage via AirTag While Claiming Her Bag Was 'Held Hostage',Kevin Hurler,Gizmodo,https://read.readwise.io/read/01gnw52f6824s9m6stzddexxte,https://gizmodo.com/united-apple-airtag-air-travel-lost-luggage-1849943841,2023-01-03T15:47:42.040000+00:00,rss
DRY development: A cheatsheet on reusability throughout GitLab,"Joe Randazzo, Noah Ing",GitLab,https://read.readwise.io/read/01gnw52f5tyn8yjqrpq8zwxkqc,https://about.gitlab.com/blog/2023/01/03/keeping-your-development-dry/,2023-01-03T15:47:45.026000+00:00,rss
Netflix Has Already Called Time on 1899,Gordon Jackson and James Whitbrook,Gizmodo,https://read.readwise.io/read/01gnw52f5d5zwmjvb6spv6g1j0,https://gizmodo.com/netflix-1899-canceled-dark-1849942850,2023-01-03T15:47:45.013000+00:00,rss
Hydrogen Isotopes,xkcd,xkcd,https://read.readwise.io/read/01gntn8svjzqf51k3tfh4axtv5,https://xkcd.com/2719/,2023-01-03T01:52:20.922000+00:00,rss
My YouTube Earnings,Hacker News,Brick Experiment Channel,https://read.readwise.io/read/01gntj54n7n27m453xkqvkwz24,https://brickexperimentchannel.wordpress.com/2022/11/19/my-youtube-earnings/,2023-01-03T00:57:52.184000+00:00,rss
Books for Software Engineers in 2023,Hacker News,grantisom.com,https://read.readwise.io/read/01gntj54mkhbb16pbejsr5z56x,https://grantisom.com/2023/01/02/mustread-books-for.html,2023-01-03T00:57:55.163000+00:00,rss
Comparison of Exercise and Pharmacologic Treatment of Depression,Hacker News,National Institutes of Health,https://read.readwise.io/read/01gnteep5vf35nz9d91pk99a7t,https://www.ncbi.nlm.nih.gov/pmc/articles/PMC5430071/,2023-01-02T23:52:55.731000+00:00,rss
Ask HN: Pros and cons of thinking in public vs. in private?,Hacker News,ycombinator.com,https://read.readwise.io/read/01gnteep56jgh9hv9mdj9500fd,https://news.ycombinator.com/item?id=34223288,2023-01-02T23:52:58.710000+00:00,rss
"HypChain, the first completely hypothetical blockchain",Hacker News,hypchain.com,https://read.readwise.io/read/01gnteep4hf44c4xbpcdfkfa0w,https://www.hypchain.com/,2023-01-02T23:53:01.690000+00:00,rss
Rust for Professionals,Hacker News,overexact.com,https://read.readwise.io/read/01gnteep3yh7y8xqvmsbd66850,https://overexact.com/rust-for-professionals/,2023-01-02T23:53:04.671000+00:00,rss
Tallow in Plastic Bank Notes,Hacker News,Impact Solutions,https://read.readwise.io/read/01gnteep3c1sc2vknghpe6dwes,https://www.impact-solutions.co.uk/tallow-in-plastics/,2023-01-02T23:53:07.652000+00:00,rss
"The Strangest Computer Manual Ever Written
The Strangest Computer Manual Ever Written",David Friedman,substack.com,https://read.readwise.io/read/01gnteep2se4g198b7c1gnxx36,https://ironicsans.substack.com/p/the-strangest-computer-manual-ever,2023-01-02T23:53:10.634000+00:00,rss
Solving a Dungeons and Dragons riddle using Prolog,Hacker News,Gist,https://read.readwise.io/read/01gnteep2740e6sjbv1446eg6g,https://gist.github.com/Spuffynism/446c7c2d498477491d8137e8f234d4a9,2023-01-02T23:53:13.615000+00:00,rss
Moon Girl and Devil Dinosaur Looks Stylish as Hell,James Whitbrook,Gizmodo,https://read.readwise.io/read/01gnteenzzwmw779qv9z48j4zw,https://gizmodo.com/marvel-moon-girl-and-devil-dinosaur-cartoon-preview-1849943147,2023-01-02T23:53:10.543000+00:00,rss
Nope's Excellent Script Is Available to Read Online,James Whitbrook,Gizmodo,https://read.readwise.io/read/01gnteenz8dh3jj9kftnrws0gh,https://gizmodo.com/nope-script-read-online-free-jordan-peele-1849943291,2023-01-02T23:53:13.520000+00:00,rss
Netscape 1.0 Browser Emulator,Hacker News,,https://read.readwise.io/read/01gnt39n7jg3124qpnp876nvc9,https://www.dejavu.org/1995win.htm,2023-01-02T20:38:14.586000+00:00,rss
Pyright: Static Type Checker for Python,Hacker News,GitHub,https://read.readwise.io/read/01gnt0q73cp3fzt8f57vtyjjt8,https://github.com/microsoft/pyright,2023-01-02T19:53:13.140000+00:00,rss
"Show HN: Beesy: Record Google Meets for Free, No Signups, Download Locally",Hacker News,google.com,https://read.readwise.io/read/01gnszznbxp8rvhhd91n10yjnq,https://chrome.google.com/webstore/detail/beesy-record-google-meets/eabicnldgjknbifdgmnieblkbnggfnde,2023-01-02T19:40:03.318000+00:00,rss
Inside the 8086 Processor's Instruction Prefetch Circuitry,Hacker News,righto.com,https://read.readwise.io/read/01gnszznbdg4w4vtdtbq0acxjc,https://www.righto.com/2023/01/inside-8086-processors-instruction.html,2023-01-02T19:40:06.302000+00:00,rss
Musicians Wage War Against Evil Robots,Hacker News,Smithsonian Magazine,https://read.readwise.io/read/01gnszznax1v6kmn026d3vn94p,https://www.smithsonianmag.com/history/musicians-wage-war-against-evil-robots-92702721/,2023-01-02T19:40:09.286000+00:00,rss
Nintendo GBA and DS ROM hacking guide (2016),Hacker News,gbatemp.net,https://read.readwise.io/read/01gnszzna9c21r6q2r4r9da53d,https://gbatemp.net/download/gba-and-ds-rom-hacking-guide.33419/download,2023-01-02T19:40:12.266000+00:00,rss
How to Remove Rust From Stainless Steel Appliances,Elizabeth Yuko,Lifehacker,https://read.readwise.io/read/01gnszzn9ws6madhgveqxjtybv,https://lifehacker.com/how-to-remove-rust-from-stainless-steel-appliances-1849940370,2023-01-02T19:40:21.252000+00:00,rss
Debloating Windows 10 with one command and no internet scripts,Hacker News,gabrielsieben.tech,https://read.readwise.io/read/01gnszzn9t1sh169wf7eqbe3gs,https://gabrielsieben.tech/2023/01/02/debloating-windows-10-with-one-command-and-no-scripts/,2023-01-02T19:40:15.251000+00:00,rss
Higher-order organization of multivariate time series,Andrea Santoro,Nature,https://read.readwise.io/read/01gnszzn9bdntb1yyj70cz42q0,https://www.nature.com/articles/s41567-022-01852-0,2023-01-02T19:40:18.235000+00:00,rss
English as She Is Spoke,Hacker News,wikipedia.org,https://read.readwise.io/read/01gnszzn8v32ged3h4w0je5rah,https://en.wikipedia.org/wiki/English_as_She_Is_Spoke,2023-01-02T19:40:21.219000+00:00,rss
"The Best Horror, Sci-Fi, and Fantasy Streaming in January 2023",Germain Lussier,Gizmodo,https://read.readwise.io/read/01gnszzn6205x33wzaqqcbqw6w,https://gizmodo.com/best-horror-movies-streaming-january-2023-sci-fi-fantas-1849936231,2023-01-02T19:40:21.130000+00:00,rss
io9's Top 100 Posts of 2022,Rob Bricken,Gizmodo,https://read.readwise.io/read/01gnstcny1n6rrn1zc5vgkb2ss,https://gizmodo.com/io9s-top-100-posts-of-2022-1849937580,2023-01-02T18:02:36.426000+00:00,rss
Maybe Edward the Black Prince didn’t die from chronic dysentery after all,Jennifer Ouellette,Ars Technica,https://read.readwise.io/read/01gnstcccnb72t7qzgw5f953zk,https://arstechnica.com/?p=1907112,2023-01-02T18:02:26.653000+00:00,rss
Weathering Software Winter,Hacker News,100r.co,https://read.readwise.io/read/01gnsspeqmtp5tdqjd75fztvds,https://100r.co/site/weathering_software_winter.html,2023-01-02T17:50:22.156000+00:00,rss
GitHub - Aesthetikx/openai_pipe: A UNIX-ey interface to OpenAI,https://github.com/Aesthetikx/,GitHub,https://read.readwise.io/read/01gnsspeq2v3fz7gpphykqn8xm,https://github.com/Aesthetikx/openai_pipe,2023-01-02T17:50:25.139000+00:00,rss
Should we care about people who need never exist?,The Economist,The Economist,https://read.readwise.io/read/01gnsspep9zeejtbc8jn4mqag4,https://www.economist.com/christmas-specials/2022/12/20/should-we-care-about-people-who-need-never-exist,2023-01-02T17:50:28.114000+00:00,rss
"Always Add These Skills to Your Résumé, If You Can",Elizabeth Yuko,Lifehacker,https://read.readwise.io/read/01gnsqfvsx75nvgz2fcetzbgww,https://lifehacker.com/always-add-these-skills-to-your-resume-if-you-can-1849940373,2023-01-02T17:11:55.014000+00:00,rss
The Privatization of Policing,Hacker News,compactmag.com,https://read.readwise.io/read/01gnspngd9htw8kxgt4gnjjft9,https://compactmag.com/article/the-privatization-of-policing,2023-01-02T16:57:10.377000+00:00,rss
Show HN: Pixletters – Word guessing puzzle game where used pixels give you clues,Hacker News,,https://read.readwise.io/read/01gnspngcg9cqjrvbq3nk6km14,https://pixletters.com,2023-01-02T16:57:13.353000+00:00,rss
Ask HN: Who wants to be hired? (January 2023),Hacker News,ycombinator.com,https://read.readwise.io/read/01gnspngbx69jcfkte75wwkvpd,https://news.ycombinator.com/item?id=34219332,2023-01-02T16:57:16.333000+00:00,rss
Ask HN: Freelancer? Seeking freelancer? (January 2023),Hacker News,ycombinator.com,https://read.readwise.io/read/01gnspngb8vscqtwdhc8nz2npx,https://news.ycombinator.com/item?id=34219334,2023-01-02T16:57:19.312000+00:00,rss
Ask HN: Who is hiring? (January 2023),Hacker News,ycombinator.com,https://read.readwise.io/read/01gnspngakgpheeqm2fkh2cvpy,https://news.ycombinator.com/item?id=34219335,2023-01-02T16:57:22.291000+00:00,rss
Airbnb removed my negative review,Hacker News,ycombinator.com,https://read.readwise.io/read/01gnspng9ynm1y5y6rthyh9g6j,https://news.ycombinator.com/item?id=34219422,2023-01-02T16:57:25.270000+00:00,rss
The quest for a family-friendly password manager,Hacker News,dustri.org,https://read.readwise.io/read/01gnspng9cjd3avxsffw5wwy7d,https://dustri.org/b/the-quest-for-a-family-friendly-password-manager.html,2023-01-02T16:57:28.252000+00:00,rss
"Bezos, Gates, Zuck, Behind every “self-made” millionaire is a father with money",Hacker News,levelup Education,https://read.readwise.io/read/01gnspng8s744xcyrvjnftmf2y,https://levelup-edu.com/bezos-gates-zuckerberg-behind-every-self-made-millionaire-is-a-father-with-money/,2023-01-02T16:57:31.233000+00:00,rss
Leslie Grace Reveals the Final Batgirl Costume That Could've Been,James Whitbrook,Gizmodo,https://read.readwise.io/read/01gnspng5hn4xbzh905373f758,https://gizmodo.com/batgirl-movie-upgraded-costume-leslie-grace-warner-bros-1849942840,2023-01-02T16:57:31.129000+00:00,rss
"WorldWideWeb, the First Web Browser",Hacker News,cern.ch,https://read.readwise.io/read/01gnsjmg06jp8k3s08mm0gaddy,https://worldwideweb.cern.ch/browser/,2023-01-02T15:46:57.886000+00:00,rss
GitHub - skuep/AIOC: Ham Radio All-in-one-Cable,https://github.com/skuep/,GitHub,https://read.readwise.io/read/01gnsjmfz9wtka4bgtdb8hbmn4,https://github.com/skuep/AIOC,2023-01-02T15:47:00.857000+00:00,rss
Opinion | Being Short is Better Than We’re Told - The New York Times,Mara Altman,New York Times,https://read.readwise.io/read/01gnsjmfyptgk369rj4vkw7cve,https://www.nytimes.com/2023/01/01/opinion/height-short.html,2023-01-02T15:47:03.838000+00:00,rss
What are companies doing with D-Wave’s quantum hardware?,John Timmer,Ars Technica,https://read.readwise.io/read/01gnsh9345pyqgfp7r22yhkzk9,https://arstechnica.com/?p=1895515,2023-01-02T15:23:21.678000+00:00,rss
How to Calibrate Your Oven's Temperature,Elizabeth Yuko,Lifehacker,https://read.readwise.io/read/01gnsh9321p2c790mtmnrw5qkk,https://lifehacker.com/how-to-calibrate-your-ovens-temperature-1849940378,2023-01-02T15:23:21.610000+00:00,rss
Ask HN: How do you work on your mental health?,Hacker News,ycombinator.com,https://read.readwise.io/read/01gnsh93193vyzpyh0a22wcp13,https://news.ycombinator.com/item?id=34218240,2023-01-02T15:23:18.585000+00:00,rss
Filmora and Adobe decide to use “Kdenlive” as a keyword in their online ads,Hacker News,reddit,https://read.readwise.io/read/01gnsh930qabd9qh0ph2k4rg64,https://old.reddit.com/r/kdenlive/comments/101cvw3/how_you_know_you_had_a_good_year_both_filmora_and/,2023-01-02T15:23:21.568000+00:00,rss
James Cameron Wants to Introduce Na'vi Villains in Avatar 3,Gordon Jackson and James Whitbrook,Gizmodo,https://read.readwise.io/read/01gnsh92zxfmyap0ynsceshn3k,https://gizmodo.com/avatar-3-navi-villains-fire-tribe-james-cameron-1849942357,2023-01-02T15:23:21.541000+00:00,rss
Lessons Learned from the Book “Effective Remote Work” (2022),Hacker News,Philipp Hauer's Blog,https://read.readwise.io/read/01gnsfha8tkk0a3yr5v8vq1ycd,https://phauer.com/2022/book-remote-work-lessons-learned/,2023-01-02T14:52:08.986000+00:00,rss
Flipper Zero: The Thread,ANTIREZ antirez@mastodon.social,Twitter,https://read.readwise.io/read/01gnsfha84ccez2hpqvqjqsfts,https://twitter.com/antirez/status/1609137698404700161,2023-01-02T14:52:11.965000+00:00,rss
"GitHub - bigscience-workshop/petals: 🌸 Run LLMs at home, BitTorrent-style. Fine-tuning and inference up to 10x faster than offloading",https://github.com/bigscience-workshop/,GitHub,https://read.readwise.io/read/01gnsfha7ejsfsa8rx5rxq74s5,https://github.com/bigscience-workshop/petals,2023-01-02T14:52:14.942000+00:00,rss
Welcoming 1927 to the Public Domain,Hacker News,Internet Archive Blogs,https://read.readwise.io/read/01gnsfha6t3dnrxzrhdn6p8jbq,https://blog.archive.org/2023/01/01/welcoming-1927-to-the-public-domain/,2023-01-02T14:52:17.922000+00:00,rss
The Year of C++ Successor Languages,Hacker News,accu.org,https://read.readwise.io/read/01gnsfha64m5kr20esepkd4xb8,https://accu.org/journals/overload/30/172/teodorescu/,2023-01-02T14:52:20.900000+00:00,rss
NetBSD at Reproducible Builds Summit Venice 2022,Hacker News,netbsd.org,https://read.readwise.io/read/01gnsfha5fbwnd1kcswch235a4,https://blog.netbsd.org/tnf/entry/reproducible_builds_summit_venice_2022,2023-01-02T14:52:23.880000+00:00,rss
Demonic Possession is Not Real,Mr. Fireside,Medium,https://read.readwise.io/read/01gnsfha4w17s8cbs87shxmtya,https://mrfireside.medium.com/demonic-possession-is-not-real-575364644a75,2023-01-02T14:52:26.860000+00:00,rss
How many layers of UI inconsistencies are in Windows 11?,Hacker News,NTDEV,https://read.readwise.io/read/01gnsfha4636pf8wzhmbh0g352,https://ntdotdev.wordpress.com/2023/01/01/state-of-the-windows-how-many-layers-of-ui-inconsistencies-are-in-windows-11/,2023-01-02T14:52:29.839000+00:00,rss
Start a Fucking Blog,Hacker News,Start a Fucking Blog,https://read.readwise.io/read/01gnsfha3ggj37qrbt2cme7j9y,https://startafuckingblog.com/,2023-01-02T14:52:32.817000+00:00,rss
Code Smell of the Day: Type Keys (2021),Hacker News,jesseduffield.com,https://read.readwise.io/read/01gnsfha2vkmbk51s5dz36rap5,https://jesseduffield.com/Type-Keys/,2023-01-02T14:52:35.795000+00:00,rss
"Unearthing long ignored African writing system, researcher finds African history",Hacker News,Boston University,https://read.readwise.io/read/01gnsfha25ek62cgks22gbncnw,https://www.bu.edu/articles/2022/fallou-ngom-discovers-ajami-african-writing-system/,2023-01-02T14:52:38.774000+00:00,rss
Bitcoin core developer claims to have lost 200 BTC in hack,Hacker News,Cointelegraph,https://read.readwise.io/read/01gnsfha1fjyk4r8n7z0c0x8es,https://cointelegraph.com/news/bitcoin-core-developer-claims-to-have-lost-200-btc-in-hack,2023-01-02T14:52:41.752000+00:00,rss
My Experience with Check Fraud – and What You Can Learn from It,Hacker News,obliviousinvestor.com,https://read.readwise.io/read/01gnsfha0ssc3fj9mzwnccjvqf,https://obliviousinvestor.com/check-fraud/,2023-01-02T14:52:44.730000+00:00,rss
Mazda Just Proved That Internal Combustion Engines Still Have a Future,Hacker News,Evthusiast,https://read.readwise.io/read/01gnsfha04c2c4e6sxy1sf6kv9,https://wkk.usa.mybluehost.me/mazda-just-proved-that-synthetic-fuels-could-be-the-future/,2023-01-02T14:52:47.708000+00:00,rss
Tell Cloudflare: You're Breaking Tor/VPN/Shared IPs Again,Hacker News,ycombinator.com,https://read.readwise.io/read/01gnsfh9zc3xckhwvn9n7k72mc,https://news.ycombinator.com/item?id=34217999,2023-01-02T14:52:50.685000+00:00,rss
Sin Is Never Inevitable: How to Escape Overwhelming Temptation,Scott Hubbard,Desiring God,https://read.readwise.io/read/01gnsfh9zbwb2t2qfvfamkhxge,http://rss.desiringgod.org/link/10732/15878894/sin-is-never-inevitable,2023-01-02T14:52:50.683000+00:00,rss
John Piper’s Favorite Things,John Piper,Desiring God,https://read.readwise.io/read/01gnsfh9yrn2prcphx7errm3vk,http://rss.desiringgod.org/link/10732/15878893/john-pipers-favorite-things,2023-01-02T14:52:53.664000+00:00,rss
Ask HN: Why did Frontend development explode in complexity?,Hacker News,ycombinator.com,https://read.readwise.io/read/01gnsfh9yc8x6dk9ng0n9kbn68,https://news.ycombinator.com/item?id=34218003,2023-01-02T14:52:53.652000+00:00,rss
Hungry Ghosts,Cheri Lucas Rowlands,Longreads,https://read.readwise.io/read/01gnsfh9xsgzqrad5akyszvp5y,https://longreads.com/2023/01/02/hungry-ghosts/,2023-01-02T14:52:53.634000+00:00,rss
What Moves Your Heart?,Justin Camp from WiRE,,https://read.readwise.io/read/01gnsb7mxkc0c9ms40z6fb1mt3,mailto:reader-forwarded-email/a250660feff77aac0b5913dfe0de950b,2023-01-02T13:37:45.907000+00:00,email
Evidence suggests that returning to in person school increased suicide rates,Hacker News,National Bureau of Economic Research,https://read.readwise.io/read/01gnrfwvkffqcrq0dsybas9rr3,https://www.nber.org/papers/w30795,2023-01-02T05:39:54.751000+00:00,rss
Grade inflation: What goes up must come down,Hacker News,thecrimson.com,https://read.readwise.io/read/01gnrfwvjqffj2eq8gtt6dacy4,https://www.thecrimson.com/article/2022/10/3/barton-grade-inflation/,2023-01-02T05:39:57.728000+00:00,rss
"For U.S. Companies, the Race for the New EV Battery Is On",Hacker News,Yale E360,https://read.readwise.io/read/01gnrbwf3agdnf0xvr03wcmwba,https://e360.yale.edu/features/alternate-ev-battery-technology,2023-01-02T04:29:41.642000+00:00,rss
C++ at the End of 2022,Hacker News,C++ Stories,https://read.readwise.io/read/01gnrbwf2tkgqtzc46nyq9b3z8,https://www.cppstories.com/2022/cpp-status-2022/,2023-01-02T04:29:44.626000+00:00,rss
Why Not Mars,Hacker News,idlewords.com,https://read.readwise.io/read/01gnrbwf29zy2efp3e1avcyskm,https://idlewords.com/2023/1/why_not_mars.htm,2023-01-02T04:29:47.610000+00:00,rss
Functional Programming – How and Why,Hacker News,📚 Austin Merrick’s Blog,https://read.readwise.io/read/01gnrbwf1kaxmt2dzhabx3s0q4,https://onsclom.bearblog.dev/functional-programming-how-and-why/,2023-01-02T04:29:50.587000+00:00,rss
Up close and personal: Dolphin POV caught on camera while hunting for tasty fish,Jennifer Ouellette,Ars Technica,https://read.readwise.io/read/01gnr1snp5kvzxn6j4wd8v7g61,https://arstechnica.com/?p=1907072,2023-01-02T01:33:33.326000+00:00,rss
Automatic snow tires throw chains at your wheels [video],Hacker News,YouTube,https://read.readwise.io/read/01gnr1snjsyt4axkgvce841qkm,https://www.youtube.com/watch?v=x2IQNsLuikw,2023-01-02T01:33:33.217000+00:00,rss
Don’t Rely on Credibility Stamps,Hacker News,Naval,https://read.readwise.io/read/01gnr0d43n0whcwcbgb8bz89zn,https://nav.al/credibility,2023-01-02T01:08:19.534000+00:00,rss
Top Bitcoin dev gets owned,Hacker News,,https://read.readwise.io/read/01gnr0d432mxqh617hyz1pd5v3,https://preview.redd.it/fovmtx7gjh9a1.jpg?auto=webp&s=d5b896ab174c6280fd4843faef53d230d83befda,2023-01-02T01:08:22.514000+00:00,rss
"PSA: My PGP key is compromised, and at least many...",@LukeDashjr@BitcoinHackers.org on Mastodon,Twitter,https://read.readwise.io/read/01gnr0d42f231c7qahegky2x4a,https://twitter.com/LukeDashjr/status/1609613748364509184,2023-01-02T01:08:25.496000+00:00,rss
"GitHub - linleyh/liberation-circuit: Trapped in a hostile computer system, you must make a way out - RTS/coding game",https://github.com/linleyh/,GitHub,https://read.readwise.io/read/01gnr0d41sdtwznddzx5c9cy0d,https://github.com/linleyh/liberation-circuit,2023-01-02T01:08:28.474000+00:00,rss
Picturing Scent: The Tale of a Beached Whale (2021),Hacker News,The Public Domain Review,https://read.readwise.io/read/01gnr0d418qjgrybxz1nkwnnhn,https://publicdomainreview.org/essay/picturing-scent,2023-01-02T01:08:31.457000+00:00,rss
Modeling my Grandpa with 3D Photogrammetry (2021),Hacker News,jeffgeerling.com,https://read.readwise.io/read/01gnr0d40q1yghrxkqk9dahd8x,https://www.jeffgeerling.com/blog/2021/modeling-my-grandpa-3d-photogrammetry,2023-01-02T01:08:34.440000+00:00,rss
"Tesla broke labor laws by telling workers not to discuss pay, NLRB claims",Hacker News,The Verge,https://read.readwise.io/read/01gnr0d406rf8hb1rt29etnw0q,https://www.theverge.com/2022/12/31/23533743/tesla-florida-workers-pay-working-conditions-nlrb,2023-01-02T01:08:37.423000+00:00,rss
"Google to pay $29M settling location tracking with DC, IN; –$392M to 40 states",Hacker News,State of Indiana,https://read.readwise.io/read/01gnr0d3znz7xqpgjzhnd1773h,https://events.in.gov/event/attorney_general_todd_rokita_secures_20_million_settlement_with_google_under_same_indiana_law_being_used_against_tiktok,2023-01-02T01:08:40.405000+00:00,rss
Google to pay Indiana $20M to resolve privacy suit,Hacker News,AP NEWS,https://read.readwise.io/read/01gnr0d3z4c0nmz5qy5wx9p7rg,https://apnews.com/article/technology-indiana-state-government-business-tod-rokita-3fc0f24cd0ca72cc9c4de14204abda01,2023-01-02T01:08:43.388000+00:00,rss
Ask HN: Are there any good open source Text-to-Speech tools?,Hacker News,ycombinator.com,https://read.readwise.io/read/01gnr0d3ygyt22w02segrxxjfs,https://news.ycombinator.com/item?id=34211457,2023-01-02T01:08:46.369000+00:00,rss
Adding “invariant” clauses to C++ via GCC plugin to enable Design-by-Contract,Hacker News,Gavin Ray Blog,https://read.readwise.io/read/01gnr0d3xsp3b77d6chw326ykc,https://gavinray97.github.io/blog/adding-invariant-to-cpp-design-by-contract,2023-01-02T01:08:49.346000+00:00,rss
George Santos story broke by local newspaper months ago,Hacker News,LongIsland.com,https://read.readwise.io/read/01gnr0d3x8rhjq3xf194kjw86b,https://www.longisland.com/news/12-30-22/george-santos-story-broke-by-local-li-newspaper-months-ago.html,2023-01-02T01:08:52.329000+00:00,rss
George Santos story broken by local newspaper months ago,Hacker News,theleader,https://read.readwise.io/read/01gnr0d3wq1frxzgvjhhednfvk,https://www.theleaderonline.com/single-post/the-leader-told-you-so-us-rep-elect-george-santos-is-a-fraud-and-wanted-criminal,2023-01-02T01:08:55.311000+00:00,rss
ElonJet Wrapped 2022,Hacker News,grndcntrl.net,https://read.readwise.io/read/01gnr0d3w51wzhh5wzxvd4ay8h,http://elonjet.net/wrapped22/,2023-01-02T01:08:58.293000+00:00,rss
Software Detection of Currency (2004),Hacker News,murdoch.is,https://read.readwise.io/read/01gnr0d3vkm5hs00bxpee653xj,https://murdoch.is/projects/currency/,2023-01-02T01:09:01.275000+00:00,rss
Langoguessr,Hacker News,langoguessr.com,https://read.readwise.io/read/01gnr0d3v26be58a5ehkb0zmyj,https://langoguessr.com,2023-01-02T01:09:04.258000+00:00,rss
Remaking Old Computer Graphics with AI Image Generation,Hacker News,jalammar.github.io,https://read.readwise.io/read/01gnr0d3tgqz9qzt5v04na3q4w,https://jalammar.github.io/ai-image-generation-tools/,2023-01-02T01:09:07.240000+00:00,rss
"Orrery (Earth, Moon, and Sun)",Hacker News,Instructables,https://read.readwise.io/read/01gnr0d3sx5adc1yy1vx9s7rm9,https://www.instructables.com/Orrery-Earth-Moon-and-Sun/,2023-01-02T01:09:10.222000+00:00,rss
Blog series on building an air sensor with Arduino,Hacker News,airdeets.com,https://read.readwise.io/read/01gnr0d3sbct77kzyvpcsfwyff,https://www.airdeets.com/blog/diy-arduino-based-air-sensor-pt1,2023-01-02T01:09:13.204000+00:00,rss
The Great Forgetting,Cheri Lucas Rowlands,Longreads,https://read.readwise.io/read/01gnr0d3rwy8k5wzd8ac48wjms,https://longreads.com/2023/01/01/the-great-forgetting/,2023-01-02T01:09:13.189000+00:00,rss
Ask HN: How do you manage your passwords in 2023?,Hacker News,ycombinator.com,https://read.readwise.io/read/01gnqhat7mjtf51717j19e7je4,https://news.ycombinator.com/item?id=34206768,2023-01-01T20:44:46.244000+00:00,rss
"Map, Filter, Reduce in Fortran (2019)",Hacker News,Milan Curcic,https://read.readwise.io/read/01gnqhat764a322fcyfzct7ptw,https://milancurcic.com/2019/05/22/map-filter-reduce-in-fortran-2018.html,2023-01-01T20:44:49.230000+00:00,rss
Twitter Sued for Nonpayment of Rent on San Francisco Office,Robert Burnson,Bloomberg.com,https://read.readwise.io/read/01gnqhat6nv9x5ezz9jph0rkg6,https://www.bloomberg.com/news/articles/2022-12-31/twitter-sued-for-nonpayment-of-rent-on-san-francisco-office,2023-01-01T20:44:52.213000+00:00,rss
What Will Happen in 2023 by Fred Wilson,Hacker News,AVC,https://read.readwise.io/read/01gnqhat66yqnx1bcevzrvwyr1,https://avc.com/2023/01/what-will-happen-in-2023/,2023-01-01T20:44:55.199000+00:00,rss
Why a global recession is inevitable in 2023,The Economist,The Economist,https://read.readwise.io/read/01gnqhat5ks53v0dstjm695sxz,https://www.economist.com/the-world-ahead/2022/11/18/why-a-global-recession-is-inevitable-in-2023,2023-01-01T20:44:58.179000+00:00,rss
Ask HN: Is Programming Culture Immature?,Hacker News,ycombinator.com,https://read.readwise.io/read/01gnqhat4z3wk75j6v7kndfcra,https://news.ycombinator.com/item?id=34207699,2023-01-01T20:45:01.160000+00:00,rss
Bring back personal blogging - The Verge,Monique Judge,The Verge,https://read.readwise.io/read/01gnqhat4fp8v59gx2k1td0wvk,https://www.theverge.com/23513418/bring-back-personal-blogging,2023-01-01T20:45:04.143000+00:00,rss
Querying the GitHub archive with the ClickHouse playground,Hacker News,simonwillison.net,https://read.readwise.io/read/01gnqhat40jw3x9wpeh9c41bkn,https://til.simonwillison.net/clickhouse/github-explorer,2023-01-01T20:45:07.129000+00:00,rss
How “Internet in Space” Will Transform the Satellite Imagery Industry: Part I,Joe Morrison,substack.com,https://read.readwise.io/read/01gnqhat33m0zazf3n56z1yzm4,https://joemorrison.substack.com/p/how-internet-in-space-will-transform,2023-01-01T20:45:10.099000+00:00,rss
Blood test can detect 'toxic' protein years before Alzheimer's symptoms emerge,Hacker News,ScienceDaily,https://read.readwise.io/read/01gnqhat2kq4vh7s12wn87dszp,https://www.sciencedaily.com/releases/2022/12/221205153722.htm,2023-01-01T20:45:13.084000+00:00,rss
Tell HN: Did you know that you can help restore a person’s eyesight for $50?,Hacker News,ycombinator.com,https://read.readwise.io/read/01gnqhat23xm4835b7a6f30s0e,https://news.ycombinator.com/item?id=34208100,2023-01-01T20:45:16.067000+00:00,rss
Today is Charlie Munger's 99th birthday,Hacker News,Jason Zweig,https://read.readwise.io/read/01gnqhat1mbcar0dkmz2n617hv,https://jasonzweig.com/on-charlie-munger/,2023-01-01T20:45:19.053000+00:00,rss
Tell HN: The Indian government has blocked githubusercontent.com,Hacker News,ycombinator.com,https://read.readwise.io/read/01gnqhat13gcs9mg0hp90pypgx,https://news.ycombinator.com/item?id=34208293,2023-01-01T20:45:22.036000+00:00,rss
Ask HN: What's a good program for calisthenics for beginners that YOU have tried,Hacker News,ycombinator.com,https://read.readwise.io/read/01gnqhat0kaqp8ht4afkf0ytf5,https://news.ycombinator.com/item?id=34208729,2023-01-01T20:45:25.019000+00:00,rss
GitHub - michaelengel/crosstalk: Smalltalk-80 bare metal implementation for the Raspberry Pi,https://github.com/michaelengel/,GitHub,https://read.readwise.io/read/01gnqhat04780z7pwhvr7fv5wy,https://github.com/michaelengel/crosstalk,2023-01-01T20:45:28.005000+00:00,rss
52 Weeks. One Story.,BibleProject ,kill-the-newsletter.com,https://read.readwise.io/read/01gnqhaszwrd0k39yfygkjak2v,https://kill-the-newsletter.com/alternates/kdge8ovioxr5vsa8.html,2023-01-01T20:45:48.996000+00:00,rss
SQLite 2022 Recap,Hacker News,sqlite.org,https://read.readwise.io/read/01gnqhaszpqvseckrj75jvpqcc,https://sqlite.org/forum/forumpost/df285a4182688791,2023-01-01T20:45:30.990000+00:00,rss
Mini Brains Grown from Stem Cells Developed Eye-Like Features (2021),Hacker News,Smithsonian Magazine,https://read.readwise.io/read/01gnqhasz87yxmxjmezm7hpvpw,https://www.smithsonianmag.com/smart-news/mini-brains-grown-stem-cells-developed-eyes-can-sense-light-180978478/,2023-01-01T20:45:33.976000+00:00,rss
Why 536 was 'the worst year to be alive' (2018),Hacker News,Science,https://read.readwise.io/read/01gnqhasysxz6crjbk7w0g8djh,https://www.science.org/content/article/why-536-was-worst-year-be-alive,2023-01-01T20:45:36.962000+00:00,rss
You Should Claim Part of Avis and Budget's $45 Million Rental Car Settlement,Elizabeth Yuko,Lifehacker,https://read.readwise.io/read/01gnqhasygsvjhe2gsr7vtxepy,https://lifehacker.com/you-should-claim-part-of-avis-and-budgets-45-million-r-1849940337,2023-01-01T20:45:45.952000+00:00,rss
"Lula Becomes Brazil’s President, With Bolsonaro in Florida","Jack Nicas
André Spigariol",New York Times,https://read.readwise.io/read/01gnqhasy6dv68n2v1cn9myhjx,https://www.nytimes.com/2023/01/01/world/americas/bolsonaro-florida-brazil.html,2023-01-01T20:45:39.943000+00:00,rss
Stop Making Your Bed So Accessible to Spiders,Elizabeth Yuko,Lifehacker,https://read.readwise.io/read/01gnqhasxzx1fc9zb283q71swt,https://lifehacker.com/stop-making-your-bed-so-accessible-to-spiders-1849940335,2023-01-01T20:45:48.935000+00:00,rss
San Francisco just had its second-rainiest day since 1849,Hacker News,SFGATE,https://read.readwise.io/read/01gnqhasxrcad9sx1t5pgnvxas,https://www.sfgate.com/weather/article/San-Francisco-just-had-its-second-rainiest-day-17688646.php,2023-01-01T20:45:42.928000+00:00,rss
Casio-F-91W die-shot,Hacker News,zeptobars.com,https://read.readwise.io/read/01gnqhasx8t93k7kj1gpse7418,https://zeptobars.com/en/read/Casio-F-91W-OKI-quartz-watch,2023-01-01T20:45:45.912000+00:00,rss
FatFs – Generic FAT Filesystem Module,Hacker News,elm-chan.org,https://read.readwise.io/read/01gnqhaswq2485j9p7smth1tgy,http://elm-chan.org/fsw/ff/00index_e.html,2023-01-01T20:45:48.896000+00:00,rss
Willow's Jon Kasdan on How Its Recent Cameo Came to Be,Justin Carter,Gizmodo,https://read.readwise.io/read/01gnqhasv9zwgfctkjq0ds65m7,https://gizmodo.com/willow-episode-6-cameo-jon-kasdan-1849941833,2023-01-01T20:45:39.849000+00:00,rss
"The Inspiring Sci-Fi, Fantasy, and Horror Luminaries We Lost in 2022",Cheryl Eddy,Gizmodo,https://read.readwise.io/read/01gnqhastr2frft7p80hxhjvwy,https://gizmodo.com/rip-inspiring-sci-fi-fantasy-horror-luminaries-2022-1849919352,2023-01-01T20:45:42.833000+00:00,rss
"James Wan on M3GAN's Future, and His Own Future with Blumhouse",Justin Carter,Gizmodo,https://read.readwise.io/read/01gnqhast86c2r932ne3bte2wb,https://gizmodo.com/james-wan-m3gan-blumhouse-1849942169,2023-01-01T20:45:45.816000+00:00,rss
Actual Play Alums Form New TTRPG Podcast Worlds Beyond Number,Justin Carter,Gizmodo,https://read.readwise.io/read/01gnqhasskxbsr570pmte3z9ek,https://gizmodo.com/worlds-beyond-number-ttrpg-podcast-1849942230,2023-01-01T20:45:48.796000+00:00,rss
I did Advent of Code on a Playstation,Hacker News,bvisness.me,https://read.readwise.io/read/01gnpx9e4q1gk3ka4pag94zy1z,https://bvisness.me/advent-of-dreams/,2023-01-01T14:54:05.576000+00:00,rss
"Xfinity Stream on Linux (A Tale of Widevine, ChromeOS, and a Patched Glibc)",Hacker News,TheBrokenRail,https://read.readwise.io/read/01gnpx9e475syjx9f1ckbt8qtp,https://thebrokenrail.com/2022/12/31/xfinity-stream-on-linux.html,2023-01-01T14:54:08.559000+00:00,rss
Worst Interview Questions for Software Developers,Hacker News,Fibery,https://read.readwise.io/read/01gnpx9e3qgyj41b2qqynrf10x,https://fibery.io/blog/worst-interview-questions-for-software-developers/,2023-01-01T14:54:11.543000+00:00,rss
Sex Workers Have Been Banned From Airbnb for Years. Will You Be Next?,Olivia Snow,The Nation,https://read.readwise.io/read/01gnpx9e35v23ce5qkfzwrxyb8,https://www.thenation.com/article/society/airbnb-banning-sex-workers/,2023-01-01T14:54:14.526000+00:00,rss
"Easy, alternative soft deletion: `deleted_record_insert`",Hacker News,brandur.org,https://read.readwise.io/read/01gnpx9e2nzkwf8pp0q0s3kdcj,https://brandur.org/fragments/deleted-record-insert,2023-01-01T14:54:17.509000+00:00,rss
Compromised PyTorch-nightly dependency chain between December 25th – December 30,Hacker News,pytorch.org,https://read.readwise.io/read/01gnpx9e22yzmw8b3r0jhvms1d,https://pytorch.org/blog/compromised-nightly-dependency/,2023-01-01T14:54:20.491000+00:00,rss
Your Coworkers Are Less Ambitious; Bosses Adjust to the New Order,Lindsay Ellis,WSJ,https://read.readwise.io/read/01gnpx9e1cga7jtc2a9scbq6z6,https://www.wsj.com/articles/your-coworkers-are-less-ambitious-bosses-adjust-to-the-new-order-11672441067,2023-01-01T14:54:23.468000+00:00,rss
“Scale” by Greg Egan,Hacker News,gregegan.net,https://read.readwise.io/read/01gnpx9e0v026c1p0f5vh327ft,https://www.gregegan.net/SCALE/SCALE.html,2023-01-01T14:54:26.452000+00:00,rss
Digital Logic Sim,Hacker News,itch.io,https://read.readwise.io/read/01gnpx9e0b9ez801m3sbj942gz,https://sebastian.itch.io/digital-logic-sim,2023-01-01T14:54:29.436000+00:00,rss
Women Are Overinvesting in Education for the Monetary Returns,Hacker News,American Journal of Education,https://read.readwise.io/read/01gnpx9dzt80hp1ekqfd317vqr,https://www.journals.uchicago.edu/doi/abs/10.1086/665536,2023-01-01T14:54:32.419000+00:00,rss
"Posters of the IPv4 and IPv6 internet as of Jan 1, 2023",Hacker News,vad.solutions,https://read.readwise.io/read/01gnpx9dza583d31f4x707kx33,https://vad.solutions/ipmap/,2023-01-01T14:54:35.402000+00:00,rss
Writing an Interpreter in Go,Hacker News,interpreterbook.com,https://read.readwise.io/read/01gnpx9dyr4bwmrze0ras0hjer,https://interpreterbook.com,2023-01-01T14:54:38.384000+00:00,rss
"Epstein's sex trafficking was aided by JPMorgan, US Virgin Islands lawsuit says",Hacker News,NPR.org,https://read.readwise.io/read/01gnpx9dy7cp854hf1kwwmbawq,https://www.npr.org/2022/12/30/1146221454/epstein-jpmorgan-virgin-islands-lawsuit,2023-01-01T14:54:41.368000+00:00,rss
"To Be Productive, Be Prepared",Hacker News,martinrue.com,https://read.readwise.io/read/01gnpx9dxnaavjyvn1n5wcbx93,https://martinrue.com/to-be-productive-be-prepared/,2023-01-01T14:54:44.349000+00:00,rss
Report on an Unidentified Space Station,Hacker News,uchicago.edu,https://read.readwise.io/read/01gnpx9dwt0w5qc3sjdzayvzdc,http://geosci.uchicago.edu/~kite/doc/roauss.htm,2023-01-01T14:54:47.323000+00:00,rss
Dirty USB-C Tricks: One Port for the Price of Two,Hacker News,Hackaday,https://read.readwise.io/read/01gnpx9dw93w4c8hmar2b9f6a4,https://hackaday.com/2022/12/31/dirty-usb-c-tricks-one-port-for-the-price-of-two/,2023-01-01T14:54:50.305000+00:00,rss
AI Voice Generator: Versatile Text to Speech Software – Murf AI,Hacker News,murf.ai,https://read.readwise.io/read/01gnpx9dvm3799rt914hamhpe2,https://murf.ai,2023-01-01T14:54:53.285000+00:00,rss
Magic Circle Generator,Hacker News,itch.io,https://read.readwise.io/read/01gnpx9dv3s8xarfxyvhsgavbf,https://game-dev-goose.itch.io/magic-circle-generator,2023-01-01T14:54:56.267000+00:00,rss
Competitive programming in Haskell: better binary search,Hacker News,blog :: Brent -> [String],https://read.readwise.io/read/01gnpx9dthncj3ey56cbk3vvxe,https://byorgey.wordpress.com/2023/01/01/competitive-programming-in-haskell-better-binary-search/,2023-01-01T14:54:59.250000+00:00,rss
Matrix Community Year in Review 2022,Hacker News,neko.dev,https://read.readwise.io/read/01gnpx9dt15hasjherxr38c3v6,https://blog.neko.dev/posts/matrix-year-in-review-2022.html,2023-01-01T14:55:02.233000+00:00,rss
Ask HN: What are the best open source TypeScript projects I can learn from?,Hacker News,ycombinator.com,https://read.readwise.io/read/01gnpx9dsepqpsab6n4nsgppw2,https://news.ycombinator.com/item?id=34205294,2023-01-01T14:55:05.214000+00:00,rss
GitHub - mortbopet/Ripes: A graphical processor simulator and assembly editor for the RISC-V ISA,https://github.com/mortbopet/,GitHub,https://read.readwise.io/read/01gnpx9drw1ppr31ncm0vtc1sd,https://github.com/mortbopet/Ripes,2023-01-01T14:55:08.197000+00:00,rss
"Java Is in Decline, and There's Data to Prove It",Hacker News,devmio - Software Know-How,https://read.readwise.io/read/01gnpx9dramzahxsxp00qqen1m,https://devm.io/java/java-decline-kotlin,2023-01-01T14:55:11.178000+00:00,rss
2023 HackerRank Developer Skills Report,Hacker News,HackerRank,https://read.readwise.io/read/01gnpx9dqbn9exczavq8wwjs26,https://www.hackerrank.com/research/developer-skills/2023,2023-01-01T14:55:14.147000+00:00,rss
The internet wants to be fragmented,Noah Smith,substack.com,https://read.readwise.io/read/01gnpx9dps27d6rs6sevpvq7qa,https://noahpinion.substack.com/p/the-internet-wants-to-be-fragmented,2023-01-01T14:55:17.129000+00:00,rss
Pop2Piano: Pop Audio-Based Piano Cover Generation,Hacker News,sweetcocoa.github.io,https://read.readwise.io/read/01gnpx9dp89qdb8j474xbttpcq,https://sweetcocoa.github.io/pop2piano_samples/,2023-01-01T14:55:20.113000+00:00,rss
The Fable of the Dragon-Tyrant,Hacker News,nickbostrom.com,https://read.readwise.io/read/01gnpx9dngphrj9tk4803mhah1,https://nickbostrom.com/fable/dragon,2023-01-01T14:55:23.089000+00:00,rss
Avoid These Mistakes When Running a Generator,Elizabeth Yuko,Lifehacker,https://read.readwise.io/read/01gnpx9dmsg52672tt0z8hncbs,https://lifehacker.com/avoid-these-mistakes-when-running-a-generator-1849940340,2023-01-01T14:55:32.065000+00:00,rss
Rant: Year of Linux on the Desktop (2022),Hacker News,liw.fi,https://read.readwise.io/read/01gnpx9dms9bahc7qjea4xcjsa,https://blog.liw.fi/posts/2022/goalposts/,2023-01-01T14:55:26.065000+00:00,rss
Ask HN: Concepts that clicked only years after you first encountered them?,Hacker News,ycombinator.com,https://read.readwise.io/read/01gnpx9dm5q79ms6t3b5tf0dyx,https://news.ycombinator.com/item?id=34206219,2023-01-01T14:55:29.046000+00:00,rss
We Call Him ‘Father’: The Privilege of Christian Prayer,Jon Bloom,Desiring God,https://read.readwise.io/read/01gnpx9dm0xamkmgj97mxghrc3,http://rss.desiringgod.org/link/10732/15877869/we-call-him-father,2023-01-01T14:55:32.041000+00:00,rss
Ask HN: How does a hobby programmer get hired?,Hacker News,ycombinator.com,https://read.readwise.io/read/01gnpx9dker3fszzfqhy5aaw1c,https://news.ycombinator.com/item?id=34206559,2023-01-01T14:55:32.023000+00:00,rss
Read the Bible with us this year,BibleProject,BibleProject,https://read.readwise.io/read/01gnpgqck220kjpqtgpnf852a4,mailto:reader-forwarded-email/ce6f717c473fe431057ea89481d3843f,2023-01-01T11:16:01.251000+00:00,email
Ancient Chinese text reveals earliest know record of a candidate aurora,Jennifer Ouellette,Ars Technica,https://read.readwise.io/read/01gnnbjneth9px85ksddvp71be,https://arstechnica.com/?p=1848676,2023-01-01T00:26:46.179000+00:00,rss
I Am Not a Supplier,Hacker News,Musings about software,https://read.readwise.io/read/01gnn9w5vr9944g6fe5sbxy3y9,https://www.softwaremaxims.com/blog/not-a-supplier,2022-12-31T23:57:00.737000+00:00,rss
The 5% Rule,Hacker News,jonpauluritis.com,https://read.readwise.io/read/01gnn6cyhb8f98m1k547bt9sxp,https://jonpauluritis.com/articles/5-percent-rule/,2022-12-31T22:54:48.988000+00:00,rss
I've mentioned before I'm a Lotus 1-2-3 history nerd,Tavis Ormandy,Twitter,https://read.readwise.io/read/01gnn6cygttsstw34qdf92s7ek,https://twitter.com/taviso/status/1609032924015493120,2022-12-31T22:54:51.971000+00:00,rss
"For Humpbacks, Bubbles Can Be Tools",Hacker News,Hakai Magazine,https://read.readwise.io/read/01gnn6cyg90v0nkgdaq70qqzeh,https://hakaimagazine.com/videos-visuals/for-humpbacks-bubbles-can-be-tools/,2022-12-31T22:54:54.953000+00:00,rss
GrapheneOS Lead on Linux (In)Security,Hacker News,reddit,https://read.readwise.io/read/01gnn6cyfr5ysmqhtjrksrd8gj,https://old.reddit.com/r/GrapheneOS/comments/bddq5u/os_security_ios_vs_grapheneos_vs_stock_android/,2022-12-31T22:54:57.937000+00:00,rss
Apple Shutting Down Popular Weather App 'Dark Sky' Tomorrow,Hacker News,MacRumors,https://read.readwise.io/read/01gnn6cyf8f4xhmcjp4f6dmedd,https://www.macrumors.com/2022/12/31/dark-sky-shuts-down-tomorrow/,2022-12-31T22:55:00.921000+00:00,rss
"Unearthed Near Stonehenge, This Toolkit Was Used for Goldwork 4k Years Ago",Hacker News,Smithsonian Magazine,https://read.readwise.io/read/01gnn6cyeqzzcwjn3mmfhm8rzh,https://www.smithsonianmag.com/smart-news/4000-year-old-toolkit-near-stonehenge-used-for-goldwork-during-the-bronze-age-180981359/,2022-12-31T22:55:03.904000+00:00,rss
Open source version of ChatGPT is coming,Hacker News,Metaroids,https://read.readwise.io/read/01gnn6cye7jta6q20v9ebfrwzb,https://metaroids.com/news/an-open-source-version-of-chatgpt-is-coming/,2022-12-31T22:55:06.888000+00:00,rss
‘Office Space’ movie gave Zulily engineer a blueprint for financial fraud,Hacker News,GeekWire,https://read.readwise.io/read/01gnn6cydprbze7ae5nhnrrd96,https://www.geekwire.com/2022/office-space-movie-plot-gave-zulily-engineer-a-blueprint-for-financial-fraud-prosecutors-allege/,2022-12-31T22:55:09.870000+00:00,rss
Our First Closeup Image of Mars Was a Paint-By-Numbers Pastel Drawing,kottke.org,kottke.org,https://read.readwise.io/read/01gnn6cyd6hm4z2rz6mmeprq4z,https://kottke.org/22/12/our-first-closeup-image-of-mars-was-a-paint-by-numbers-pastel-drawing,2022-12-31T22:55:12.854000+00:00,rss
First TV Image of Mars: Interplanetary color by numbers (2016),Hacker News,dan goods,https://read.readwise.io/read/01gnn6cycp7fs9b9z737n0fdhc,http://www.directedplay.com/first-tv-image-of-mars,2022-12-31T22:55:15.839000+00:00,rss
Gripes with RSS after one week,Hacker News,jez.io,https://read.readwise.io/read/01gnn6cyc669ch4ff12y1bgt9d,https://blog.jez.io/rss-after-one-week/,2022-12-31T22:55:18.822000+00:00,rss
"U.S. universities, rich in data, struggle to capture its value, study finds",Hacker News,UCLA,https://read.readwise.io/read/01gnn6cybmffw70c5czrhrenh4,https://newsroom.ucla.edu/releases/universities-struggle-to-leverage-data,2022-12-31T22:55:21.805000+00:00,rss
Filmora uses DCMA to attack YouTuber complaining about license changes,Hacker News,YouTube,https://read.readwise.io/read/01gnn6cyay43397fvwzyb8nzss,https://www.youtube.com/watch?v=OMIIwQZMFLE,2022-12-31T22:55:24.783000+00:00,rss
Ask HN: Would a tech recession vindicate calls for tech unionization?,Hacker News,ycombinator.com,https://read.readwise.io/read/01gnn6cyabthd7ne8ypa68kj61,https://news.ycombinator.com/item?id=34199176,2022-12-31T22:55:27.764000+00:00,rss
Mac OS Ventura Issues,Hacker News,Riccardo Mori,https://read.readwise.io/read/01gnn6cy9vfa30ks28434xdc95,https://morrick.me/archives/9696,2022-12-31T22:55:30.747000+00:00,rss
"8,760 Hours: How to get the most out of next year (2016)",Hacker News,alexvermeer.com,https://read.readwise.io/read/01gnn6cy9azdycaejgabche152,https://alexvermeer.com/8760hours/,2022-12-31T22:55:33.731000+00:00,rss
"Powering the lunar base, version 2",Hacker News,Casey Handmer's blog,https://read.readwise.io/read/01gnn6cy8txeer2e5f8vph9yg2,https://caseyhandmer.wordpress.com/2022/07/03/powering-the-lunar-base-version-2/,2022-12-31T22:55:36.714000+00:00,rss
"Croatia to switch to euro, enter passport-free Schengen zone",Hacker News,Al Jazeera,https://read.readwise.io/read/01gnn6cy89bbf9cxx1ef8sbbhr,https://www.aljazeera.com/news/2022/12/31/croatia-to-switch-to-euro-enter-passport-free-schengen-zone,2022-12-31T22:55:39.698000+00:00,rss
cal 9 1752,Hacker News,susam.net,https://read.readwise.io/read/01gnn6cy7tsacs43na2y5d6qmw,https://susam.net/blog/cal-9-1752.html,2022-12-31T22:55:42.682000+00:00,rss
Brute Force Colors,Hacker News,Leonard's Blog,https://read.readwise.io/read/01gnn6cy79dbwsvzvgav7dnn3c,https://arnaud-carre.github.io/2022-12-30-amiga-ham/,2022-12-31T22:55:45.666000+00:00,rss
Lawfare Podcast: Content Moderation and the First Amendment for Dummies (2021),Hacker News,acast.com,https://read.readwise.io/read/01gnn6cy6se5qcv7135f8zx622,https://shows.acast.com/lawfare/episodes/lawfare-archive-content-moderation-and-the-first-amendment-f,2022-12-31T22:55:48.650000+00:00,rss
Episteme and Techne,Hacker News,Stanford Report,https://read.readwise.io/read/01gnn6cy68w842dda0f419b4za,https://plato.stanford.edu/entries/episteme-techne/,2022-12-31T22:55:51.633000+00:00,rss
New industries come from crazy people (2021),Hacker News,Palladium Magazine,https://read.readwise.io/read/01gnn6cy5m7s4rthn6d6tpf2cz,https://www.palladiummag.com/2021/02/02/new-industries-come-from-crazy-people/,2022-12-31T22:55:54.612000+00:00,rss
Benedict XVI in Memoriam,Hacker News,LA CIVILTÀ CATTOLICA,https://read.readwise.io/read/01gnn6cy51sav527wpdby4rs25,https://www.laciviltacattolica.com/benedict-xvi-in-memoriam/,2022-12-31T22:55:57.593000+00:00,rss
Branch prediction,danluu.com,danluu.com,https://read.readwise.io/read/01gnn6cy4g2wm2tbn6cdp5hgkn,https://danluu.com/branch-prediction/,2022-12-31T22:56:00.577000+00:00,rss
Large-Scale Vehicle Classification,Hacker News,aqnichol.com,https://read.readwise.io/read/01gnn6cy40q2qcmdd32v595ypa,https://blog.aqnichol.com/2022/12/31/large-scale-vehicle-classification/,2022-12-31T22:56:03.560000+00:00,rss
Regex Crossword,Hacker News,Regex Crossword,https://read.readwise.io/read/01gnn6cy3f227hskz376vsc7a4,https://regexcrossword.com/,2022-12-31T22:56:06.544000+00:00,rss
Seven Stowaways and a Hijacked Oil Tanker,Hacker News,the Guardian,https://read.readwise.io/read/01gnn6cy2zrzqx2jsm7dysq6q6,https://www.theguardian.com/world/2022/jun/09/stowaways-oil-tanker-isle-of-wight-hijacking-strange-case-nave-andromeda,2022-12-31T22:56:09.527000+00:00,rss
'Koselig' Isn't the Same as 'Hygge',Elizabeth Yuko,The Inventory,https://read.readwise.io/read/01gnn6cy2vzh2fmgpk2fcxr731,https://lifehacker.com/koselig-isnt-the-same-as-hygge-1849940133,2022-12-31T22:56:15.523000+00:00,rss
Worker Tools: Tools for Writing HTTP Servers in Worker Runtimes,Hacker News,Worker Tools,https://read.readwise.io/read/01gnn6cy2eabzydbvejat1knfp,https://workers.tools/,2022-12-31T22:56:12.510000+00:00,rss
Tell HN: Happy New Year,Hacker News,ycombinator.com,https://read.readwise.io/read/01gnn6cy1tyrz50aq2wns9x9tn,https://news.ycombinator.com/item?id=34201366,2022-12-31T22:56:15.491000+00:00,rss
2022 Was a Year of Franchise Falloff,Justin Carter,Gizmodo,https://read.readwise.io/read/01gnn6cxzz1mdw915wgdf2cr2a,https://gizmodo.com/2022-was-a-year-of-franchise-falloff-dc-warner-bros-1849940093,2022-12-31T22:56:09.432000+00:00,rss
James Corden Almost Played Sam Gamgee in Lord of the Rings,Justin Carter,Gizmodo,https://read.readwise.io/read/01gnn6cxzhpqa2vqxnc5hvsqpc,https://gizmodo.com/james-corden-lord-of-the-rings-samwise-gamgee-1849941387,2022-12-31T22:56:12.417000+00:00,rss
Netflix Makes Pinocchio's Art Book and Screenplay Free for All,Justin Carter,Gizmodo,https://read.readwise.io/read/01gnn6cxz08n6xqg0k2m9c8wa5,https://gizmodo.com/pinocchio-netflix-art-book-screenplay-1849941461,2022-12-31T22:56:15.401000+00:00,rss
"OpenLP 3.0 ""Steadfast Simeon"" Released",OpenLP,openlp.org,https://read.readwise.io/read/01gnmhn5ww0ejsa3f54y9d6ntk,https://openlp.org/blog/2022/12/31/openlp-30-steadfast-simeon-released.html,2022-12-31T16:53:45.573000+00:00,rss
"Facebook, Google stocked with ex-CIA-agents, Twitter heavy on ex-FBI",Hacker News,BizPac Review,https://read.readwise.io/read/01gnmhn5tf42eherrzdj68gzdx,https://www.bizpacreview.com/2022/12/23/facebook-google-stocked-with-ex-cia-agents-twitter-heavy-on-ex-fbi-report-shows-1319248/,2022-12-31T16:53:45.495000+00:00,rss
Year in Review: Staff Picks,Sabina Graves,Gizmodo,https://read.readwise.io/read/01gnmhn5qxacts1h4222vxwkx9,https://gizmodo.com/year-in-review-io9-staff-picks-1849932001,2022-12-31T16:53:45.413000+00:00,rss
Where 2022’s news was (mostly) good: The year’s top science stories,John Timmer,Ars Technica,https://read.readwise.io/read/01gnmg6946wmvtbc0ctw9bf074,https://arstechnica.com/?p=1906983,2022-12-31T16:28:08.782000+00:00,rss
"God’s Righteous Judgment on Christians Now: 2 Thessalonians 1:5–8, Part 1",John Piper,Desiring God,https://read.readwise.io/read/01gnmg692nbrfc97a22s74ezxk,http://rss.desiringgod.org/link/10732/15875408/gods-righteous-judgment-on-christians-now,2022-12-31T16:28:05.733000+00:00,rss
The Easiest Way to Clean Cooking Grease,Elizabeth Yuko,Lifehacker,https://read.readwise.io/read/01gnmg692af5qd728xhk2hsdpj,https://lifehacker.com/the-easiest-way-to-clean-cooking-grease-1849940135,2022-12-31T16:28:08.723000+00:00,rss
The Pleasure of God in Ordinary Work,Marshall Segal,Desiring God,https://read.readwise.io/read/01gnmg691qp0qrfwzbzws2fxs8,http://rss.desiringgod.org/link/10732/15875407/the-pleasure-of-god-in-ordinary-work,2022-12-31T16:28:08.703000+00:00,rss
Draw SVG rope using JavaScript,Hacker News,Muffin Man,https://read.readwise.io/read/01gnmg6917jekswhwjeax8sw46,https://muffinman.io/blog/draw-svg-rope-using-javascript/,2022-12-31T16:28:08.688000+00:00,rss
Southwest Airlines' Christmas Meltdown Shows How Corporations Deliberately Pit Consumers Against Low-Wage Workers,Adam Johnson,columnblog.com,https://read.readwise.io/read/01gnmec9a7t60c7gfmdyn174ax,https://thecolumn.substack.com/p/southwest-airlines-christmas-meltdown,2022-12-31T15:54:31.432000+00:00,rss
Wage Inequality May Be Starting to Reverse,Greg Ip,WSJ,https://read.readwise.io/read/01gnmec99khezqcbymyw2akt6w,https://www.wsj.com/articles/wage-inequality-may-be-starting-to-reverse-11672339062,2022-12-31T15:54:34.412000+00:00,rss
This Year I Will Write More,Hacker News,candrewlee14.github.io,https://read.readwise.io/read/01gnmec98y9z464xf2etxq4kzd,https://candrewlee14.github.io/blog/i-will-write-more/,2022-12-31T15:54:37.390000+00:00,rss
Decentralized storage company Storj removed their warrant canary,Hacker News,storj.io,https://read.readwise.io/read/01gnmec98cqwq0743wgstfr2q5,https://www.storj.io/canary.txt,2022-12-31T15:54:40.372000+00:00,rss
Seattle tech worker charged for theft inspired by the movie 'Office Space',Hacker News,KOMO,https://read.readwise.io/read/01gnmec97sdss00119zc8567cw,https://komonews.com/news/local/seattle-tech-worker-charged-for-theft-inspired-by-the-movie-office-space,2022-12-31T15:54:43.354000+00:00,rss
Ask HN: What is your new year's resolution?,Hacker News,ycombinator.com,https://read.readwise.io/read/01gnmec9753r22s509vvrwx4nm,https://news.ycombinator.com/item?id=34192647,2022-12-31T15:54:46.333000+00:00,rss
FTX/SBF: Alameda wallets funnel over 1.7M via crypto mixers overnight,Hacker News,Cointelegraph,https://read.readwise.io/read/01gnmec96kwkfcdk2zaj1mkv3x,https://cointelegraph.com/news/alameda-wallets-funnel-over-1-7m-via-crypto-mixers-overnight,2022-12-31T15:54:49.315000+00:00,rss
Louis Rossmann discusses NY's butchering of right to repair,Hacker News,YouTube,https://read.readwise.io/read/01gnmec95t1crjbvsk4a47xfxn,https://www.youtube.com/watch?v=k9kXnm9uW5k,2022-12-31T15:54:52.291000+00:00,rss
GitHub - guzba/mummy: An HTTP and WebSocket server for Nim that returns to the ancient ways of threads.,https://github.com/guzba/,GitHub,https://read.readwise.io/read/01gnmec958n0kah5b8yq5nn1xs,https://github.com/guzba/mummy,2022-12-31T15:54:55.272000+00:00,rss
Tell HN: Google Cloud lets anyone add you to a project without your permission,Hacker News,ycombinator.com,https://read.readwise.io/read/01gnmec94j29hwm8rg0dp9p0n9,https://news.ycombinator.com/item?id=34193047,2022-12-31T15:54:58.251000+00:00,rss
Lila: A Unified Benchmark for Mathematical Reasoning,Swaroop Mishra,arXiv.org,https://read.readwise.io/read/01gnmec940y850tetxk70xk7fb,https://arxiv.org/abs/2210.17517,2022-12-31T15:55:01.233000+00:00,rss
Whatever happened to SHA-256 support in Git,Hacker News,LWN,https://read.readwise.io/read/01gnmec93dvd2srw98zfg5ardx,https://lwn.net/Articles/898522/,2022-12-31T15:55:04.214000+00:00,rss
Belt and suspenders: Alpine lake bacteria deploy two light-harvesting systems,Hacker News,PhysOrg.com,https://read.readwise.io/read/01gnmec92ttt6astsnkk90tfcs,https://phys.org/news/2022-12-belt-alpine-lake-bacteria-deploy.html,2022-12-31T15:55:07.195000+00:00,rss
"Alameda County admits tallying error in ranked-choice voting, flips one result and raises big questions",Jill Tucker,San Francisco Chronicle,https://read.readwise.io/read/01gnmec92860tb7a2qgwqak8r0,https://www.sfchronicle.com/bayarea/article/Alameda-County-admits-tallying-error-in-17682520.php,2022-12-31T15:55:10.176000+00:00,rss
Zeiss 20x60s Review,Hacker News,scopeviews.co.uk,https://read.readwise.io/read/01gnmec91n9xjpkveq2zjkwfkn,http://scopeviews.co.uk/Zeiss20x60.htm,2022-12-31T15:55:13.157000+00:00,rss
I Lived the #VanLife. It Wasn’t Pretty. - The New York Times,Caity Weaver,New York Times,https://read.readwise.io/read/01gnmec90hpz7ymrwxz3jm3zvz,https://www.nytimes.com/2022/04/20/magazine/van-life-dwelling.html,2022-12-31T15:55:16.121000+00:00,rss
Why “OpenBSD Mastery: Filesystems” Is Not in Amazon’s Kindle Store,Hacker News,mwl.io,https://read.readwise.io/read/01gnmec8zy7t89ed511d8wre0x,https://mwl.io/archives/22466,2022-12-31T15:55:19.103000+00:00,rss
Why does my SSH private key still work after changing some bytes? (2016),Hacker News,Cryptography Stack Exchange,https://read.readwise.io/read/01gnmec8zb22jc2j1dkvk5jc5b,https://crypto.stackexchange.com/questions/31807/why-does-my-ssh-private-key-still-work-after-changing-some-bytes-in-the-file,2022-12-31T15:55:22.084000+00:00,rss
Blob Opera (2020),Hacker News,Google Arts & Culture,https://read.readwise.io/read/01gnmec8ynt39eyr6fwt0463b6,https://artsandculture.google.com/experiment/blob-opera/AAHWrq360NcGbw?hl=en,2022-12-31T15:55:25.062000+00:00,rss
"Tell HN: Freenom (the operator of .tk, .ml, .ga, .cf, .gq TLDs) is falling apart",Hacker News,ycombinator.com,https://read.readwise.io/read/01gnmec8xz8pqv7hvk1m9gm706,https://news.ycombinator.com/item?id=34194555,2022-12-31T15:55:28.040000+00:00,rss
Surviving disillusionment,Slava Akhmechet,spakhm.com,https://read.readwise.io/read/01gnmec8xajqt3nwkc7w1bdvd8,https://www.spakhm.com/p/surviving-disillusionment,2022-12-31T15:55:31.018000+00:00,rss
GitHub - ianthehenry/sd: a cozy nest for your scripts,https://github.com/ianthehenry/,GitHub,https://read.readwise.io/read/01gnmec8wq99k8y53aqczwm4bf,https://github.com/ianthehenry/sd,2022-12-31T15:55:34+00:00,rss
VanillaOS: Immutable Ubuntu-Based Linux,Hacker News,vanillaos.org,https://read.readwise.io/read/01gnmec8w48b730pbtzdew7a0d,https://vanillaos.org/,2022-12-31T15:55:36.981000+00:00,rss
"A taste of pavex, an upcoming Rust web framework",Hacker News,lpalmieri.com,https://read.readwise.io/read/01gnmec8vg3gykp86xzz6txpye,https://www.lpalmieri.com/posts/a-taste-of-pavex-rust-web-framework/,2022-12-31T15:55:39.961000+00:00,rss
JPMorgan is about to spend $1 billion on hundreds of rental homes across the US on the way to becoming a megalandlord,Robert Davis,Business Insider,https://read.readwise.io/read/01gnmec8ty5xfj8qcw67n91rkt,https://www.businessinsider.com/jp-morgan-to-acquire-1-billion-of-single-family-rentals-2022-11,2022-12-31T15:55:42.942000+00:00,rss
New study shows rude behavior is on the rise,Hacker News,FOX 5 DC,https://read.readwise.io/read/01gnmec8tbftybf22v8wafya2t,https://www.fox5dc.com/video/1158030,2022-12-31T15:55:45.924000+00:00,rss
Deceiving Windows Defender: The Big Stack Bypass,Hacker News,gitbook.io,https://read.readwise.io/read/01gnmec8sq3w0j4hpwt6g8hrjt,https://steve-s.gitbook.io/0xtriboulet/deceiving-defender/deceiving-defender-the-big-stack-bypass,2022-12-31T15:55:48.903000+00:00,rss
Dinner for One: The Little-Known British Comedy Famous in Germany,Hacker News,History Hit,https://read.readwise.io/read/01gnmec8s4jqbkg1pxbdmrw9ez,https://www.historyhit.com/culture/dinner-for-one/,2022-12-31T15:55:51.885000+00:00,rss
LineageOS 20,Hacker News,lineageos.org,https://read.readwise.io/read/01gnmec8rjctgjjrh3e8vvqcpk,https://lineageos.org/Changelog-27/,2022-12-31T15:55:54.867000+00:00,rss
Ask HN: What are your predictions for the world in 2023?,Hacker News,ycombinator.com,https://read.readwise.io/read/01gnmec8qxc9gwzp6nvqt5669a,https://news.ycombinator.com/item?id=34196161,2022-12-31T15:55:57.846000+00:00,rss
Should Small Rust Structs be Passed by-copy or by-borrow?,Hacker News,forrestthewoods.com,https://read.readwise.io/read/01gnmec8qart67bj39bw3dw3j0,https://www.forrestthewoods.com/blog/should-small-rust-structs-be-passed-by-copy-or-by-borrow/,2022-12-31T15:56:00.827000+00:00,rss
A once respected biology journal indicts evolutionary biology for ableism,Hacker News,Why Evolution Is True,https://read.readwise.io/read/01gnmec8pnjfa4ezvdwsdzex8r,https://whyevolutionistrue.com/2022/12/29/a-once-respected-biology-journal-indicts-evolutionary-biology-for-ableism/,2022-12-31T15:56:03.805000+00:00,rss
"Show HN: Pole Clock, a single 24h clock with multiple timezones",Hacker News,poleclock.com,https://read.readwise.io/read/01gnmec8p3yt7p6m3k9g7mpadd,https://poleclock.com,2022-12-31T15:56:06.788000+00:00,rss
GitHub - zakird/crux-top-lists: Downloadable snapshots of the Chrome Top Million Websites pulled from public CrUX data in Google BigQuery.,https://github.com/zakird/,GitHub,https://read.readwise.io/read/01gnmec8nhr4arnxdxg27701rb,https://github.com/zakird/crux-top-lists,2022-12-31T15:56:09.770000+00:00,rss
"This project was approved 14 years ago, and it's still...",Noah Smith 🐇🇺🇦,Twitter,https://read.readwise.io/read/01gnmec8mymf015r475kbmjhpn,https://twitter.com/noahpinion/status/1608641613315858433,2022-12-31T15:56:12.750000+00:00,rss
We've detected unusual activity from your computer network,Bloomberg,Bloomberg.com,https://read.readwise.io/read/01gnmec8kxtmerk7aq4z0bfmvt,https://www.bloomberg.com/features/2022-the-crypto-story-FTX-collapse-matt-levine/,2022-12-31T15:56:15.717000+00:00,rss
A Penthouse in New York City's Central Park Tower for $250M,Hacker News,,https://read.readwise.io/read/01gnmec8k89m7mt7tp90pvt0ve,https://www.businessinsider.com/thelife/news/take-a-look-inside-the-most-expensive-home-in-the-country-a-penthouse-in-new-york-cityaposs-central-park-tower-that-just-listed-for-250-million/slidelist/94439493.cms,2022-12-31T15:56:18.697000+00:00,rss
South Korea's middle aged men are dying 'lonely deaths',Hacker News,CNN Money,https://read.readwise.io/read/01gnmec8jnfd69q25dv0ayh4s6,https://lite.cnn.com/en/article/h_80a652c828dba44d567472356998ce21,2022-12-31T15:56:21.677000+00:00,rss
Don't Wait to Return Your Unwanted Holiday Gifts,Elizabeth Yuko,Lifehacker,https://read.readwise.io/read/01gnmec8jch5h4y6y9zdh0ccr9,https://lifehacker.com/dont-wait-to-return-your-unwanted-holiday-gifts-1849940138,2022-12-31T15:56:27.669000+00:00,rss
2022: A Retrospective,Hacker News,Godot Engine,https://read.readwise.io/read/01gnmec8j3dybmnahgm2fghxr9,https://godotengine.org/article/2022-retrospective,2022-12-31T15:56:24.659000+00:00,rss
Complementary foundations for mathematics: when do we choose? [pdf],Hacker News,sandiego.edu,https://read.readwise.io/read/01gnmec8hgqwmzfd44wt3ya3jp,https://home.sandiego.edu/~shulman/papers/jmm2022-complementary.pdf,2022-12-31T15:56:27.640000+00:00,rss
The Viral Eco-Trolls of 2022,Angely Mercado,Gizmodo,https://read.readwise.io/read/01gnmec8f0kn7qry85n9fp3cec,https://gizmodo.com/climate-protests-2022-eco-trolls-soup-van-gogh-1849921388,2022-12-31T15:56:24.560000+00:00,rss
Inferno Girl Red Closes Out 2022 With a Red Hot Trailer,Justin Carter,Gizmodo,https://read.readwise.io/read/01gnmec8e6ac0b80ejeq4apg2j,https://gizmodo.com/inferno-girl-red-image-comics-comic-trailer-1849940913,2022-12-31T15:56:27.534000+00:00,rss
Show HN: I made a HN clone that filters out AI/Chat GPT/DALL-E content,Hacker News,,https://read.readwise.io/read/01gnjr26m94k99m43698tvk2y5,https://g105b.github.io/hacker-news-with-ai-filtered/,2022-12-31T00:07:14.897000+00:00,rss
Busting a myth: Saturn V rocket wasn’t loud enough to melt concrete,Jennifer Ouellette,Ars Technica,https://read.readwise.io/read/01gnjq5313zq05m82n0svz2h0q,https://arstechnica.com/?p=1907031,2022-12-30T23:51:20.940000+00:00,rss
GitHub - WinVector/data_algebra: Codd method-chained SQL generator and Pandas data processing in Python.,https://github.com/WinVector/,GitHub,https://read.readwise.io/read/01gnjpts332hkttnskwzmznkxt,https://github.com/WinVector/data_algebra,2022-12-30T23:45:28.083000+00:00,rss
The Blind Spot,Julia Doubleday,substack.com,https://read.readwise.io/read/01gnjpts2et44mk04xr9daes5e,https://thegauntlet.substack.com/p/the-blind-spot,2022-12-30T23:45:31.062000+00:00,rss
The Moratorium on US Medical School Enrollment from 1980 to 2005 (2008),Hacker News,The American Journal of Medicine,https://read.readwise.io/read/01gnjpts1vezzqseyyv4qr6yyj,https://www.amjmed.com/article/S0002-9343(07)01095-9/fulltext,2022-12-30T23:45:34.044000+00:00,rss
Edward Snowden invited to promote a Ponzi Scheme and exposes founder instead,Hacker News,YouTube,https://read.readwise.io/read/01gnjpts12tcgfxktan4sbww0p,https://www.youtube.com/watch?v=Hv3UC4lz3oQ,2022-12-30T23:45:37.018000+00:00,rss
"Fetish Tabooness vs Popularity - by Aella - Knowingless
Fetish Tabooness vs Popularity",Aella,substack.com,https://read.readwise.io/read/01gnjpts0dzpyw1vbpc1y8stgy,https://aella.substack.com/p/fetish-tabooness-vs-popularity,2022-12-30T23:45:39.997000+00:00,rss
GitHub - punnerud/rgcosm: Reverse Geocode for OpenStreetmap,https://github.com/punnerud/,GitHub,https://read.readwise.io/read/01gnjptrzqg2a05p45m3dz854x,https://github.com/punnerud/rgcosm,2022-12-30T23:45:42.975000+00:00,rss
New Year's Eve Party,xkcd,xkcd,https://read.readwise.io/read/01gnjfepbas6ehtf97xnrv24jd,https://xkcd.com/2718/,2022-12-30T21:36:47.026000+00:00,rss
The Power and Peril of the ICU,The Baffler,The Baffler,https://read.readwise.io/read/01gnjee0zbhm7a35gpsjcm7dh1,https://thebaffler.com/salvos/the-power-and-peril-of-the-icu-gaffney,2022-12-30T21:18:59.564000+00:00,article
Stripe is holding over $400k of mine with no explanation,Hacker News,ycombinator.com,https://read.readwise.io/read/01gnjdpbj22cj0j7cwpy2h5dq5,https://news.ycombinator.com/item?id=34189717,2022-12-30T21:06:00.970000+00:00,rss
A Chatty Rock Meets a Reckless Soldier in This Gory and Delightful Fantasy Short,Cheryl Eddy,Gizmodo,https://read.readwise.io/read/01gnjdpbfcged13t63acpgc581,https://gizmodo.com/fantasy-short-film-rock-of-ages-talking-rock-iceland-1849934395,2022-12-30T21:06:00.884000+00:00,rss
"Why I'm still using Python - by Eric Matthes
Why I'm still using Python",Eric Matthes,substack.com,https://read.readwise.io/read/01gnjc3f7dbyqz66h77xvrt1zr,https://mostlypython.substack.com/p/why-im-still-using-python,2022-12-30T20:36:49.557000+00:00,rss
6 tech executives who raise their kids tech-free or seriously limit their screen time,Quispe López,Business Insider,https://read.readwise.io/read/01gnjc3f6twpehmkn4bbartpk0,https://www.businessinsider.com/tech-execs-screen-time-children-bill-gates-steve-jobs-2019-9,2022-12-30T20:36:52.538000+00:00,rss
"Tesla confirms 285,000 people bought Full Self-Driving",Hacker News,Electrek,https://read.readwise.io/read/01gnjc3f65n9yqk3d67ysav2kw,https://electrek.co/2022/12/29/tesla-people-bought-full-self-driving-north-america/,2022-12-30T20:36:55.518000+00:00,rss
Running fast and slow: experiments with BPF programs' performance,Hacker News,erthalion.info,https://read.readwise.io/read/01gnjc3f59p14gtncc85x0ahj9,https://erthalion.info/2022/12/30/bpf-performance/,2022-12-30T20:36:58.490000+00:00,rss
Summary: “No: The Only Negotiating System You Need for Work and Home” – Jim Camp,Hacker News,Chester Grant,https://read.readwise.io/read/01gnjc3f4n93h4pa2q20d3y0eb,https://www.chestergrant.com/summary-no-the-only-negotiating-system-you-need-for-work-and-home-by-jim-camp,2022-12-30T20:37:01.469000+00:00,rss
Tamagui 1.0 – Cross-platform React apps in ½ the time with 2x performance,Hacker News,tamagui.dev,https://read.readwise.io/read/01gnjc3f40zkmscmx5dwv873r8,https://tamagui.dev/blog/version-one,2022-12-30T20:37:04.449000+00:00,rss
NuttX RTOS for PinePhone: Framebuffer,Hacker News,lupyuen.github.io,https://read.readwise.io/read/01gnjc3f376gg8kpe491cmzgjr,https://lupyuen.github.io/articles/fb?1,2022-12-30T20:37:07.423000+00:00,rss
How we got grifted by a multi-billion dollar grocery distributor,Hacker News,Modest Coffee,https://read.readwise.io/read/01gnjc3f2jvpqsb4g0km4k6eby,https://www.modest.coffee/2022/12/how-we-got-grifted/,2022-12-30T20:37:10.403000+00:00,rss
How I became a Software Engineer After 5 Years in Data Science,Zachary Thomas,Medium,https://read.readwise.io/read/01gnjc3f1yc8165ms7n04rc6w6,https://zachary-thomas.medium.com/how-i-became-a-software-engineer-after-5-years-in-data-science-e0c56b872257,2022-12-30T20:37:13.382000+00:00,rss
Show HN: I built a possible alternative to social media RSS,Hacker News,fetcher.page,https://read.readwise.io/read/01gnjc3f17c0kqt2qdkzgvkj4s,https://www.fetcher.page/,2022-12-30T20:37:16.359000+00:00,rss
"Their Flights Canceled, Southwest Travelers Were Threatened With Arrest - The New York Times",Michael Levenson,New York Times,https://read.readwise.io/read/01gnjc3f0j3mzrn8mjavy7w5sw,https://www.nytimes.com/2022/12/29/us/southwest-traveler-records-airport-police-nashville.html,2022-12-30T20:37:19.338000+00:00,rss
Ask HN: Is there an easier way to add “send mail as” addresses to Gmail?,Hacker News,ycombinator.com,https://read.readwise.io/read/01gnjc3eztesgtfc160vp8axgw,https://news.ycombinator.com/item?id=34187321,2022-12-30T20:37:22.314000+00:00,rss
OpenAI: Price of corn today. Use 6 sources. Include bytes sent to each source,Hacker News,ycombinator.com,https://read.readwise.io/read/01gnjc3ez37h9m95kzx79bj2kd,https://news.ycombinator.com/item?id=34187341,2022-12-30T20:37:25.292000+00:00,rss
"Romanian Cops Did Not Find Andrew Tate Because Of His Greta Thunberg Video
Romanian Cops Did Not Find Andrew Tate Because Of His Greta Thunberg Video",Ben Dreyfuss,calmdownben.com,https://read.readwise.io/read/01gnjc3ey8wyrwfpbkh4nphv3d,https://www.calmdownben.com/p/romanian-cops-did-not-find-andrew,2022-12-30T20:37:28.265000+00:00,rss
"It's a Festivus Debunking! - by Adrian Daub
It's a Festivus Debunking!",Adrian Daub,substack.com,https://read.readwise.io/read/01gnjc3exk8kxwmsy2cjtgr277,https://adriandaub.substack.com/p/its-a-festivus-debunking,2022-12-30T20:37:31.244000+00:00,rss
Is Hate Speech Legal?,Hacker News,The Foundation for Individual Rights and Expression,https://read.readwise.io/read/01gnjc3ewy36j1dv3vxdxsjrm1,https://www.thefire.org/research-learn/hate-speech-legal,2022-12-30T20:37:34.223000+00:00,rss
"FTX founder Sam Bankman-Fried allegedly cashes out US$684,000 on-chain data show",Hacker News,Yahoo! News,https://read.readwise.io/read/01gnjc3ew9g46v0h4gy51a4tva,https://finance.yahoo.com/news/ftx-founder-sam-bankman-fried-152121479.html,2022-12-30T20:37:37.202000+00:00,rss
2022 Letter,Hacker News,zhengdongwang.com,https://read.readwise.io/read/01gnjc3evj61hh01e8nj38m3mb,https://zhengdongwang.com/2022/12/28/2022-letter.html,2022-12-30T20:37:40.178000+00:00,rss
The button on Canon’s image-stabilized binoculars unlocked superhuman sight,Hacker News,The Verge,https://read.readwise.io/read/01gnjc3etwk5mvqgfdk8tatfve,https://www.theverge.com/23523047/canon-image-stabilized-binoculars-button-of-the-month,2022-12-30T20:37:43.156000+00:00,rss
PostgreSQL and Software Development,Hacker News,The World of Data,https://read.readwise.io/read/01gnjc3et6eqg9p2p41ar0bvf3,https://hdombrovskaya.wordpress.com/2022/12/29/pgsql-phriday-004-postgresql-and-software-development/,2022-12-30T20:37:46.134000+00:00,rss
Transformer Stockpiles–and Grids–Come Under Threat,Hacker News,IEEE Spectrum,https://read.readwise.io/read/01gnjc3esg05wba3eq4xqbkpsk,https://spectrum.ieee.org/transformer-stockpiles,2022-12-30T20:37:49.112000+00:00,rss
Phoenix 1.7 is View-less,Hacker News,germanvelasco.com,https://read.readwise.io/read/01gnjc3ersv1mt0b3sbjt2ccx0,https://www.germanvelasco.com/blog/phoenix-1-7-is-view-less,2022-12-30T20:37:52.089000+00:00,rss
Lies we tell ourselves to keep using Golang,Hacker News,fasterthanli.me,https://read.readwise.io/read/01gnjc3er0f2345xz21arre1y8,https://fasterthanli.me/articles/lies-we-tell-ourselves-to-keep-using-golang#the-author-is-a-platypus,2022-12-30T20:37:55.065000+00:00,rss
"9 Forecasts for The Near Future, With Implications",Scott Belsky,implications.com,https://read.readwise.io/read/01gnjc3eqbvy5pm60ztyebnm5b,https://scottbelsky.substack.com/p/edition1,2022-12-30T20:37:58.043000+00:00,rss
Show HN: RSS Brain,Hacker News,rssbrain.com,https://read.readwise.io/read/01gnjc3epmy3cxye63xfaq9cte,https://www.rssbrain.com/,2022-12-30T20:38:01.021000+00:00,rss
What are those dents in I-90 outside Seattle?,Hacker News,Straight Dope Message Board,https://read.readwise.io/read/01gnjc3enksxpk6vxz2wa7xx3z,https://boards.straightdope.com/t/what-are-those-dents-in-i-90-outside-seattle/422061?page=2,2022-12-30T20:38:03.988000+00:00,rss
What are those dents in I-90 outside Seattle?,Hacker News,Straight Dope Message Board,https://read.readwise.io/read/01gnjc3emdaxea60r43hqeydpn,https://boards.straightdope.com/t/what-are-those-dents-in-i-90-outside-seattle/422061/30,2022-12-30T20:38:06.950000+00:00,rss
You Should Get In on Wesson's $3 Million False Advertising Settlement,Elizabeth Yuko,Lifehacker,https://read.readwise.io/read/01gnjc3em00zyg4w1nfz5v96am,https://lifehacker.com/you-should-get-in-on-wessons-3-million-false-advertisi-1849939170,2022-12-30T20:38:12.937000+00:00,rss
GitHub and the Ekoparty 2022 Capture the Flag,Logan MacLaren,The GitHub Blog,https://read.readwise.io/read/01gnjc3ekxzwa45zywsjknehqm,https://github.blog/2022-12-30-github-and-the-ekoparty-2022-capture-the-flag/,2022-12-30T20:38:12.933000+00:00,rss
GitHub - divyenduz/backup-scheduler: launchd based backup scheduler,https://github.com/divyenduz/,GitHub,https://read.readwise.io/read/01gnjc3ekr69br9racgmfyrfax,https://github.com/divyenduz/backup-scheduler,2022-12-30T20:38:09.929000+00:00,rss
quokka/blog/why.md at master · marsupialtail/quokka · GitHub,https://github.com/marsupialtail/,GitHub,https://read.readwise.io/read/01gnjc3ek2yfygx7q6x8qwnmmp,https://github.com/marsupialtail/quokka/blob/master/blog/why.md,2022-12-30T20:38:12.907000+00:00,rss
The Biggest Michelle Yeoh-Ments of 2022 (and Beyond),"Linda Codega, Cheryl Eddy, Sabina Graves, James Whitbrook,  and Justin Carter",Gizmodo,https://read.readwise.io/read/01gnjc3ehpdwpmrek1hb5qkqve,https://gizmodo.com/michelle-yeoh-best-moments-2022-everything-everywhere-1849930971,2022-12-30T20:38:06.863000+00:00,rss
"Happy New Year, and Happy New January Sci-Fi, Horror, and Fantasy Books",Cheryl Eddy,Gizmodo,https://read.readwise.io/read/01gnjc3eh3spazvfkpg8pcqckt,https://gizmodo.com/41-new-sci-fi-fantasy-horror-books-releasing-in-january-1849837021,2022-12-30T20:38:09.843000+00:00,rss
James Cameron Is Just Fine With Only Making Avatar Movies Going Forward,Cheryl Eddy,Gizmodo,https://read.readwise.io/read/01gnjc3egcdmgz7aksc5j9r2dz,https://gizmodo.com/james-cameron-avatar-the-way-of-water-ss-rajamouli-1849940235,2022-12-30T20:38:12.821000+00:00,rss
"Part of the wrong 1% — Ostomy surgery, part 2",Jeff Geerling,jeffgeerling.com,https://read.readwise.io/read/01gnj05dx6m6fqfr2x7qtx2pqr,https://www.jeffgeerling.com/blog/2022/part-of-the-wrong-1-perecent-ostomy-surgery-part-2,2022-12-30T17:09:34.830000+00:00,rss
"Ask HN: How do you recall ideas/eureka you get during walks, showers, etc.?",Hacker News,ycombinator.com,https://read.readwise.io/read/01gnj05dx4vn58rpjzrypeq362,https://news.ycombinator.com/item?id=34185635,2022-12-30T17:09:25.829000+00:00,rss
You Don't Need a Separate Stain-Removing Spray for Your Laundry,Elizabeth Yuko,Lifehacker,https://read.readwise.io/read/01gnj05dwq3v80q5680a8q26sq,https://lifehacker.com/you-dont-need-a-separate-stain-removing-spray-for-your-1849939184,2022-12-30T17:09:34.816000+00:00,rss
What would a decentralised Uber look like?,Hacker News,Terence Eden’s Blog,https://read.readwise.io/read/01gnj05dwn7rbeab9g51zzvcm5,https://shkspr.mobi/blog/2022/12/what-would-a-decentralised-uber-look-like/,2022-12-30T17:09:28.813000+00:00,rss
Ownership of AI-Generated Code Hotly Disputed,Hacker News,IEEE Spectrum,https://read.readwise.io/read/01gnj05dw6hrexwn3g7ff5sxft,https://spectrum.ieee.org/ai-code-generation-ownership,2022-12-30T17:09:31.799000+00:00,rss
'Tradwives' promote a lifestyle that evokes the 1950s,Hacker News,CNN Money,https://read.readwise.io/read/01gnj05dvqte9yrf7xcg0769yy,https://lite.cnn.com/en/article/h_eb47d6b52cc49040a51482689709eaa0,2022-12-30T17:09:34.783000+00:00,rss
"Have Yourself a Very X-Files New Year, With a Side of Zombies",Cheryl Eddy,Gizmodo,https://read.readwise.io/read/01gnj05ds228khn7r3q71vrjxe,https://gizmodo.com/x-files-millennium-crossover-new-years-eve-y2k-zombies-1849935030,2022-12-30T17:09:34.699000+00:00,rss
Suit accusing YouTube of tracking children is back on after appeal,Eric Bangeman,Ars Technica,https://read.readwise.io/read/01gnhsyvsv745tg03h0xyye78w,https://arstechnica.com/?p=1906948,2022-12-30T15:20:44.228000+00:00,rss
New York governor signs modified right-to-repair bill at the last minute,Andrew Cunningham,Ars Technica,https://read.readwise.io/read/01gnhsyvs67wdwjqp1a5vgret2,https://arstechnica.com/?p=1906947,2022-12-30T15:20:47.206000+00:00,rss
HandBrake video transcoder adds official AV1 codec support in latest release,Andrew Cunningham,Ars Technica,https://read.readwise.io/read/01gnhsyvre46prr9zjjhesgb7t,https://arstechnica.com/?p=1906973,2022-12-30T15:20:50.183000+00:00,rss
"Bees like to roll little wooden balls as a form of play, study finds",Jennifer Ouellette,Ars Technica,https://read.readwise.io/read/01gnhsyvqr6ddbc2df8p321wdz,https://arstechnica.com/?p=1906979,2022-12-30T15:20:53.161000+00:00,rss
"2022’s US climate disasters, from storms and floods to heat waves and droughts",The Conversation,Ars Technica,https://read.readwise.io/read/01gnhsyvq11q1g94xb0z77a80x,https://arstechnica.com/?p=1906916,2022-12-30T15:20:56.138000+00:00,rss
Ars Technica’s favorite films in 2022,Jennifer Ouellette,Ars Technica,https://read.readwise.io/read/01gnhsyvp9jdzat7mnvx624vg3,https://arstechnica.com/?p=1903083,2022-12-30T15:20:59.113000+00:00,rss
Mastodon—and the pros and cons of moving beyond Big Tech gatekeepers,Ars Staff,Ars Technica,https://read.readwise.io/read/01gnhsyvnh6hsg76f0q5ptw9hx,https://arstechnica.com/?p=1906181,2022-12-30T15:21:02.089000+00:00,rss
Could getting rid of old cells turn back the clock on aging?,Knowable Magazine,Ars Technica,https://read.readwise.io/read/01gnhsyvmsc2v89neernds2hzv,https://arstechnica.com/?p=1906940,2022-12-30T15:21:05.065000+00:00,rss
TV Technica 2022:  These were our favorite shows and binges of the year,Jennifer Ouellette,Ars Technica,https://read.readwise.io/read/01gnhsyvkjyh99yb0wzqh2c3a0,https://arstechnica.com/?p=1901866,2022-12-30T15:21:08.026000+00:00,rss
We Chose NanoIDs for PlanetScale’s API,Hacker News,planetscale.com,https://read.readwise.io/read/01gnhsn0fcd89v16tc0fapn5d5,https://planetscale.com/blog/why-we-chose-nanoids-for-planetscales-api,2022-12-30T15:11:42.333000+00:00,rss
What really happens when babies are left to cry it out?,Amanda Ruggeri,BBC News Afrique,https://read.readwise.io/read/01gnhsn0eskvdtmzcm0644213f,https://www.bbc.com/future/article/20220322-how-sleep-training-affects-babies,2022-12-30T15:11:45.314000+00:00,rss
Show HN: A 90s retro game called “Crystal Cave”,Hacker News,,https://read.readwise.io/read/01gnhsn0e76b6zt68wm86yt0ch,https://www.playdosgames.com/play/crystal-caves/,2022-12-30T15:11:48.295000+00:00,rss
Silicon Valley offices less empty than other regions,Joseph Geha / San Jose Spotlight,paloaltoonline.com,https://read.readwise.io/read/01gnhsn0dp5bc4r7x16h0mjrp0,https://www.paloaltoonline.com/news/2022/12/27/silicon-valley-offices-less-empty-than-other-regions,2022-12-30T15:11:51.278000+00:00,rss
Ask HN: Can I download GPT / ChatGPT to my desktop?,Hacker News,ycombinator.com,https://read.readwise.io/read/01gnhsn0d2ssskmnwsrjcfrv83,https://news.ycombinator.com/item?id=34173757,2022-12-30T15:11:54.259000+00:00,rss
Show HN: GUI for Making Animated Webcomics,Hacker News,Elonman,https://read.readwise.io/read/01gnhsn0ch57p1h7trw3ds0sw4,https://elonman.com/page/how/,2022-12-30T15:11:57.242000+00:00,rss
"1,600 bats fell down during Houston's cold snap. Here's how they were saved.",Hacker News,NPR,https://read.readwise.io/read/01gnhsn0c0h8ms59dppzgz7b6c,https://text.npr.org/1145923340,2022-12-30T15:12:00.224000+00:00,rss
Hundreds of Houston bats were saved after a cold snap,Hacker News,NPR.org,https://read.readwise.io/read/01gnhsn0bfm70h28wjw9sz7j76,https://www.npr.org/2022/12/28/1145923340/1-600-bats-fell-to-the-ground-during-houstons-cold-snap-heres-how-they-were-save,2022-12-30T15:12:03.207000+00:00,rss
Apple Sued Alleging Racial Bias Against Minorities on Watch's Blood Oximeter,Hacker News,Justia Dockets & Filings,https://read.readwise.io/read/01gnhsn0aypb6av6tfryz97we9,https://dockets.justia.com/docket/new-york/nysdce/1:2022cv10872/591590,2022-12-30T15:12:06.191000+00:00,rss
"Tesla used car price bubble pops, weighs on new car demand",Nivedita Balu,Reuters,https://read.readwise.io/read/01gnhsn0aazf0vh3xs3kqm830d,https://www.reuters.com/business/autos-transportation/tesla-used-car-price-bubble-pops-weighs-new-car-demand-2022-12-27/,2022-12-30T15:12:09.170000+00:00,rss
Is Animal Fat Good for You? The Science on Why It’s the Optimal Food for Humans,Hacker News,Dr. Robert Kiltz,https://read.readwise.io/read/01gnhsn09p6yng5hndvrh8y9d2,https://www.doctorkiltz.com/is-animal-fat-good-for-you/,2022-12-30T15:12:12.151000+00:00,rss
Remote Work Is Poised to Devastate America’s Cities,Hacker News,Intelligencer,https://read.readwise.io/read/01gnhsn095gdcsryrtbjz6p5je,https://nymag.com/intelligencer/2022/12/remote-work-is-poised-to-devastate-americas-cities.html,2022-12-30T15:12:15.133000+00:00,rss
Hafting an Axe: DIY,Hacker News,C.C. Filson Co.,https://read.readwise.io/read/01gnhsn08gtegwq21sv327avqp,https://www.filson.com/blog/how-to/hafting-an-axe-diy/,2022-12-30T15:12:18.113000+00:00,rss
Hydroxychloroquine lowers Alzheimer's disease and related dementias risk,Hacker News,PubMed,https://read.readwise.io/read/01gnhsn07x9kvzfyd025m790dn,https://pubmed.ncbi.nlm.nih.gov/36577843/,2022-12-30T15:12:21.094000+00:00,rss
Ask HN: What was the best software that you used during 2022?,Hacker News,ycombinator.com,https://read.readwise.io/read/01gnhsn079cqb2nck7kzky3n4f,https://news.ycombinator.com/item?id=34174593,2022-12-30T15:12:24.073000+00:00,rss
Power on the moon: What will it take to survive the lunar night?,Hacker News,Universe Today,https://read.readwise.io/read/01gnhsn06rtma6vt59vv3zd05t,https://www.universetoday.com/159372/power-on-the-moon-what-will-it-take-to-survive-the-lunar-night/,2022-12-30T15:12:27.056000+00:00,rss
TSMC starts volume production of 3nm chips,Hacker News,Focus Taiwan,https://read.readwise.io/read/01gnhsn065qg77fdhjdxm69nrv,https://focustaiwan.tw/business/202212290013,2022-12-30T15:12:30.038000+00:00,rss
maybe in 2023 @Apple will let me choose a search...,Miles (authenticated human),Twitter,https://read.readwise.io/read/01gnhsn05jnyx470t7r2te3w2y,https://twitter.com/milesrichardson/status/1608355887034294272,2022-12-30T15:12:33.018000+00:00,rss
"Kodi “Matrix” 19.5 Release, Last Before ""Nexus"" 20.0",Hacker News,kodi.tv,https://read.readwise.io/read/01gnhsn04zytara4z471xsszk3,https://kodi.tv/article/kodi-matrix-19-5-release/,2022-12-30T15:12:36+00:00,rss
I Lost All Faith in LastPass,Hacker News,Infosec Exchange,https://read.readwise.io/read/01gnhsn04b6kzrv3agjkbkw6f8,https://infosec.exchange/@epixoip/109585049354200263,2022-12-30T15:12:38.979000+00:00,rss
No more airplane mode? EU to allow calls on flights,BBC,BBC News Afrique,https://read.readwise.io/read/01gnhsn03rjxzyhexs9k44efty,https://www.bbc.com/news/technology-63786591,2022-12-30T15:12:41.961000+00:00,rss
Tesla Model Y is now the best-selling car in all of Europe,Hacker News,Electrek,https://read.readwise.io/read/01gnhsn0363k5stmkg70bd9cvj,https://electrek.co/2022/12/29/tesla-model-y-is-now-the-best-selling-car-in-all-of-europe/,2022-12-30T15:12:44.942000+00:00,rss
GitHub - DavidXanatos/wumgr: Windows update managemetn tool for windows 10,https://github.com/DavidXanatos/,GitHub,https://read.readwise.io/read/01gnhsn02jrkqp226c4kzt408q,https://github.com/DavidXanatos/wumgr,2022-12-30T15:12:47.923000+00:00,rss
ULIDs and Primary Keys,Hacker News,Dave Allie,https://read.readwise.io/read/01gnhsn01y8spx5eq4d755hd6g,https://blog.daveallie.com/ulid-primary-keys,2022-12-30T15:12:50.902000+00:00,rss
"Show HN: LiveTyper, a simple typing speed tester",Hacker News,,https://read.readwise.io/read/01gnhsn01a4qh9n9eq2pts0ngs,https://livetyper.com/,2022-12-30T15:12:53.883000+00:00,rss
MIT researchers are discovering which parts of the brain are engaged when coding,Hacker News,MIT News | Massachusetts Institute of Technology,https://read.readwise.io/read/01gnhsn00gkrphhtkhjkxederx,https://news.mit.edu/2022/your-brain-your-brain-code-1221,2022-12-30T15:12:56.856000+00:00,rss
Ask HN: The ISP has a competing product so has decided to block my domain,Hacker News,ycombinator.com,https://read.readwise.io/read/01gnhsmzzv47n3jsxq5k97z6a6,https://news.ycombinator.com/item?id=34175811,2022-12-30T15:12:59.836000+00:00,rss
Ask HN: Why haven't bookmarks been re-invented?,Hacker News,ycombinator.com,https://read.readwise.io/read/01gnhsmzz860qd6d9ndgdzz3es,https://news.ycombinator.com/item?id=34176035,2022-12-30T15:13:02.816000+00:00,rss
Twitter's status page shows “no incidents reported” for Dec. 28 global outage,Hacker News,twitterstat.us,https://read.readwise.io/read/01gnhsmzyp1m5y7m42zr11ahb4,https://api.twitterstat.us,2022-12-30T15:13:05.799000+00:00,rss
Using Zlib-Searcher to Search the Z-Library Index for Books on the IPFS Network,Hacker News,,https://read.readwise.io/read/01gnhsmzy452j16rnhebvxz8j3,https://zlib.zu1k.com/,2022-12-30T15:13:08.781000+00:00,rss
The slab and the permacomputer,Robin Sloan,Robin Sloan,https://read.readwise.io/read/01gnhsmzxgsxjzgag2r3w5h94f,https://www.robinsloan.com/lab/slab/,2022-12-30T15:13:11.760000+00:00,rss
"Pelé, the Global Face of Soccer, Dies at 82",New York Times,New York Times,https://read.readwise.io/read/01gnhsmzwq9p59xjnaqrsep7z9,https://www.nytimes.com/2022/12/29/sports/soccer/pele-dead.html,2022-12-30T15:13:14.736000+00:00,rss
"Pelé, who rose from a Brazilian slum to become the world’s greatest soccer player, dies at 82",Los Angeles Times,Los Angeles Times,https://read.readwise.io/read/01gnhsmzw5ve3mjvdp57h8yjym,https://www.latimes.com/obituaries/story/2022-12-29/pele-soccer-brazil-dies-obit,2022-12-30T15:13:17.717000+00:00,rss
Whistleblower Rebekah Jones wins dismissal,Hacker News,My NWFL,https://read.readwise.io/read/01gnhsmzvkkw9d10yma08svszm,https://www.mynwfl.com/post/rebekahjonescasedismissed,2022-12-30T15:13:20.700000+00:00,rss
Filmora is no longer supporting user's Lifetime licenses,Hacker News,Linus Tech Tips,https://read.readwise.io/read/01gnhsmztyeh1gkpxee5je00hz,https://linustechtips.com/topic/1476599-filmora-is-no-longer-supporting-users-lifetime-licenses/,2022-12-30T15:13:23.679000+00:00,rss
Error 403 Forbidden,sueddeutsche.de,Süddeutsche.de,https://read.readwise.io/read/01gnhsmztdvn5ydp9q5z4pnxe4,https://www.sueddeutsche.de/bayern/tesla-bamberg-polizei-autopilot-autobahn-strafe-1.5723593,2022-12-30T15:13:26.661000+00:00,rss
Pele: Brazil football legend dies aged 82,https://www.facebook.com/BBCSport/,BBC,https://read.readwise.io/read/01gnhsmzsthckwyx1byjxw4aee,https://www.bbc.co.uk/sport/football/42751517,2022-12-30T15:13:29.643000+00:00,rss
Airport runway names shift with magnetic field,Hacker News,National Centers for Environmental Information (NCEI),https://read.readwise.io/read/01gnhsmzs7s46kqext7j8pk6cj,https://www.ncei.noaa.gov/news/airport-runway-names-shift-magnetic-field,2022-12-30T15:13:32.623000+00:00,rss
Encrypted DNS + NTP = Deadlock,Craig Younkins,Medium,https://read.readwise.io/read/01gnhsmzrk6ywetkyacmapfnxv,https://cyounkins.medium.com/encrypted-dns-ntp-deadlock-9e378940b79f,2022-12-30T15:13:35.603000+00:00,rss
Freedom Mobile's 4 digit password limit,Hacker News,null.pink,https://read.readwise.io/read/01gnhsmzr1fzhq8y474br2hrze,https://null.pink/,2022-12-30T15:13:38.585000+00:00,rss
Breaking Up with Python,Hacker News,cedwards.xyz,https://read.readwise.io/read/01gnhsmzqf4drsahme5xjb1qpg,https://cedwards.xyz/breaking-up-with-python/,2022-12-30T15:13:41.568000+00:00,rss
"Exit MiG, Enter LiteDRAM",Hacker News,BoxLambda,https://read.readwise.io/read/01gnhsmzpvdejcny5h0ypxztxj,https://epsilon537.github.io/boxlambda/exit-mig-enter-litedram/,2022-12-30T15:13:44.548000+00:00,rss
Hive (YC S14) is hiring devs #3->10 in 2023 (Canada remote),Hacker News,,https://read.readwise.io/read/01gnhsmzp49hekb7mdkx38mh65,https://angel.co/l/2xRy8y,2022-12-30T15:13:47.525000+00:00,rss
Privacy Is OK,Hacker News,tbray.org,https://read.readwise.io/read/01gnhsmznjdhvsqmgteyqeh4vg,https://www.tbray.org/ongoing/When/202x/2022/12/29/Privacy-is-OK,2022-12-30T15:13:50.506000+00:00,rss
Endless Horse,Hacker News,endless.horse,https://read.readwise.io/read/01gnhsmzn0m315chh2c6k1kfm1,http://endless.horse,2022-12-30T15:13:53.488000+00:00,rss
Unintended consequences of blocking IP addresses,Hacker News,The Cloudflare Blog,https://read.readwise.io/read/01gnhsmzmdbm5xr8z7s93ers35,https://blog.cloudflare.com/consequences-of-ip-blocking/,2022-12-30T15:13:56.470000+00:00,rss
Ask HN: Tutorials Written with Heavy Dependencies,Hacker News,ycombinator.com,https://read.readwise.io/read/01gnhsmzkskw1xww2ckr4sthrk,https://news.ycombinator.com/item?id=34178349,2022-12-30T15:13:59.450000+00:00,rss
Vivienne Westwood has died,Hacker News,the Guardian,https://read.readwise.io/read/01gnhsmzk8sf9fb6ghhcbytbcw,https://www.theguardian.com/fashion/2022/dec/29/dame-vivienne-westwood-fashion-designer-dies-aged-81,2022-12-30T15:14:02.432000+00:00,rss
Renewables 2022 – Analysis and forecast to 2027,Hacker News,IEA,https://read.readwise.io/read/01gnhsmzjnmrhadkmbg764dcre,https://www.iea.org/reports/renewables-2022,2022-12-30T15:14:05.413000+00:00,rss
This stone tablet from 1800-1600 BC shows that ancient Babylonians...,Tivadar Danka,Twitter,https://read.readwise.io/read/01gnhsmzj1jgddq71absggyz8y,https://twitter.com/tivadardanka/status/1608419325706391554,2022-12-30T15:14:08.394000+00:00,rss
When the IE 11 user-agent forced Mozilla to freeze part of its user-agent string,Hacker News,miketaylr.com,https://read.readwise.io/read/01gnhsmzhevkqhedt0x23x7nj9,https://miketaylr.com/posts/2022/12/how-the-IE-11-ua-string-broke-sites-in-firefox.html,2022-12-30T15:14:11.375000+00:00,rss
"Freenet build 1495 released: new user entrance, user experience, performance",Hacker News,freenetproject.org,https://read.readwise.io/read/01gnhsmzgw1gnfcs73rw0ycvcw,https://freenetproject.org/freenet-build-1495-new-user-experience-and-performance.html,2022-12-30T15:14:14.356000+00:00,rss
Software Illustrated: I'm just trying to change this lightbulb,Hacker News,mikesteder.com,https://read.readwise.io/read/01gnhsmzg1n0t8xpy813cm0yjz,https://www.mikesteder.com/engineering/management/gifs/software/illustrated/2014/12/31/software-engineering-illustrated-im-just-trying-to-change-this-lightbulb.html,2022-12-30T15:14:17.329000+00:00,rss
"Can A Tarot Card Reading Be Defamatory? - by Ken White
Can A Tarot Card Reading Be Defamatory?",Ken White,substack.com,https://read.readwise.io/read/01gnhsmzfevg7z24737mj04ngt,https://popehat.substack.com/p/can-a-tarot-card-reading-be-defamatory,2022-12-30T15:14:20.311000+00:00,rss
Golang is evil on shitty networks,Hacker News,Somewhere Within Boredom,https://read.readwise.io/read/01gnhsmzes0x0ez00jagmph9v6,https://withinboredom.info/blog/2022/12/29/golang-is-evil-on-shitty-networks/,2022-12-30T15:14:23.289000+00:00,rss
How to Identify a Scientific Fact,Hacker News,OUPblog,https://read.readwise.io/read/01gnhsmze50apg2s5zb8n8y58j,https://blog.oup.com/2022/11/how-to-identify-a-scientific-fact/,2022-12-30T15:14:26.270000+00:00,rss
Andrew Tate getting arrested in human trafficking investigation today,Hacker News,reddit,https://read.readwise.io/read/01gnhsmzdmkm4f5f1zd5rhkmbd,https://old.reddit.com/r/Damnthatsinteresting/comments/zyhwzn/andrew_tate_getting_arrested_in_human_trafficking/,2022-12-30T15:14:29.253000+00:00,rss
Kagi – Paid Search Engine,Hacker News,kagi.com,https://read.readwise.io/read/01gnhsmzd3n1zzx9a7nfck0ew9,https://kagi.com:443/,2022-12-30T15:14:32.235000+00:00,rss
ChatGPT Political Compass,Hacker News,gptoverflow.link,https://read.readwise.io/read/01gnhsmzcgjg23fxr7fxtqzbcg,https://www.gptoverflow.link/question/1519492600837443584/chatgpt-political-compass,2022-12-30T15:14:35.217000+00:00,rss
Poll: What's the best laptop for Linux these days?,Hacker News,ycombinator.com,https://read.readwise.io/read/01gnhsmzbwc4aqsd5xh7wptax8,https://news.ycombinator.com/item?id=34180508,2022-12-30T15:14:38.197000+00:00,rss
Andrew Tate detained in Romania over human trafficking case,Hacker News,BBC News,https://read.readwise.io/read/01gnhsmzb596v8tbj8ys5691r3,https://www.bbc.com/news/world-europe-64122628,2022-12-30T15:14:41.173000+00:00,rss
Herb Kelleher: Manage in Good Times So You'll Do Well in the Bad Times,Hacker News,Stanford Graduate School of Business,https://read.readwise.io/read/01gnhsmzakv2024cgkcvnrcw8j,https://www.gsb.stanford.edu/insights/herb-kelleher-manage-good-times-so-youll-do-well-bad-times,2022-12-30T15:14:44.156000+00:00,rss
"PRQL a simple, powerful, pipelined SQL replacement",Hacker News,PRQL,https://read.readwise.io/read/01gnhsmza1sz017shxe3zd30jf,https://prql-lang.org/,2022-12-30T15:14:47.138000+00:00,rss
Where does ChatGPT fall on the political compass?,Hacker News,Reason.com,https://read.readwise.io/read/01gnhsmz7vvm705rc7nz55adjc,https://reason.com/2022/12/13/where-does-chatgpt-fall-on-the-political-compass/,2022-12-30T15:14:50.068000+00:00,rss
GitHub - pebal/sgcl: Smart Garbage Collection Library for C++,https://github.com/pebal/,GitHub,https://read.readwise.io/read/01gnhsmz7a3qn0jd0yc9tnvdjt,https://github.com/pebal/sgcl,2022-12-30T15:14:53.051000+00:00,rss
Haiti Has One of the Lowest Covid-19 Death Rates and Low Vaccination (2021),Hacker News,Atlanta Black Star,https://read.readwise.io/read/01gnhsmz6shm58n9wnayxc9qc2,https://atlantablackstar.com/2021/05/11/experts-puzzled-by-why-haiti-has-one-of-the-lowest-covid-19-death-rates-in-the-world-despite-administering-zero-vaccine-doses-we-dont-know/,2022-12-30T15:14:56.033000+00:00,rss
Prolonged oral breathing could significantly induce impaired cognitive function,Hacker News,PubMed Central (PMC),https://read.readwise.io/read/01gnhsmz6526raa4s9s3259j9d,https://www.ncbi.nlm.nih.gov/pmc/articles/PMC8228257/,2022-12-30T15:14:59.014000+00:00,rss
An M1 for Curl,Hacker News,haxx.se,https://read.readwise.io/read/01gnhsmz5fb80vk8f2x02n7xm1,https://daniel.haxx.se/blog/2022/12/30/an-m1-for-curl/,2022-12-30T15:15:01.992000+00:00,rss
"In 2023, Let’s Rediscover Wrongness - by Jesse Singal
In 2023, Let’s Rediscover Wrongness",Jesse Singal,substack.com,https://read.readwise.io/read/01gnhsmz4yjcmxz9bpwnqdt0cw,https://jessesingal.substack.com/p/in-2023-lets-rediscover-wrongness,2022-12-30T15:15:04.974000+00:00,rss
Color Formats in CSS,Hacker News,joshwcomeau.com,https://read.readwise.io/read/01gnhsmz4ep00kz3b4x9576q44,https://www.joshwcomeau.com/css/color-formats/,2022-12-30T15:15:07.959000+00:00,rss
Google's 2022 year in review,Megan Friedman,Google,https://read.readwise.io/read/01gnhsmz3xnkdqfzkzr3e4swv3,https://blog.google/inside-google/2022-at-google/,2022-12-30T15:15:40.942000+00:00,rss
"Relive: 50 years of C, the good, the bad and the ugly",Hacker News,Ccc.de,https://read.readwise.io/read/01gnhsmz3xkdvdp5mmn5as7f18,https://streaming.media.ccc.de/jev22/relive/49151,2022-12-30T15:15:10.942000+00:00,rss
"A portable, modern regular expression language",Hacker News,Pomsky,https://read.readwise.io/read/01gnhsmz3879k4663e8aaagzbf,https://pomsky-lang.org/,2022-12-30T15:15:13.920000+00:00,rss
Ask HN: What is your system for dirty dishes?,Hacker News,ycombinator.com,https://read.readwise.io/read/01gnhsmz2nchnnr9wsped3eg1f,https://news.ycombinator.com/item?id=34184262,2022-12-30T15:15:16.901000+00:00,rss
Ars Technica’s best video games of 2022,Kyle Orland,Ars Technica,https://read.readwise.io/read/01gnhsmz2eg514gs0wpepdms5v,https://arstechnica.com/?p=1906399,2022-12-30T15:15:34.894000+00:00,rss
Flu vaccine lowers risk of stroke,Hacker News,News,https://read.readwise.io/read/01gnhsmz1x443wpk01gx3fwh8a,https://ucalgary.ca/news/flu-vaccine-lowers-risk-stroke,2022-12-30T15:15:19.877000+00:00,rss
What are the 10 best cars we drove in 2022?,Jonathan M. Gitlin,Ars Technica,https://read.readwise.io/read/01gnhsmz1s500j61100c2z3ex1,https://arstechnica.com/?p=1906479,2022-12-30T15:15:37.874000+00:00,rss
Ask HN: Did TeXmacs' doubly misleading name hold it back for 20 years?,Hacker News,ycombinator.com,https://read.readwise.io/read/01gnhsmz17akks0srx3ddjqws4,https://news.ycombinator.com/item?id=34184410,2022-12-30T15:15:22.855000+00:00,rss
Don’t call it a refresh: The 6 most adventurous laptop designs of 2022,Scharon Harding,Ars Technica,https://read.readwise.io/read/01gnhsmz0sqcnmxq7t0pk6r0pb,https://arstechnica.com/?p=1904895,2022-12-30T15:15:40.842000+00:00,rss
"Looks like @DavidZapolsky, @yousriomar & @amazon have finally copped to...",Amy Nelson,Twitter,https://read.readwise.io/read/01gnhsmz0m19xmksrhefw5fdgt,https://twitter.com/amy_k_nelson/status/1608447389538418689,2022-12-30T15:15:25.837000+00:00,rss
Reach your audience on connected TVs with Display & Video 360,The Official Google Blog,Google,https://read.readwise.io/read/01gnhsmz07nwwnhj4yxx9ykp5p,https://blog.google/products/marketingplatform/360/reach-your-audience-on-connected-tvs-with-display-video-360/,2022-12-30T15:15:43.824000+00:00,rss
The Lord Governs My Good and Is My Good: All of Psalm 16 for a New Year,John Piper,Desiring God,https://read.readwise.io/read/01gnhsmz064jqjvgdh8jkay5jk,http://rss.desiringgod.org/link/10732/15871841/the-lord-governs-my-good-and-is-my-good,2022-12-30T15:15:31.822000+00:00,rss
SpaceX caps 2022 with record-setting 61st Falcon 9 launch,Hacker News,CBS News,https://read.readwise.io/read/01gnhsmz017n22h4jw9q3ks4b5,https://www.cbsnews.com/news/spacex-closes-out-22-with-record-setting-61st-falcon-9-launch/,2022-12-30T15:15:28.818000+00:00,rss
CRISPR’s quest to slay Donegal Amy,WIRED,Ars Technica,https://read.readwise.io/read/01gnhsmyzt730fgpgjz4c7sb2c,https://arstechnica.com/?p=1906927,2022-12-30T15:15:43.810000+00:00,rss
"Let Your Heart Exult Vertically and Horizontally! 2 Thessalonians 1:1–4, Part 7",John Piper,Desiring God,https://read.readwise.io/read/01gnhsmyzh8y846vse367h9701,http://rss.desiringgod.org/link/10732/15871840/let-your-heart-exult-vertically-and-horizontally,2022-12-30T15:15:34.802000+00:00,rss
Quickly checking that a string belongs to a small set,Hacker News,Daniel Lemire's blog,https://read.readwise.io/read/01gnhsmyz7sdp18nndp4rrfct3,https://lemire.me/blog/2022/12/30/quickly-checking-that-a-string-belongs-to-a-small-set/,2022-12-30T15:15:31.791000+00:00,rss
Let No One Despise You: Wisdom for Young Pastors,Ray Ortlund,Desiring God,https://read.readwise.io/read/01gnhsmyyt4pd2q440dk5ahrvt,http://rss.desiringgod.org/link/10732/15871839/let-no-one-despise-you,2022-12-30T15:15:37.778000+00:00,rss
The Easiest Ways to Clean Up Your Christmas Tree's Sap and Needles,Elizabeth Yuko,Lifehacker,https://read.readwise.io/read/01gnhsmyymvxmeesbmetfpnche,https://lifehacker.com/the-easiest-ways-to-clean-up-your-christmas-trees-sap-a-1849936395,2022-12-30T15:15:37.773000+00:00,rss
"Sam Bankman just cashed out $600k, in violation of his bail release terms",Hacker News,reddit,https://read.readwise.io/read/01gnhsmyyj4v449cbh2wkkxbzj,https://reddit.com/r/CryptoCurrency/comments/zyruws/sam_bankman_just_cashed_out_600k_in_violation_of/,2022-12-30T15:15:34.770000+00:00,rss
You Should Make an 'Old Year's Resolution' Instead,Elizabeth Yuko,Lifehacker,https://read.readwise.io/read/01gnhsmyy155xbskv2777fp0z9,https://lifehacker.com/you-should-make-an-old-years-resolution-instead-1849936380,2022-12-30T15:15:40.753000+00:00,rss
FS 400Gbase-SR8 400GbE QSFP-DD Optical Transceiver Review,Hacker News,ServeTheHome,https://read.readwise.io/read/01gnhsmyxymv0gqv8vs8nne23r,https://www.servethehome.com/fs-400gbase-sr8-400gbe-qsfp-dd-optical-transceiver-review-marvell-inphi/,2022-12-30T15:15:37.751000+00:00,rss
Start the Year Small: Wisdom for Setting New Goals,Matt Bradner,Desiring God,https://read.readwise.io/read/01gnhsmyxxgnh1nfzd8h2vk390,http://rss.desiringgod.org/link/10732/15874383/start-the-year-small,2022-12-30T15:15:40.749000+00:00,rss
A Fallen Eternal Could Return in the Marvel Sequel,James Whitbrook and Gordon Jackson,Gizmodo,https://read.readwise.io/read/01gnhsmyxvqrmgc5sa782r3drg,https://gizmodo.com/eternals-2-gilgamesh-don-lee-marvel-chloe-zhao-1849930518,2022-12-30T15:15:22.748000+00:00,rss
The Best Free and Cheap Food for New Year's Day,Elizabeth Yuko,Lifehacker,https://read.readwise.io/read/01gnhsmyxg6cbajd6t4dcnjvmm,https://lifehacker.com/the-best-free-and-cheap-food-for-new-years-day-1849939195,2022-12-30T15:15:43.736000+00:00,rss
"The 28 Best Sci-Fi, Horror, and Fantasy Movies of 2022","Germain Lussier, Rob Bricken, Justin Carter, Linda Codega, Cheryl Eddy, Sabina Graves,  and James Whitbrook",Gizmodo,https://read.readwise.io/read/01gnhsmyx8567s626qs5dn72qs,https://gizmodo.com/best-movies-2022-horror-sci-fi-fantasy-superhero-genre-1849935315,2022-12-30T15:15:25.729000+00:00,rss
I rewrote in Crystal my tool to quickly create Kubernetes clusters in Hetzner,Hacker News,ycombinator.com,https://read.readwise.io/read/01gnhsmyx002v73yqt302r473f,https://news.ycombinator.com/item?id=34185209,2022-12-30T15:15:40.721000+00:00,rss
Can I Be a Nurse for a ‘Gender-Reassignment’ Surgery?,John Piper,Desiring God,https://read.readwise.io/read/01gnhsmyww8smray8kbkyyqrb1,http://rss.desiringgod.org/link/10732/15874382/can-i-be-a-nurse-for-a-gender-reassignment-surgery,2022-12-30T15:15:43.717000+00:00,rss
George R.R. Martin Says More Game of Thrones Spinoffs Have Been Impacted By HBO Max's Drama,James Whitbrook,Gizmodo,https://read.readwise.io/read/01gnhsmywhgs931f1se1c5ys4m,https://gizmodo.com/george-r-r-martin-game-of-thrones-spinoffs-hbo-max-1849938139,2022-12-30T15:15:28.706000+00:00,rss
The Star Essay,Krista Stevens,Longreads,https://read.readwise.io/read/01gnhsmywgg1tvb7z0dqqjpdwa,https://longreads.com/2022/12/29/the-star-essay/,2022-12-30T15:15:40.704000+00:00,rss
Islam vs. Women: Introduction,Tamata,substack.com,https://read.readwise.io/read/01gnhsmywcchamyxcd9aj6zx96,https://harampolitics.substack.com/p/islam-vs-women-introduction,2022-12-30T15:15:43.701000+00:00,rss
The Team Behind Spider-Man: Across the Spider-Verse Feels Those Huge Expectations,Germain Lussier,Gizmodo,https://read.readwise.io/read/01gnhsmyvx86r8m5wefrvpm5js,https://gizmodo.com/spiderman-across-spider-verse-release-date-expectations-1849938160,2022-12-30T15:15:31.686000+00:00,rss
"When Drivers Are Attacked, Uber Leaves Police Waiting for Help",Cheri Lucas Rowlands,Longreads,https://read.readwise.io/read/01gnhsmyvwthx1cxbdb3xvbn25,https://longreads.com/2022/12/30/when-drivers-are-attacked-uber-leaves-police-waiting-for-help/,2022-12-30T15:15:43.685000+00:00,rss
Star Trek: Voyager Is Still the Rock's Finest Hour as an Actor,James Whitbrook,Gizmodo,https://read.readwise.io/read/01gnhsmyvbpezjx2eddkaccps3,https://gizmodo.com/dwayne-johnson-the-rock-star-trek-voyager-tsunkatse-1849938768,2022-12-30T15:15:34.667000+00:00,rss
New Zealand Celebrates Avatar: The Way of Water With These Stunning Stamps,Germain Lussier,Gizmodo,https://read.readwise.io/read/01gnhsmytpa628eq3ztv4vspep,https://gizmodo.com/avatar-2-stamps-new-zealand-way-of-water-james-cameron-1849938315,2022-12-30T15:15:37.647000+00:00,rss
Southwest Airlines Claims That Travel Nightmare Will End on Friday,Jody Serrano,Gizmodo,https://read.readwise.io/read/01gnhsmyt2a7tzmp2prpysewc9,https://gizmodo.com/southwest-airlines-resume-normal-operations-december-30-1849939147,2022-12-30T15:15:40.627000+00:00,rss
Marvel Studios Has More Halloween Specials in the Works,James Whitbrook and Gordon Jackson,Gizmodo,https://read.readwise.io/read/01gnhsmysegmv9ggdn64q5mxth,https://gizmodo.com/marvel-mcu-halloween-ghostbusters-animated-witcher-1849930520,2022-12-30T15:15:43.606000+00:00,rss
Someone Else’s Empire,Christopher Kelly,London Review of Books,https://read.readwise.io/read/01gnf7heabgb7j8b5crt6ewzqs,https://www.lrb.co.uk/the-paper/v45/n01/christopher-kelly/someone-else-s-empire,2022-12-29T15:19:15.203000+00:00,rss
The Meteorite Hunters Who Rush in When Space Rocks Crash to Earth,Hacker News,Atlas Obscura,https://read.readwise.io/read/01gnf7he9ps0cw5xzxs0tb5tm9,https://www.atlasobscura.com/articles/meteorite-hunters,2022-12-29T15:19:18.182000+00:00,rss
Reasons a Raspberry Pi Belongs in Your Network Lab,Hacker News,Cisco Blogs,https://read.readwise.io/read/01gnf7he913thgxwck3dbtsqjm,https://blogs.cisco.com/learning/5-reasons-a-raspberry-pi-belongs-in-your-network-lab,2022-12-29T15:19:21.162000+00:00,rss
Rep. Don Beyer pursues a machine learning degree at George Mason - The Washington Post,Washington Post,Washington Post,https://read.readwise.io/read/01gnf7he8axq231fw7zpkvsf7k,https://www.washingtonpost.com/dc-md-va/2022/12/28/beyer-student-artificial-intelligence-degree/,2022-12-29T15:19:24.139000+00:00,rss
The history of Southwest Airlines' destruction from within,Hacker News,reddit,https://read.readwise.io/read/01gnf7he7bv8y33m8e6gxt7g2g,https://old.reddit.com/r/SouthwestAirlines/comments/zxg6op/the_history_of_swa_destruction_from_within/,2022-12-29T15:19:27.108000+00:00,rss
The Magic of Alleyways,Hacker News,Hazlitt,https://read.readwise.io/read/01gnf7he6jrzn7p7zwyvhc18h5,https://hazlitt.net/longreads/magic-alleyways,2022-12-29T15:19:30.083000+00:00,rss
The insanity of being a Scrabble enthusiast,Hacker News,Literary  Hub,https://read.readwise.io/read/01gnf7he5v8s5w8e5pf1cv8f4v,https://lithub.com/on-the-insanity-of-being-a-scrabble-enthusiast/,2022-12-29T15:19:33.060000+00:00,rss
"On ‘Plant-Based’ - From the Desk of Alicia Kennedy
On ‘Plant-Based’",Alicia Kennedy,aliciakennedy.news,https://read.readwise.io/read/01gnf7he5477gpaaswc3s7k74q,https://www.aliciakennedy.news/p/on-plant-based,2022-12-29T15:19:36.037000+00:00,rss
Meticulous (YC S21) Is Hiring #3 Founding Engineer in London,Hacker News,ycombinator.com,https://read.readwise.io/read/01gnf7he4cw5yfdeg0x0v68xnn,https://news.ycombinator.com/item?id=34170257,2022-12-29T15:19:39.013000+00:00,rss
A day in the life of almost every vending machine,Hacker News,the Guardian,https://read.readwise.io/read/01gnf7he3pavf49tkw56akyyq6,https://www.theguardian.com/business/2022/apr/14/a-day-in-the-life-of-almost-every-vending-machine-in-the-world,2022-12-29T15:19:41.990000+00:00,rss
Vietnam GDP grows 8.02% in 2022; fastest expansion in 25 years,Hacker News,Nikkei Asia,https://read.readwise.io/read/01gnf7he32jtak21ftjg856218,https://asia.nikkei.com/Economy/Vietnam-GDP-grows-8.02-in-2022-fastest-expansion-in-25-years,2022-12-29T15:19:44.970000+00:00,rss
"Self-hosted home network monitoring with ntopng, a Fritz Box and an home server",Hacker News,Davide Quaranta,https://read.readwise.io/read/01gnf7he13gb823p1vp1mp8czk,https://davquar.it/post/self-hosting/ntopng-fritzbox-monitoring/,2022-12-29T15:19:47.907000+00:00,rss
Videos of rivers taken from space could revolutionise flood management,Hacker News,ceh.ac.uk,https://read.readwise.io/read/01gnf7he0f7dsqa51rjs595wgc,https://www.ceh.ac.uk/news-and-media/blogs/videos-rivers-taken-space-could-revolutionise-flood-management,2022-12-29T15:19:50.888000+00:00,rss
Coins stolen from wallet · Chia-Network/chia-blockchain · Discussion #14155 · GitHub,https://github.com/Chia-Network/,GitHub,https://read.readwise.io/read/01gnf7hdzxrepkbe6b8kch8x5g,https://github.com/Chia-Network/chia-blockchain/discussions/14155,2022-12-29T15:19:53.869000+00:00,rss
Ask HN: How much does it cost to run Hacker News?,Hacker News,ycombinator.com,https://read.readwise.io/read/01gnf7hdz6bwh9w0dhcqewrmxx,https://news.ycombinator.com/item?id=34171236,2022-12-29T15:19:56.847000+00:00,rss
GitHub - ciniml/WireGuard-ESP32-Arduino: WireGuard implementation for ESP32 Arduino,https://github.com/ciniml/,GitHub,https://read.readwise.io/read/01gnf7hdyg8bkp88f0d3s4p4gv,https://github.com/ciniml/WireGuard-ESP32-Arduino,2022-12-29T15:19:59.824000+00:00,rss
I didn’t realise how badly it affected me until I was off it [Social Media],Hacker News,the Guardian,https://read.readwise.io/read/01gnf7hdxtq0ep8drpd4cfd2pt,https://www.theguardian.com/media/2022/dec/15/i-didnt-realise-how-badly-it-affected-me-until-i-was-off-it-should-more-of-us-try-a-social-media-detox,2022-12-29T15:20:02.803000+00:00,rss
Get One-Way Flights for $19 During Frontier's Latest Sale,Elizabeth Yuko,Lifehacker,https://read.readwise.io/read/01gnf7hdxebpb4vdn5bd5zj17j,https://lifehacker.com/get-one-way-flights-for-19-during-frontiers-latest-sal-1849936455,2022-12-29T15:20:44.791000+00:00,rss
Maids trafficked and sold to wealthy Saudis on black market,Hacker News,thetimes.co.uk,https://read.readwise.io/read/01gnf7hdx582a2fav6ea2rrcjf,https://www.thetimes.co.uk/article/maids-trafficked-and-sold-to-wealthy-saudis-on-black-market-dkl80kzgd,2022-12-29T15:20:05.781000+00:00,rss
Revealed: Group shaping US nutrition receives millions from big food industry,Hacker News,the Guardian,https://read.readwise.io/read/01gnf7hdwe56e5qpy6rrejb0f8,https://www.theguardian.com/science/2022/dec/09/academy-nutrition-financial-ties-processed-food-companies-contributions,2022-12-29T15:20:08.759000+00:00,rss
Ask HN: Why is the wait for the new iPhone or gadget not as rousing as before?,Hacker News,ycombinator.com,https://read.readwise.io/read/01gnf7hdvrzje8265119bf20eb,https://news.ycombinator.com/item?id=34171738,2022-12-29T15:20:11.736000+00:00,rss
“Angry” Immune Cells in Brain and Spinal Fluid Identified as Alzheimer Culprit,Hacker News,SciTechDaily,https://read.readwise.io/read/01gnf7hdv4vd30ft02stcfx89v,https://scitechdaily.com/alzheimers-mystery-solved-angry-immune-cells-in-brain-and-spinal-fluid-identified-as-culprit/,2022-12-29T15:20:14.716000+00:00,rss
Lingua Graeca Per Se Illustrata,Hacker News,seumasjeltzz.github.io,https://read.readwise.io/read/01gnf7hds0kvqdj0ht0b4300bd,https://seumasjeltzz.github.io/LinguaeGraecaePerSeIllustrata/,2022-12-29T15:20:17.648000+00:00,rss
Luck based medicine: my resentful story of becoming a medical miracle,Hacker News,lesswrong.com,https://read.readwise.io/read/01gnf7hdr8edyg27nb7y2vh294,https://www.lesswrong.com/posts/fFY2HeC9i2Tx8FEnK/luck-based-medicine-my-resentful-story-of-becoming-a-medical,2022-12-29T15:20:20.625000+00:00,rss
Ask HN: Wanting to grow – what questions should you ask yourself?,Hacker News,ycombinator.com,https://read.readwise.io/read/01gnf7hdqh2td27r6nehydxf5c,https://news.ycombinator.com/item?id=34172101,2022-12-29T15:20:23.601000+00:00,rss
PostgREST – Serve a RESTful API from Any Postgres Database,Hacker News,postgrest.org,https://read.readwise.io/read/01gnf7hdpc6ewd7vm97rk6g1hn,https://postgrest.org/en/stable/index.html,2022-12-29T15:20:26.565000+00:00,rss
"Show HN: Pressn't, a site where you can only have a single post",Hacker News,pressnt.net,https://read.readwise.io/read/01gnf7hdnqey31ysvzfhbhrdy8,https://app.pressnt.net/post/4/,2022-12-29T15:20:29.543000+00:00,rss
Startup claims to offer stratospheric geoengineering as a service,John Timmer,Ars Technica,https://read.readwise.io/read/01gnf7hdn9b5b41h9ke0k7a54b,https://arstechnica.com/?p=1906897,2022-12-29T15:20:44.530000+00:00,rss
"Tell HN: It's easier and faster to pirate an e-book, than it is to buy it",Hacker News,ycombinator.com,https://read.readwise.io/read/01gnf7hdn275t72f71hs4txfkz,https://news.ycombinator.com/item?id=34172506,2022-12-29T15:20:32.522000+00:00,rss
The Worst Climate Disasters of 2022,Angely Mercado,Gizmodo,https://read.readwise.io/read/01gnf7hdn14xmxa8cj6nbtsq0w,https://gizmodo.com/worst-natural-disasters-weather-climate-2022-1849885088,2022-12-29T15:20:41.521000+00:00,rss
Io may have an underworld magma ocean or a hot metal heart,Hacker News,Science News,https://read.readwise.io/read/01gnf7hdmerjqss0vr6fk5pgye,https://www.sciencenews.org/article/io-magma-ocean-hot-metal-core-jupiter,2022-12-29T15:20:35.503000+00:00,rss
Instagram is threatening legal action against Pixelfed,Hacker News,Mastodon,https://read.readwise.io/read/01gnf7hdkvf0setw4sqe0w2fvk,https://mastodon.social/@pixelfed/109597030315262972,2022-12-29T15:20:38.483000+00:00,rss
The vibes are off at Tesla,Hacker News,The Verge,https://read.readwise.io/read/01gnf7hdk61psmbrxw8m4mxy13,https://www.theverge.com/2022/12/29/23529744/tesla-elon-musk-year-review-stock-price-cybertruck-delays,2022-12-29T15:20:41.463000+00:00,rss
Giving Up on Privacy,Hacker News,jefftk.com,https://read.readwise.io/read/01gnf7hdja326z5wwpatsy724r,https://www.jefftk.com/p/giving-up-on-privacy,2022-12-29T15:20:44.434000+00:00,rss
Best of 2022: All of our No. 5 Story Picks,Longreads,Longreads,https://read.readwise.io/read/01gnf7hdhhv4a83vg7x9cs3qev,https://longreads.com/2022/12/29/best-of-2022-all-of-our-no-5-story-picks/,2022-12-29T15:20:44.410000+00:00,rss
Andrew Callaghan on His Radical Approach to Interviewing,Jennifer Perry,Gizmodo,https://read.readwise.io/read/01gnf7hdhe81fpts7cd0ptm3yn,https://gizmodo.com/andrew-callaghan-channel-5-hbo-max-1849932032,2022-12-29T15:20:44.407000+00:00,rss
Minimum Safe Distance,Justin Camp from WiRE,,https://read.readwise.io/read/01gnf0aa92qe3k8m1xpvf5awnb,mailto:reader-forwarded-email/86025ab4f9a7f66b89fc9536cdf43e35,2022-12-29T13:14:34.659000+00:00,email
What's ahead for BibleProject?,BibleProject,BibleProject,https://read.readwise.io/read/01gnexhwemd073t6d081ta4ary,mailto:reader-forwarded-email/819e7f5ea3384b79383c1cae3d74607c,2022-12-29T12:26:16.917000+00:00,email
A seamstress who solved the ancient mystery of the Argonaut,Hacker News,The Marginalian,https://read.readwise.io/read/01gne4da430c2dg59p1sacpdm7,https://www.themarginalian.org/2022/12/26/jeanne-villepreux-power-argonaut/,2022-12-29T05:05:34.675000+00:00,rss
"Alameda wallets become active days after SBF bail, community mulls foul play",Hacker News,Cointelegraph,https://read.readwise.io/read/01gne4da3jcxqy0skwq9v6pwec,https://cointelegraph.com/news/alameda-wallets-become-active-days-after-sbf-bail-community-mulls-foul-play,2022-12-29T05:05:37.658000+00:00,rss
Waze tests new alerts warning drivers about roads with a ‘history of crashes’,Hacker News,The Verge,https://read.readwise.io/read/01gne4da314ty1k38my2ttg83m,https://www.theverge.com/2022/12/28/23529380/waze-history-of-crashes-beta-release-traffic-crash-data,2022-12-29T05:05:40.642000+00:00,rss
Sherlock Holmes will finally escape copyright this weekend - The Verge,Adi Robertson,The Verge,https://read.readwise.io/read/01gne4da2gjy7rwqparmwpmxv6,https://www.theverge.com/2022/12/28/23528003/sherlock-holmes-metropolis-to-the-lighthouse-public-domain-day-2023,2022-12-29T05:05:43.624000+00:00,rss
Fourteen Discoveries Made About Human Evolution in 2022,Hacker News,smithsonianmag.com,https://read.readwise.io/read/01gne4da1yb8wg82rnfjn5t10z,https://www.smithsonianmag.com/smithsonian-institution/fourteen-discoveries-made-about-human-evolution-in-2022-180981344/,2022-12-29T05:05:46.606000+00:00,rss
"Once upon a time long ago, I was sitting alone in the UCLA ARPANET site #1",Hacker News,Mastodon,https://read.readwise.io/read/01gne4da1ehtvrbr3rgkd6r5jr,https://mastodon.laurenweinstein.org/@lauren/109588605178700335,2022-12-29T05:05:49.590000+00:00,rss
Learning Modern 3D Graphics Programming,Hacker News,paroj.github.io,https://read.readwise.io/read/01gne4da0ybj9ngxrhfhbrqc1x,https://paroj.github.io/gltut/,2022-12-29T05:05:52.574000+00:00,rss
Christmastime hospital-room raid busts dying man for using marijuana extract,Hacker News,The Wichita Eagle,https://read.readwise.io/read/01gne4da0cezkc793kxk1eymtp,https://www.kansas.com/opinion/opn-columns-blogs/dion-lefler/article270381287.html,2022-12-29T05:05:55.556000+00:00,rss
Reverse Prompt Engineering for Fun and (no) Profit,swyx,swyx.io,https://read.readwise.io/read/01gne4d9zvnnj5gj3e83t7nrm2,https://lspace.swyx.io/p/reverse-prompt-eng,2022-12-29T05:05:58.540000+00:00,rss
A goblet which arbitrates during drinking parties (2019),Hacker News,The Book of Knowledge of Ingenious Mechanical Devices,https://read.readwise.io/read/01gne4d9za7vn986wqpd0gmyv9,https://aljazaribook.com/en/2019/10/15/a-goblet-which-arbitrates_en/,2022-12-29T05:06:01.523000+00:00,rss
Matthew Walker's “Why We Sleep” Is Riddled with Scientific and Factual Errors,Hacker News,Alexey Guzey,https://read.readwise.io/read/01gne4d9ysryx3nap77jktbz4p,https://guzey.com/books/why-we-sleep/,2022-12-29T05:06:04.506000+00:00,rss
How Southwest Airlines Melted Down ,Alison Sider,WSJ,https://read.readwise.io/read/01gne4d9y9wh7554qa258x14da,https://www.wsj.com/articles/southwest-airlines-melting-down-flights-cancelled-11672257523,2022-12-29T05:06:07.489000+00:00,rss
The 68k Wars: The Age of Multimedia (2017),Hacker News,filfre.net,https://read.readwise.io/read/01gne4d9xq1569sm5t200e2ye3,https://www.filfre.net/2017/10/the-68000-wars-part-5-the-age-of-multimedia/,2022-12-29T05:06:10.471000+00:00,rss
Ask HN: What to do with old computer books?,Hacker News,ycombinator.com,https://read.readwise.io/read/01gne4d9x4qcyneythefrcqvpg,https://news.ycombinator.com/item?id=34165838,2022-12-29T05:06:13.452000+00:00,rss
"Golden Cove’s Lopsided Vector Register File
Golden Cove’s Lopsided Vector Register File",Chester Lam,Chips and Cheese,https://read.readwise.io/read/01gne4d9wkjtqm302smz2n2150,https://chipsandcheese.com/2022/12/25/golden-coves-lopsided-vector-register-file/,2022-12-29T05:06:16.436000+00:00,rss
How to Get People to Actually Listen Your Ideas at Work,Amy Drader,Lifehacker,https://read.readwise.io/read/01gne4d9w9mspa6axmkjk3z56v,https://lifehacker.com/how-to-get-people-to-actually-listen-your-ideas-at-work-1849893100,2022-12-29T05:06:25.425000+00:00,rss
Why Solana was decimated by Bankman-Fried’s downfall,Hacker News,coindesk.com,https://read.readwise.io/read/01gne4d9w3kah589y0xvt1tg0j,https://www.coindesk.com/consensus-magazine/2022/12/28/why-solana-was-decimated-by-bankman-frieds-downfall/,2022-12-29T05:06:19.420000+00:00,rss
Hotwire Your Broken Thermostat in a Weather Emergency,Jeff Somers,Lifehacker,https://read.readwise.io/read/01gne4d9vn2k9sh2ayswmxfxa1,https://lifehacker.com/hotwire-your-broken-thermostat-in-a-weather-emergency-1849836412,2022-12-29T05:06:28.405000+00:00,rss
What Can We Learn from Barnes & Noble's Surprising Turnaround?,Ted Gioia,honest-broker.com,https://read.readwise.io/read/01gne4d9vd9aatfsxbgfb7tdw8,https://tedgioia.substack.com/p/what-can-we-learn-from-barnes-and,2022-12-29T05:06:22.397000+00:00,rss
15 of the Best Indie Games to Play on Your New PS5,Brendan Hesse,Lifehacker,https://read.readwise.io/read/01gne4d9v1h1jg5j4q7axer5gh,https://lifehacker.com/15-of-the-best-indie-games-to-play-on-your-new-ps5-1849921544,2022-12-29T05:06:31.385000+00:00,rss
"Show HN: Built your front end in React, then let ChatGPT be your Redux reducer",Hacker News,dreamwidth.org,https://read.readwise.io/read/01gne4d9tx2erehxqczp9tsnd5,https://spindas.dreamwidth.org/4207.html,2022-12-29T05:06:25.381000+00:00,rss
Cassian Andor Still Must Discover Responsibility,Germain Lussier,Gizmodo,https://read.readwise.io/read/01gne4d9ts06p8sx89n4ysf1e6,https://gizmodo.com/andor-season-2-rogue-one-diego-luna-star-wars-disney-1849934247,2022-12-29T05:06:04.377000+00:00,rss
These Are the Signs Your Child May Be Depressed,Laura Wheatman Hill,Lifehacker,https://read.readwise.io/read/01gne4d9tdrwyvqkde1v413kd8,https://lifehacker.com/these-are-the-signs-your-child-may-be-depressed-1849861283,2022-12-29T05:06:34.366000+00:00,rss
ChatBCG: Generative AI For Slides,Hacker News,,https://read.readwise.io/read/01gne4d9td2v83my2vnjxh71x0,https://www.chatbcg.com/,2022-12-29T05:06:28.365000+00:00,rss
Tech Workers Remain in High Demand Despite Brutal 2022 Layoffs,Mack DeGeurin,Gizmodo,https://read.readwise.io/read/01gne4d9t9fqvdjvvzvx8xdzxx,https://gizmodo.com/tech-workers-in-high-demand-despite-2022-layoffs-1849934856,2022-12-29T05:06:07.362000+00:00,rss
12 of Lifehacker’s Most Delicious Beverage Hacks of 2022,Claire Lower,Lifehacker,https://read.readwise.io/read/01gne4d9stkaf26ry7jd46w8j2,https://lifehacker.com/12-of-lifehacker-s-most-delicious-beverage-hacks-of-202-1849921203,2022-12-29T05:06:37.347000+00:00,rss
SpaceX Finally Meets a Launch Goal as 60th Orbital Mission of 2022 Takes Flight,Passant Rabie,Gizmodo,https://read.readwise.io/read/01gne4d9ss95msw02qna3xgksz,https://gizmodo.com/spacex-60th-orbital-launch-2022-achieving-goal-falcon-9-1849933950,2022-12-29T05:06:10.346000+00:00,rss
The new tech worldview,The Economist,The Economist,https://read.readwise.io/read/01gne4d9se1kdyj5r19kpfc6r6,https://www.economist.com/christmas-specials/2022/12/20/the-new-tech-worldview,2022-12-29T05:06:31.335000+00:00,rss
"Archaeologists Find 15,700-Year-Old Stone Projectiles in Idaho",Isaac Schultz,Gizmodo,https://read.readwise.io/read/01gne4d9sae46qym3d6wj9d759,https://gizmodo.com/archaeologists-dig-idaho-stone-projectiles-america-asia-1849933898,2022-12-29T05:06:13.330000+00:00,rss
13 of the Cheapest Hobbies You Can Teach Yourself,Jeff Somers,Lifehacker,https://read.readwise.io/read/01gne4d9s6a5ce6vmc8a09v75a,https://lifehacker.com/13-of-the-cheapest-hobbies-you-can-teach-yourself-1849888411,2022-12-29T05:06:40.327000+00:00,rss
Hiding in Plain Sight,Hacker News,Lapham’s Quarterly,https://read.readwise.io/read/01gne4d9rzt7bsnh1we4gd0ywd,https://www.laphamsquarterly.org/democracy/hiding-plain-sight,2022-12-29T05:06:34.319000+00:00,rss
Chainsaw Man's Latest Ending Song Has a Bloody Great Music Video,James Whitbrook,Gizmodo,https://read.readwise.io/read/01gne4d9rt9dh4xv2c6bra0tp0,https://gizmodo.com/eve-fight-song-chainsaw-man-episode-12-ed-music-video-1849934612,2022-12-29T05:06:16.315000+00:00,rss
10 of the Biggest Scams of 2022,Daniel Oropeza,Lifehacker,https://read.readwise.io/read/01gne4d9rjg8vhnyrq22rwxvac,https://lifehacker.com/10-of-the-biggest-scams-of-2022-1849916555,2022-12-29T05:06:43.307000+00:00,rss
"GPT3/DALL-E2 in Discord, chat like ChatGPT, generate images, and more",Hacker News,GitHub,https://read.readwise.io/read/01gne4d9re0hfkc1r6tpxza4s7,https://github.com/Kav-K/GPT3Discord,2022-12-29T05:06:37.302000+00:00,rss
Renewable Fuel Giant May Be Misleading Public About Its Eco-Credentials,Molly Taft,Gizmodo,https://read.readwise.io/read/01gne4d9ratzce79rs63qswbzg,https://gizmodo.com/renewable-fuel-enviva-lying-about-trees-whistleblower-1849934844,2022-12-29T05:06:19.299000+00:00,rss
Try These Positions If Sex Is Painful for You,Brianne Hogan,Lifehacker,https://read.readwise.io/read/01gne4d9qzvza4911mzk5bpzb4,https://lifehacker.com/try-these-positions-if-sex-is-painful-for-you-1849891072,2022-12-29T05:06:46.287000+00:00,rss
Crypto Wash Trading,Hacker News,NBER,https://read.readwise.io/read/01gne4d9qwgpq05tex3v99ep06,https://www.nber.org/papers/w30783,2022-12-29T05:06:40.284000+00:00,rss
"Nearly 270,000 People Vulnerable After Hackers Target Louisiana Hospital",Kevin Hurler,Gizmodo,https://read.readwise.io/read/01gne4d9qvr8r85fea2r95n5de,https://gizmodo.com/270-000-vulnerable-data-hackers-lake-charles-hospital-1849934059,2022-12-29T05:06:22.283000+00:00,rss
U.S. In for More Severe Weather as ‘Atmospheric River’ Arrives,Lauren Leffer,Gizmodo,https://read.readwise.io/read/01gne4d9qbb09h571ecd7s0pb9,https://gizmodo.com/more-severe-weather-in-u-s-atmospheric-river-arrives-1849934166,2022-12-29T05:06:25.268000+00:00,rss
Crypto is the first question on IRS Form 1040 in 2022 [pdf],Hacker News,IRS Digital Daily,https://read.readwise.io/read/01gne4d9qacrx4kecpf2v2d93f,https://www.irs.gov/pub/irs-pdf/f1040.pdf,2022-12-29T05:06:43.266000+00:00,rss
15 Awesome Indie Games You Should Play on Your New Switch,Joel Cunningham,Lifehacker,https://read.readwise.io/read/01gne4d9qa8xpbhr8440fdgr87,https://lifehacker.com/15-awesome-indie-games-you-should-play-on-your-new-swit-1849926120,2022-12-29T05:06:49.267000+00:00,rss
Willow Finally Tackled the Mystery of Madmartigan,Germain Lussier,Gizmodo,https://read.readwise.io/read/01gne4d9pvgmbv2eh1kp6b6ty3,https://gizmodo.com/willow-episode-6-recap-prisoners-of-skellin-madmartigan-1849934211,2022-12-29T05:06:28.252000+00:00,rss
"AI: Markets for Lemons, and the Great Logging Off",Hacker News,Fortress of Doors,https://read.readwise.io/read/01gne4d9psxb1112jf8mzh6y9p,https://www.fortressofdoors.com/ai-markets-for-lemons-and-the-great-logging-off/,2022-12-29T05:06:46.249000+00:00,rss
DeSantis Adviser Used A 'Silence of the Lambs' Pseudonym to Send Immigrants to Martha's Vineyard,Kevin Hurler,Gizmodo,https://read.readwise.io/read/01gne4d9pc6yej9mpsv12qsv3x,https://gizmodo.com/desantis-adviser-silence-of-the-lambs-private-email-nam-1849934983,2022-12-29T05:06:31.236000+00:00,rss
Time to redefine normal body temperature?,Hacker News,Harvard Health,https://read.readwise.io/read/01gne4d9p6bdfqdy76t0nz08dw,https://www.health.harvard.edu/blog/time-to-redefine-normal-body-temperature-2020031319173,2022-12-29T05:06:49.230000+00:00,rss
Disney Will Celebrate the Legacy of Stan Lee With New Streaming Documentary,Sabina Graves,Gizmodo,https://read.readwise.io/read/01gne4d9nxmecnrc93fm8s480a,https://gizmodo.com/disney-plus-stan-lee-marvel-comics-documentary-teaser-1849934651,2022-12-29T05:06:34.221000+00:00,rss
The Power and Peril of the ICU,Krista Stevens,Longreads,https://read.readwise.io/read/01gne4d9njrbbmrzs1vv7zf5df,https://longreads.com/2022/12/28/the-power-and-peril-of-the-icu/,2022-12-29T05:06:49.210000+00:00,rss
Southwest Workers Say They Suffered Frostbite During 16-Hour Shifts,Kyle Barr,Gizmodo,https://read.readwise.io/read/01gne4d9ndpvhyn97zxdqejreq,https://gizmodo.com/southwest-workers-frostbite-flights-cancelled-delayed-1849935287,2022-12-29T05:06:37.205000+00:00,rss
Avatar: The Way of Water Is Now in the Billion-Dollar Club,Sabina Graves,Gizmodo,https://read.readwise.io/read/01gne4d9mr6pfrxcthggb0swey,https://gizmodo.com/avatar-the-way-of-water-makes-one-billion-at-box-office-1849935515,2022-12-29T05:06:40.184000+00:00,rss
Elon Musk Says @ElGrecoSF Has Tiny Testicles,Lauren Leffer,Gizmodo,https://read.readwise.io/read/01gne4d9m8rhs33s0fj4rk7h14,https://gizmodo.com/elon-musk-says-twitter-user-has-tiny-testicles-tesla-1849935305,2022-12-29T05:06:43.169000+00:00,rss
Not in a million years: It can take far less to crack a LastPass password,Jeffrey Goldberg,1Password Blog,https://read.readwise.io/read/01gne4d9m0546f30xmstjcejfh,https://blog.1password.com/not-in-a-million-years/,2022-12-29T05:06:49.161000+00:00,rss
2022 Was Star Trek's Year,James Whitbrook,Gizmodo,https://read.readwise.io/read/01gne4d9krxnxv8jzn8rb2rqrw,https://gizmodo.com/2022-year-in-review-star-trek-paramount-picard-1849935695,2022-12-29T05:06:46.153000+00:00,rss
Christian Slater's Willow Character Is From an Imaginary Sequel We Never Saw,Germain Lussier,Gizmodo,https://read.readwise.io/read/01gne4d9k4j7q7xd2qtg8xg5z4,https://gizmodo.com/christian-slater-willow-disney-plus-lucasfilm-madmartig-1849935103,2022-12-29T05:06:49.133000+00:00,rss
Comcast debacles dominate Ars Technica’s biggest ISP horror stories of 2022,Jon Brodkin,Ars Technica,https://read.readwise.io/read/01gnd081qxr5kqvdp1mh0g4vt6,https://arstechnica.com/?p=1905715,2022-12-28T18:34:27.518000+00:00,rss
Top US launch companies of 2022—The Ars Technica power ranking,Eric Berger,Ars Technica,https://read.readwise.io/read/01gnd081q8g59b8jh8hdskvr3s,https://arstechnica.com/?p=1905568,2022-12-28T18:34:30.497000+00:00,rss
Here are the 10 most popular auto stories of the year,Jonathan M. Gitlin,Ars Technica,https://read.readwise.io/read/01gnd081pjxka85804pcz1700c,https://arstechnica.com/?p=1906754,2022-12-28T18:34:33.475000+00:00,rss
NatureMetrics launches biodiversity platform based on environmental DNA,Doug Johnson,Ars Technica,https://read.readwise.io/read/01gnd081nw39dqc3jf9rqvd4p8,https://arstechnica.com/?p=1905363,2022-12-28T18:34:36.453000+00:00,rss
Twitter rival Mastodon rejects funding to preserve nonprofit status,Financial Times,Ars Technica,https://read.readwise.io/read/01gnd081n9r943276c1btj52sb,https://arstechnica.com/?p=1906861,2022-12-28T18:34:39.433000+00:00,rss
Amazon begins drone deliveries in California and Texas,Eric Bangeman,Ars Technica,https://read.readwise.io/read/01gnd081mngp2ewjwfkr27nwqt,https://arstechnica.com/?p=1906867,2022-12-28T18:34:42.414000+00:00,rss
Is that shrunken head really human? Combining imaging methods yields clues,Jennifer Ouellette,Ars Technica,https://read.readwise.io/read/01gnd081kz019z27fejpkb5eza,https://arstechnica.com/?p=1870586,2022-12-28T18:34:45.392000+00:00,rss
iOS 16 exploit lets you set the system font to Comic Sans (and other things),Andrew Cunningham,Ars Technica,https://read.readwise.io/read/01gnd081h91r3c2s1x3vrns6zf,https://arstechnica.com/?p=1906876,2022-12-28T18:34:48.305000+00:00,rss
22 products and features we launched in 2022,Molly McHugh-Johnson,Google,https://read.readwise.io/read/01gnd081fn4cx818rg3pqqk3nq,https://blog.google/products/devices-services/22-product-launches-2022/,2022-12-28T18:34:48.253000+00:00,rss
A Complete Guide to Manifesting Love Into Your Life,Brianne Hogan,Lifehacker,https://read.readwise.io/read/01gnd081f6r6vhwbnrf0vwzt73,https://lifehacker.com/a-complete-guide-to-manifesting-love-into-your-life-1849700646,2022-12-28T18:34:48.239000+00:00,rss
The top 1% was the only group to see real wage gains from 2020 to 2021,Hacker News,"Morningstar, Inc.",https://read.readwise.io/read/01gnd081f11a5jn5qtzhe5vcf2,https://www.morningstar.com/news/marketwatch/20221225223/the-top-1-was-the-only-group-to-see-real-wage-gains-from-2020-to-2021,2022-12-28T18:34:42.233000+00:00,rss
You might as well timestamp it (2021),Hacker News,Changelog,https://read.readwise.io/read/01gnd081efz3y57h87espnncjq,https://changelog.com/posts/you-might-as-well-timestamp-it,2022-12-28T18:34:45.216000+00:00,rss
"More developers use Linux than Mac, according to 2022 StackOverflow survey",Hacker News,OMG! Linux,https://read.readwise.io/read/01gnd081dypw3ks9j7q4z6mecs,https://www.omglinux.com/devs-prefer-linux-to-mac-stackoverflow-survey/,2022-12-28T18:34:48.198000+00:00,rss
Ask HN: Tricks to enjoy your job more?,Hacker News,ycombinator.com,https://read.readwise.io/read/01gncz944ktpx8rk9qyve0z2d3,https://news.ycombinator.com/item?id=34157056,2022-12-28T18:15:46.164000+00:00,rss
Emergency dispatch centers fielding dozens of automated 911 calls from iPhones,Hacker News,The Colorado Sun,https://read.readwise.io/read/01gncz9441ve2nmy75k5h3dgba,https://coloradosun.com/2022/12/26/skier-iphone-crash-detection-calls/,2022-12-28T18:15:49.145000+00:00,rss
GitHub - justjake/Gauss: Stable Diffusion macOS native app,https://github.com/justjake/,GitHub,https://read.readwise.io/read/01gncz943f3zswnszh2ghwhr0z,https://github.com/justjake/Gauss,2022-12-28T18:15:52.128000+00:00,rss
"At @Visa , we want to serve as a trusted...",Catherine Gu,Twitter,https://read.readwise.io/read/01gncz942xm8822e9rmq43thef,https://twitter.com/catgu_/status/1604896035616264205,2022-12-28T18:15:55.109000+00:00,rss
"Supernormal Stimuli: How the Internet, Junk Food, and Porn Hijacked Our Brains",Hacker News,Sparring Mind,https://read.readwise.io/read/01gncz942achmkc65d67h5z4zf,https://www.sparringmind.com/supernormal-stimuli/,2022-12-28T18:15:58.091000+00:00,rss
Ask HN: I’m Lost. Help?,Hacker News,ycombinator.com,https://read.readwise.io/read/01gncz941ns876phc5jv3k386n,https://news.ycombinator.com/item?id=34157805,2022-12-28T18:16:01.070000+00:00,rss
Tesla’s 2022 Collapse Hits 69% After Deepest Selloff Since April,Hacker News,Yahoo! News,https://read.readwise.io/read/01gncz9413atmkthd5bxjhvcjc,https://finance.yahoo.com/news/tesla-deepening-rout-obliterates-half-143652547.html,2022-12-28T18:16:04.051000+00:00,rss
What Is a Wildcard Person?,Hacker News,wildcardpeople.com,https://read.readwise.io/read/01gncz940hzd4kg140q6h9gga8,https://wildcardpeople.com/what-is-a-wildcard-person,2022-12-28T18:16:07.034000+00:00,rss
Rogue geoengineering startup attempts to affect atmosphere despite warnings,Hacker News, The Jerusalem Post | JPost.com ,https://read.readwise.io/read/01gncz93zz9hr1rr3sba2a9g9p,https://www.jpost.com/environment-and-climate-change/article-725984,2022-12-28T18:16:10.016000+00:00,rss
"Exclusive: Tesla to run reduced output in Shanghai in January, plan shows",Reuters,Reuters,https://read.readwise.io/read/01gncz93zewp6rmp05a0nx8896,https://www.reuters.com/business/autos-transportation/tesla-run-reduced-output-shanghai-january-plan-shows-2022-12-27/,2022-12-28T18:16:12.998000+00:00,rss
Apple Lightning,Hacker News,nyansatan.github.io,https://read.readwise.io/read/01gncz93yp2xz5anec5zeshth6,https://nyansatan.github.io/lightning/,2022-12-28T18:16:15.975000+00:00,rss
Taking Sex Differences in Personality Seriously (2019),Hacker News,Scientific American Blog Network,https://read.readwise.io/read/01gncz93y43hbejkzfwjf4n6ek,https://blogs.scientificamerican.com/beautiful-minds/taking-sex-differences-in-personality-seriously/,2022-12-28T18:16:18.956000+00:00,rss
Antitrust 101: Tacit Collusion,Hacker News,Winston & Strawn,https://read.readwise.io/read/01gncz93xh4wdtv4xgevtva3jh,https://www.winston.com/en/competition-corner/antitrust-101-tacit-collusion.html,2022-12-28T18:16:21.938000+00:00,rss
"Schooling substantially improves intelligence, but neither lessens nor widens the impacts of socioeconomics and genetics",Bruno Sauce &,Nature,https://read.readwise.io/read/01gncz93wzp2hfjtcgpr7r4pv6,https://www.nature.com/articles/s41539-022-00148-5,2022-12-28T18:16:24.919000+00:00,rss
Amber Ale: Brewing Beer From 45-Million-Year-Old Yeast,Erin Biba,WIRED,https://read.readwise.io/read/01gncz93wcqpwsx8b2wfravz4w,https://www.wired.com/2009/07/ff-primordial-yeast/,2022-12-28T18:16:27.900000+00:00,rss
Why hundreds of thousands of kids in the US dread their 21st birthdays,Hacker News,CNN,https://read.readwise.io/read/01gncz93vtzjbf0jmp1pcyzcfk,https://www.cnn.com/2021/11/27/us/documented-dreamers/index.html,2022-12-28T18:16:30.883000+00:00,rss
GNU nano is my editor of choice (2021),Hacker News,ariadne.space,https://read.readwise.io/read/01gncz93v8jv8rjs8yeksngew9,https://ariadne.space/2021/08/13/gnu-nano-is-my-editor-of-choice/,2022-12-28T18:16:33.864000+00:00,rss
"GitHub - biox/pa: a simple password manager. encryption via age, written in portable posix shell",https://github.com/biox/,GitHub,https://read.readwise.io/read/01gncz93tpzameagpqxgmxgany,https://github.com/biox/pa,2022-12-28T18:16:36.846000+00:00,rss
SQL and M4 = Composable SQL,Hacker News,emiruz.com,https://read.readwise.io/read/01gncz93t32b3fhe2jpr1d2des,https://emiruz.com/post/2022-12-28-composable-sql/,2022-12-28T18:16:39.828000+00:00,rss
Full 6 DOFs Space Mouse,Hacker News,Hackaday,https://read.readwise.io/read/01gncz93sj5cfxm9bkdkh2q6m3,https://hackaday.com/2022/12/28/mouse-enjoys-its-freedom/,2022-12-28T18:16:42.810000+00:00,rss
A Guided Introduction to the Free Pascal Language,Hacker News,getlazarus.org,https://read.readwise.io/read/01gncz93s0j91wq7g9wfw8y9ma,https://www.getlazarus.org/guides/intro/,2022-12-28T18:16:45.792000+00:00,rss
GitHub - anystack-sh/porter: Spin up your development background processes with ease 🪄,https://github.com/anystack-sh/,GitHub,https://read.readwise.io/read/01gncz93rek9jcz3fsfgfe4syw,https://github.com/anystack-sh/porter,2022-12-28T18:16:48.774000+00:00,rss
Ask HN: Help recall AI-powered personal assitant showcased recently on HN,Hacker News,ycombinator.com,https://read.readwise.io/read/01gncz93qrzz7ydkmn4zzww46s,https://news.ycombinator.com/item?id=34160267,2022-12-28T18:16:51.752000+00:00,rss
Abenics: Active Ball Joint Mechanism with Three-DoF Based on Spherical Gear Mesh,Hacker News,ieee.org,https://read.readwise.io/read/01gncz93q652t22vy0t4f1gj3r,https://ieeexplore.ieee.org/document/9415699,2022-12-28T18:16:54.734000+00:00,rss
Project Ritos,Hacker News,,https://read.readwise.io/read/01gncz93pkt4tnkmj84hw8e5ek,https://www.mewho.com/ritos/,2022-12-28T18:16:57.716000+00:00,rss
Something is happening to Norway (2019),Hacker News,NRK,https://read.readwise.io/read/01gncz93p17n76swwn4xqa0928,https://www.nrk.no/chasing-climate-change-1.14859595,2022-12-28T18:17:00.697000+00:00,rss
"Twitter sells blue checks, Tumblr allows nudes: 2022’s biggest Big-Tech U-turns",Ashley Belanger,Ars Technica,https://read.readwise.io/read/01gncz93njbby287afjexq3a90,https://arstechnica.com/?p=1905628,2022-12-28T18:17:24.682000+00:00,rss
Little Free Library,Hacker News,Little Free Library,https://read.readwise.io/read/01gncz93nga1nzmecprcnhn62f,https://littlefreelibrary.org/,2022-12-28T18:17:03.680000+00:00,rss
Ask HN: Books you read in 2022 and recommend for 2023,Hacker News,ycombinator.com,https://read.readwise.io/read/01gncz93mvv8dsfx8705rnzaqg,https://news.ycombinator.com/item?id=34160611,2022-12-28T18:17:06.660000+00:00,rss
"2022 in GPUs: The shortage ends, but higher prices seem here to stay",Andrew Cunningham,Ars Technica,https://read.readwise.io/read/01gncz93mpp2gdr6xwdw9w6p1p,https://arstechnica.com/?p=1906246,2022-12-28T18:17:27.655000+00:00,rss
US companies are producing heat pumps that work below -20F(-28C),Hacker News,Electrek,https://read.readwise.io/read/01gncz93m6cjhx88493jxzczjp,https://electrek.co/2022/12/26/us-companies-are-producing-heat-pumps-that-work-below-20f/,2022-12-28T18:17:09.639000+00:00,rss
Is it time for GDPR 2.0?,Ars Contributors,Ars Technica,https://read.readwise.io/read/01gncz93kwyskm5jttt3ak207v,https://arstechnica.com/?p=1906341,2022-12-28T18:17:30.629000+00:00,rss
Bra Size Calculator,Hacker News,calculator.net,https://read.readwise.io/read/01gncz93km839z97v9ve1qw4ms,https://www.calculator.net/bra-size-calculator.html,2022-12-28T18:17:12.620000+00:00,rss
Show HN: Listen To The Ocean – JavaScript game w. AI-generated sprites,Hacker News,neontomo.com,https://read.readwise.io/read/01gncz93k2kzn9yy00vgdjhfkm,https://neontomo.com/play/ocean/,2022-12-28T18:17:15.603000+00:00,rss
What are mud volcanoes?,The Conversation,Ars Technica,https://read.readwise.io/read/01gncz93k2kq79q0s4zzmhq3m6,https://arstechnica.com/?p=1906755,2022-12-28T18:17:33.602000+00:00,rss
Facebook addiction increases depression severity among already depressed people,Hacker News,PsyPost,https://read.readwise.io/read/01gncz93jhxrrynvck2kvzghv8,https://www.psypost.org/2022/12/facebook-addiction-increases-depression-severity-among-people-who-are-already-depressed-64586,2022-12-28T18:17:18.585000+00:00,rss
"Old dog, new trick: Microsoft tests a tabbed UI for Notepad.exe in Windows 11",Andrew Cunningham,Ars Technica,https://read.readwise.io/read/01gncz93j9dy3ypm06dmvbhemn,https://arstechnica.com/?p=1906751,2022-12-28T18:17:36.578000+00:00,rss
How the Steam Deck breathes life into underrated old games,Hacker News,TechRadar,https://read.readwise.io/read/01gncz93j0eyxbczg47kb6n9bg,https://www.techradar.com/features/how-the-steam-deck-breathes-life-into-underrated-old-games,2022-12-28T18:17:21.568000+00:00,rss
Military device with biometric database of 2K people sold on eBay for $68,Ashley Belanger,Ars Technica,https://read.readwise.io/read/01gncz93hfydrzfx96b6pyvn23,https://arstechnica.com/?p=1906775,2022-12-28T18:17:39.551000+00:00,rss
1491: It’s likely that everything you know about American prehistory is wrong,Hacker News,Kirkus Reviews,https://read.readwise.io/read/01gncz93h8fxk88xhgefhdw4ph,https://www.kirkusreviews.com/book-reviews/charles-c-mann/1491/,2022-12-28T18:17:24.544000+00:00,rss
"Leaker posts an early, canceled 2D version of the infamous Duke Nukem Forever",Andrew Cunningham,Ars Technica,https://read.readwise.io/read/01gncz93gnvmqhqgwpcdn10jt7,https://arstechnica.com/?p=1906776,2022-12-28T18:17:42.525000+00:00,rss
15 of the Cheesiest Ideas We Had in 2022,Claire Lower,Lifehacker,https://read.readwise.io/read/01gncz93gg97fwjxdzq844hsk1,https://lifehacker.com/15-of-the-cheesiest-ideas-we-had-in-2022-1849912592,2022-12-28T18:17:27.521000+00:00,rss
"Police, prosecutors used junk science to decide 911 callers were liars",Hacker News,ProPublica,https://read.readwise.io/read/01gncz93ge00r96hhgn7nz3tvn,https://www.propublica.org/article/911-call-analysis-fbi-police-courts,2022-12-28T18:17:27.519000+00:00,rss
This Is How ‘Hard’ Your Typical Workout Should Be,Beth Skwarecki,Lifehacker,https://read.readwise.io/read/01gncz93fwmww1scm9w0dp5yay,https://lifehacker.com/this-is-how-hard-your-typical-workout-should-be-1849759561,2022-12-28T18:17:30.500000+00:00,rss
"Musk contradicts Twitter safety chief, disavows statement as “fake news”",Ashley Belanger,Ars Technica,https://read.readwise.io/read/01gncz93ft7ayx8f4m9yq3q4ev,https://arstechnica.com/?p=1906814,2022-12-28T18:17:45.499000+00:00,rss
macOS virtualisation refactored and sandboxed in Viable updates,Hacker News,The Eclectic Light Company,https://read.readwise.io/read/01gncz93ft4adrwkzmqh0fshdg,https://eclecticlight.co/2022/12/28/macos-virtualisation-refactored-and-sandboxed-in-viable-updates/,2022-12-28T18:17:30.499000+00:00,rss
The Best Gadgets of 2022,"Michelle Ehrhardt, Florence Ion,  and Andrew Liszewski",Gizmodo,https://read.readwise.io/read/01gncz93ft0mfpv64ktnz60jkx,https://gizmodo.com/2022-best-laptops-tablets-phone-drones-gaming-steam-dec-1849931797,2022-12-28T18:17:09.498000+00:00,rss
How to Chop Like a Chef,Meghan Moravcik Walbert,Lifehacker,https://read.readwise.io/read/01gncz93f9dvpdwmzyfxbg8060,https://lifehacker.com/how-to-chop-like-a-chef-1849763199,2022-12-28T18:17:33.481000+00:00,rss
The Most Disappointing Gadgets of 2022,"Michelle Ehrhardt, Florence Ion,  and Andrew Liszewski",Gizmodo,https://read.readwise.io/read/01gncz93f855cz0nqfzm24ahy0,https://gizmodo.com/disappointing-nothing-phone-stadia-logitech-g-cloud-xps-1849932333,2022-12-28T18:17:12.481000+00:00,rss
26 Programming Languages in 25 Days,Hacker News,might.net,https://read.readwise.io/read/01gncz93f7ed49pnxw0p78y46y,https://matt.might.net/articles/26-languages-part1/,2022-12-28T18:17:33.479000+00:00,rss
No more TikTok on House of Representatives’ smartphones,Eric Bangeman,Ars Technica,https://read.readwise.io/read/01gncz93f1tthr219f1aw614a5,https://arstechnica.com/?p=1906817,2022-12-28T18:17:48.473000+00:00,rss
14 of Lifehacker’s Best Bakes of 2022,Allie Chanthorn Reinmann,Lifehacker,https://read.readwise.io/read/01gncz93eqc6ept1dpe6myx9md,https://lifehacker.com/14-of-lifehacker-s-best-bakes-of-2022-1849922859,2022-12-28T18:17:36.463000+00:00,rss
Charlie Cox Says to Expect More Legal Drama in Daredevil: Born Again,James Whitbrook and Gordon Jackson,Gizmodo,https://read.readwise.io/read/01gncz93eph1hkfwmz9fxbfrz8,https://gizmodo.com/daredevil-born-again-charlie-cox-court-scenes-1849930517,2022-12-28T18:17:15.463000+00:00,rss
WSJ News Exclusive | Laid Off Tech Workers Quickly Find New Jobs,Sarah Chaney Cambon,WSJ,https://read.readwise.io/read/01gncz93emq4mvj1yn1rcjj38j,https://www.wsj.com/articles/laid-off-tech-workers-quickly-find-new-jobs-11672097730,2022-12-28T18:17:36.461000+00:00,rss
New GeForce RTX 3050 variant offers the same performance but lower power use,Andrew Cunningham,Ars Technica,https://read.readwise.io/read/01gncz93e7r1f8mh5fmske9151,https://arstechnica.com/?p=1906816,2022-12-28T18:17:51.448000+00:00,rss
Seven Ways to Declutter Your Mac Before the New Year,Pranay Parab,Lifehacker,https://read.readwise.io/read/01gncz93e5jwkvnk3jx0qptwfz,https://lifehacker.com/seven-ways-to-declutter-your-mac-before-the-new-year-1849926459,2022-12-28T18:17:39.445000+00:00,rss
New Law Offers a Fix for the Prison Phone Racket,Kyle Barr,Gizmodo,https://read.readwise.io/read/01gncz93e34vs1gx8n6cxq1qyq,https://gizmodo.com/martha-wright-reed-prison-phone-bill-passes-congress-1849933767,2022-12-28T18:17:18.444000+00:00,rss
8 Hard truths I learned when I got laid off from my SWE job,Hacker News,Steven Buccini,https://read.readwise.io/read/01gncz93e275bqbd1k6z9m1n92,https://www.stevenbuccini.com/8-hard-truths-on-getting-laid-off,2022-12-28T18:17:39.442000+00:00,rss
15 of Lifehacker's Best Weight Lifting Tips of 2022,Beth Skwarecki,Lifehacker,https://read.readwise.io/read/01gncz93dkpxjbmnjz0ppgwmyr,https://lifehacker.com/15-of-lifehackers-best-weight-lifting-tips-of-2022-1849925049,2022-12-28T18:17:42.427000+00:00,rss
TikTok Banned From Official Devices of the House of Representatives,Jody Serrano,Gizmodo,https://read.readwise.io/read/01gncz93dhts0ecf64qa89yc65,https://gizmodo.com/tiktok-banned-official-devices-house-congress-staff-1849933822,2022-12-28T18:17:21.425000+00:00,rss
Some day soon we might be making popcorn with infrared poppers,Jennifer Ouellette,Ars Technica,https://read.readwise.io/read/01gncz93d9v25n519yqs2zs7f2,https://arstechnica.com/?p=1885812,2022-12-28T18:17:54.417000+00:00,rss
SQLite's Automatic Indexes,Hacker News,misfra.me,https://read.readwise.io/read/01gncz93d1q5gfeneqsavhca53,https://misfra.me/2022/sqlite-automatic-indexes/,2022-12-28T18:17:42.409000+00:00,rss
Here's How to Actually Get Closure From an Ex,Brianne Hogan,Lifehacker,https://read.readwise.io/read/01gncz93d1jjk78h8dbr2wejdc,https://lifehacker.com/heres-how-to-actually-get-closure-from-an-ex-1849811120,2022-12-28T18:17:45.409000+00:00,rss
"Not Wow, Much Sad: The Doge Dog Is Probably Dying",Lauren Leffer,Gizmodo,https://read.readwise.io/read/01gncz93czgkxn9rc08mf9ccps,https://gizmodo.com/shiba-inu-meme-doge-dying-cancer-kabosu-1849933565,2022-12-28T18:17:24.408000+00:00,rss
Crypto Exchange Gemini and Winklevoss Twins Sued by Investors,Kevin Hurler,Gizmodo,https://read.readwise.io/read/01gncz93cdwhyxa32qhwwc8wp4,https://gizmodo.com/crypto-gemini-winklevoss-sued-investors-earn-ftx-1849933794,2022-12-28T18:17:27.389000+00:00,rss
22 of Our Best Parenting Hacks of 2022,Meghan Moravcik Walbert,Lifehacker,https://read.readwise.io/read/01gncz93cdjfxcww2jtqetwhvn,https://lifehacker.com/22-of-our-best-parenting-hacks-of-2022-1849892795,2022-12-28T18:17:48.390000+00:00,rss
Ask HN: Risk of unsafe software in automobiles?,Hacker News,ycombinator.com,https://read.readwise.io/read/01gncz93cbqnb5rscpfqr5qak1,https://news.ycombinator.com/item?id=34162118,2022-12-28T18:17:45.387000+00:00,rss
Allow Me to Troublechoux’t Your Cream Puff Problems,Allie Chanthorn Reinmann,Lifehacker,https://read.readwise.io/read/01gncz93btkxca6wp833j4bed6,https://lifehacker.com/allow-me-to-troublechoux-t-your-cream-puff-problems-1849706299,2022-12-28T18:17:51.370000+00:00,rss
The Coolest Space Images of 2022,Isaac Schultz,Gizmodo,https://read.readwise.io/read/01gncz93bsn49mpb14yjgaavhm,https://gizmodo.com/best-space-images-2022-astronomy-webb-telescope-1849917747,2022-12-28T18:17:30.370000+00:00,rss
Actually using Ed,Hacker News,sanctum.geek.nz,https://read.readwise.io/read/01gncz93bqbfqbr9pt6hsaq3a3,https://blog.sanctum.geek.nz/actually-using-ed/,2022-12-28T18:17:48.368000+00:00,rss
Lifehacker’s 12 Favorite Party Foods of 2022,Allie Chanthorn Reinmann,Lifehacker,https://read.readwise.io/read/01gncz93b55c0k2qd2pkta1hwn,https://lifehacker.com/lifehacker-s-12-favorite-party-foods-of-2022-1849924556,2022-12-28T18:17:54.349000+00:00,rss
'Outdated' Scheduling Software Could Be to Blame for Holiday Travel Nightmare at Southwest Airlines,Mack DeGeurin,Gizmodo,https://read.readwise.io/read/01gncz93b0k6w36ckk1k7e4xj3,https://gizmodo.com/outdated-software-southwest-airlines-cancelations-1849933946,2022-12-28T18:17:33.344000+00:00,rss
Directory Opus – King of the Dual Panes,Hacker News,datagubbe.se,https://read.readwise.io/read/01gncz93b06tpgdmwx37gw6jmx,https://www.datagubbe.se/dopus/,2022-12-28T18:17:51.345000+00:00,rss
Beat a Path to the Word in 2023,John Piper,Desiring God,https://read.readwise.io/read/01gncz93adxfk9ffs6zeqqj3gm,http://rss.desiringgod.org/link/10732/15870492/beat-a-path-to-the-word-in-2023,2022-12-28T18:17:54.325000+00:00,rss
The Biggest Energy Surprises of 2022,Molly Taft,Gizmodo,https://read.readwise.io/read/01gncz93a8wrkagwaq1pzgcst2,https://gizmodo.com/biggest-energy-news-2022-climate-change-oil-renewables-1849930816,2022-12-28T18:17:36.321000+00:00,rss
Ask HN: Whats a Build vs. Buy decision that you got wrong?,Hacker News,ycombinator.com,https://read.readwise.io/read/01gncz939yre3a0kbyh3wegcqe,https://news.ycombinator.com/item?id=34163624,2022-12-28T18:17:54.310000+00:00,rss
Fate of Russia’s Damaged Soyuz Spacecraft to Be Decided in January,George Dvorsky,Gizmodo,https://read.readwise.io/read/01gncz939rhppp03pw4y6fx6nm,https://gizmodo.com/russia-s-soyuz-spacecraft-to-be-decided-in-january-1849933913,2022-12-28T18:17:39.304000+00:00,rss
The Fight of My Life,Cheri Lucas Rowlands,Longreads,https://read.readwise.io/read/01gncz939fej81xc584961yk17,https://longreads.com/2022/12/28/the-fight-of-my-life/,2022-12-28T18:17:54.296000+00:00,rss
Kindred's Mallori Johnson On How Survival Sits at the Heart of Octavia Butler's Story,James Whitbrook and Linda Codega,Gizmodo,https://read.readwise.io/read/01gncz93975mdz9qe838wka76n,https://gizmodo.com/kindred-mallori-johnson-interview-octavia-butler-1849934303,2022-12-28T18:17:42.288000+00:00,rss
Kindred's Mallori Johnson On How Survival Sits at the Heart of Octavia Butler's Story,James Whitbrook and Linda Codega,Gizmodo,https://read.readwise.io/read/01gncz938nf2g84s4g7dxw8nsw,https://gizmodo.com/kindred-mallori-johnson-interview-fx-octavia-butler-1849934344,2022-12-28T18:17:45.270000+00:00,rss
An Effective Obesity Drug Has Now Been Approved for Teens,Ed Cara,Gizmodo,https://read.readwise.io/read/01gncz9385avxyh8wtqkgq7ek5,https://gizmodo.com/wegovy-weight-loss-drug-approved-for-teens-1849934189,2022-12-28T18:17:48.254000+00:00,rss
Everything's Going Wrong for Conservative Dating App the Right Stuff,Kyle Barr,Gizmodo,https://read.readwise.io/read/01gncz937n6jrg5qqm4f2rkh47,https://gizmodo.com/no-one-using-conservative-dating-app-the-right-stuff-1849934412,2022-12-28T18:17:51.238000+00:00,rss
James Cameron Sure Seems to Still Be Fetishizing Guns in Avatar: The Way of Water,Linda Codega,Gizmodo,https://read.readwise.io/read/01gncz9372k54m46r0wk35wq8j,https://gizmodo.com/avatar-the-way-of-water-james-cameron-gun-fetish-sully-1849934302,2022-12-28T18:17:54.218000+00:00,rss
[LYT Kit] Why link notes (1 of 6),Nick Milo,linkingyourthinking.com,https://read.readwise.io/read/01gncxmjc4dwjkqnka41624aea,mailto:reader-forwarded-email/94fb87209e022aef7527b9b7f8e0b5a7,2022-12-28T17:49:16.037000+00:00,email
[LYT Kit] Click here to start exploring the LYT Kit,Nick Milo,linkingyourthinking.com,https://read.readwise.io/read/01gncxjj911qkrx58h4k53h15n,mailto:reader-forwarded-email/6a463276bd21cab26f59c021451a5f94,2022-12-28T17:48:10.401000+00:00,email
Welcome to The Knowledge Worker 🎉,Josh Duffney,Substack,https://read.readwise.io/read/01gncwypq9j2eyw2nwrcf9fgpa,mailto:reader-forwarded-email/ee5de8c17bd8437f7a8ea30431c063f2,2022-12-28T17:37:19.593000+00:00,email
🙌 Thank you for signing up to Obsidian Roundup!,Obsidian Roundup,Obsidian Iceberg,https://read.readwise.io/read/01gncwgxgbnynj7hrs1x5wnm74,mailto:reader-forwarded-email/197d4275bee1f56345201663740112a6,2022-12-28T17:29:47.787000+00:00,email
"The benefits of ‘Dry January’ last longer than a month, studies show",Hacker News,Washington Post,https://read.readwise.io/read/01gnbcgknywa69af05mtv1z47n,https://www.washingtonpost.com/wellness/2022/12/27/dry-january-health-benefits/,2022-12-28T03:30:40.078000+00:00,rss
Stranger Things and the Amiga 1000,Hacker News,datagubbe.se,https://read.readwise.io/read/01gnbcgkneegpyxzadsja5cz8f,https://www.datagubbe.se/stranger/,2022-12-28T03:30:43.062000+00:00,rss
"The Mimicking of Known Successes Is a Cozy, Holmesian Sci-Fi Mystery",Linda Codega,Gizmodo,https://read.readwise.io/read/01gnbcgkfvqzf4avmtcxsc3azj,https://gizmodo.com/sci-fi-excerpt-mimicking-of-known-successes-malka-older-1849931454,2022-12-28T03:30:30.884000+00:00,rss
IRS Delays Venmo and PayPal Tax Increase by One Year,Lauren Leffer,Gizmodo,https://read.readwise.io/read/01gnbcgkfc35sb1fdxjw6djhks,https://gizmodo.com/irs-tax-increase-venmo-paypal-airbnb-1849932068,2022-12-28T03:30:33.868000+00:00,rss
"An Asteroid Is Passing Earth Today, so Scientists Are Shooting It With Radio Waves",Passant Rabie,Gizmodo,https://read.readwise.io/read/01gnbcgkev1xawsf0mfx8aebcp,https://gizmodo.com/haarp-asteroid-radio-waves-science-1849932048,2022-12-28T03:30:36.852000+00:00,rss
